Date,Country,Region,Business Unit,Account,Scenario,Amount EUR
2025-01-01,Austria,DACH,Industrial Solutions,Revenue,Actual,2149547.22
2025-01-01,Austria,DACH,Industrial Solutions,Material Costs,Actual,-854511.89
2025-01-01,Austria,DACH,Industrial Solutions,Production Costs,Actual,-277138.99
2025-01-01,Austria,DACH,Industrial Solutions,Personnel Costs,Actual,-334876.28
2025-01-01,Austria,DACH,Industrial Solutions,External Services,Actual,-115474.58
2025-01-01,Austria,DACH,Industrial Solutions,Travel Expenses,Actual,-25613.37
2025-01-01,Austria,DACH,Industrial Solutions,IT Expenses,Actual,-21394.81
2025-01-01,Austria,DACH,Industrial Solutions,Other Operating Expenses,Actual,-40219.42
2025-01-01,Austria,DACH,Industrial Solutions,Depreciation,Actual,-75234.15
2025-01-01,Austria,DACH,Industrial Solutions,Other Operating Income,Actual,8862.13
2025-01-01,Austria,DACH,Industrial Solutions,Revenue,Budget,2172874.83
2025-01-01,Austria,DACH,Industrial Solutions,Material Costs,Budget,-803963.69
2025-01-01,Austria,DACH,Industrial Solutions,Production Costs,Budget,-260744.98
2025-01-01,Austria,DACH,Industrial Solutions,Personnel Costs,Budget,-315066.85
2025-01-01,Austria,DACH,Industrial Solutions,External Services,Budget,-108643.74
2025-01-01,Austria,DACH,Industrial Solutions,Travel Expenses,Budget,-25707.26
2025-01-01,Austria,DACH,Industrial Solutions,IT Expenses,Budget,-21964.53
2025-01-01,Austria,DACH,Industrial Solutions,Other Operating Expenses,Budget,-38658.62
2025-01-01,Austria,DACH,Industrial Solutions,Depreciation,Budget,-76050.62
2025-01-01,Austria,DACH,Industrial Solutions,Other Operating Income,Budget,8529.58
2025-01-01,Austria,DACH,Industrial Solutions,Revenue,Forecast,2171236.93
2025-01-01,Austria,DACH,Industrial Solutions,Material Costs,Forecast,-805690.25
2025-01-01,Austria,DACH,Industrial Solutions,Production Costs,Forecast,-261304.95
2025-01-01,Austria,DACH,Industrial Solutions,Personnel Costs,Forecast,-315743.48
2025-01-01,Austria,DACH,Industrial Solutions,External Services,Forecast,-108877.06
2025-01-01,Austria,DACH,Industrial Solutions,Travel Expenses,Forecast,-24559.34
2025-01-01,Austria,DACH,Industrial Solutions,IT Expenses,Forecast,-20963.33
2025-01-01,Austria,DACH,Industrial Solutions,Other Operating Expenses,Forecast,-38532.88
2025-01-01,Austria,DACH,Industrial Solutions,Depreciation,Forecast,-75993.29
2025-01-01,Austria,DACH,Industrial Solutions,Other Operating Income,Forecast,8333.09
2025-01-01,Austria,DACH,Services,Revenue,Actual,1307095.86
2025-01-01,Austria,DACH,Services,Material Costs,Actual,-243898.1
2025-01-01,Austria,DACH,Services,Production Costs,Actual,-108399.16
2025-01-01,Austria,DACH,Services,Personnel Costs,Actual,-318422.52
2025-01-01,Austria,DACH,Services,External Services,Actual,-101624.21
2025-01-01,Austria,DACH,Services,Travel Expenses,Actual,-15578.91
2025-01-01,Austria,DACH,Services,IT Expenses,Actual,-13088.61
2025-01-01,Austria,DACH,Services,Other Operating Expenses,Actual,-22689.7
2025-01-01,Austria,DACH,Services,Depreciation,Actual,-26141.92
2025-01-01,Austria,DACH,Services,Other Operating Income,Actual,5114.53
2025-01-01,Austria,DACH,Services,Revenue,Budget,1355090.81
2025-01-01,Austria,DACH,Services,Material Costs,Budget,-243916.35
2025-01-01,Austria,DACH,Services,Production Costs,Budget,-108407.26
2025-01-01,Austria,DACH,Services,Personnel Costs,Budget,-318446.34
2025-01-01,Austria,DACH,Services,External Services,Budget,-101631.81
2025-01-01,Austria,DACH,Services,Travel Expenses,Budget,-16315.2
2025-01-01,Austria,DACH,Services,IT Expenses,Budget,-13238.97
2025-01-01,Austria,DACH,Services,Other Operating Expenses,Budget,-24620.73
2025-01-01,Austria,DACH,Services,Depreciation,Budget,-27101.82
2025-01-01,Austria,DACH,Services,Other Operating Income,Budget,5290.14
2025-01-01,Austria,DACH,Services,Revenue,Forecast,1313681.44
2025-01-01,Austria,DACH,Services,Material Costs,Forecast,-235634.96
2025-01-01,Austria,DACH,Services,Production Costs,Forecast,-104726.65
2025-01-01,Austria,DACH,Services,Personnel Costs,Forecast,-307634.53
2025-01-01,Austria,DACH,Services,External Services,Forecast,-98181.23
2025-01-01,Austria,DACH,Services,Travel Expenses,Forecast,-15479.61
2025-01-01,Austria,DACH,Services,IT Expenses,Forecast,-13623.48
2025-01-01,Austria,DACH,Services,Other Operating Expenses,Forecast,-23638.29
2025-01-01,Austria,DACH,Services,Depreciation,Forecast,-26273.63
2025-01-01,Austria,DACH,Services,Other Operating Income,Forecast,5032.41
2025-01-01,Austria,DACH,Equipment,Revenue,Actual,1636932.51
2025-01-01,Austria,DACH,Equipment,Material Costs,Actual,-669396.62
2025-01-01,Austria,DACH,Equipment,Production Costs,Actual,-233510.45
2025-01-01,Austria,DACH,Equipment,Personnel Costs,Actual,-186808.36
2025-01-01,Austria,DACH,Equipment,External Services,Actual,-62269.45
2025-01-01,Austria,DACH,Equipment,Travel Expenses,Actual,-18860.5
2025-01-01,Austria,DACH,Equipment,IT Expenses,Actual,-16433.77
2025-01-01,Austria,DACH,Equipment,Other Operating Expenses,Actual,-30008.75
2025-01-01,Austria,DACH,Equipment,Depreciation,Actual,-73661.96
2025-01-01,Austria,DACH,Equipment,Other Operating Income,Actual,6592.61
2025-01-01,Austria,DACH,Equipment,Revenue,Budget,1726878.62
2025-01-01,Austria,DACH,Equipment,Material Costs,Budget,-742557.81
2025-01-01,Austria,DACH,Equipment,Production Costs,Budget,-259031.79
2025-01-01,Austria,DACH,Equipment,Personnel Costs,Budget,-207225.43
2025-01-01,Austria,DACH,Equipment,External Services,Budget,-69075.14
2025-01-01,Austria,DACH,Equipment,Travel Expenses,Budget,-20650.65
2025-01-01,Austria,DACH,Equipment,IT Expenses,Budget,-17164.79
2025-01-01,Austria,DACH,Equipment,Other Operating Expenses,Budget,-29934.86
2025-01-01,Austria,DACH,Equipment,Depreciation,Budget,-77709.54
2025-01-01,Austria,DACH,Equipment,Other Operating Income,Budget,6708.62
2025-01-01,Austria,DACH,Equipment,Revenue,Forecast,1680211.06
2025-01-01,Austria,DACH,Equipment,Material Costs,Forecast,-718497.07
2025-01-01,Austria,DACH,Equipment,Production Costs,Forecast,-250638.51
2025-01-01,Austria,DACH,Equipment,Personnel Costs,Forecast,-200510.81
2025-01-01,Austria,DACH,Equipment,External Services,Forecast,-66836.94
2025-01-01,Austria,DACH,Equipment,Travel Expenses,Forecast,-20801.96
2025-01-01,Austria,DACH,Equipment,IT Expenses,Forecast,-16917.58
2025-01-01,Austria,DACH,Equipment,Other Operating Expenses,Forecast,-28910.77
2025-01-01,Austria,DACH,Equipment,Depreciation,Forecast,-75609.5
2025-01-01,Austria,DACH,Equipment,Other Operating Income,Forecast,6807.97
2025-01-01,Germany,DACH,Industrial Solutions,Revenue,Actual,2846913.34
2025-01-01,Germany,DACH,Industrial Solutions,Material Costs,Actual,-1080508.22
2025-01-01,Germany,DACH,Industrial Solutions,Production Costs,Actual,-350435.1
2025-01-01,Germany,DACH,Industrial Solutions,Personnel Costs,Actual,-423442.41
2025-01-01,Germany,DACH,Industrial Solutions,External Services,Actual,-146014.62
2025-01-01,Germany,DACH,Industrial Solutions,Travel Expenses,Actual,-35117.42
2025-01-01,Germany,DACH,Industrial Solutions,IT Expenses,Actual,-27991.3
2025-01-01,Germany,DACH,Industrial Solutions,Other Operating Expenses,Actual,-50848.3
2025-01-01,Germany,DACH,Industrial Solutions,Depreciation,Actual,-99641.97
2025-01-01,Germany,DACH,Industrial Solutions,Other Operating Income,Actual,11538.55
2025-01-01,Germany,DACH,Industrial Solutions,Revenue,Budget,2902525.2
2025-01-01,Germany,DACH,Industrial Solutions,Material Costs,Budget,-1073934.32
2025-01-01,Germany,DACH,Industrial Solutions,Production Costs,Budget,-348303.02
2025-01-01,Germany,DACH,Industrial Solutions,Personnel Costs,Budget,-420866.15
2025-01-01,Germany,DACH,Industrial Solutions,External Services,Budget,-145126.26
2025-01-01,Germany,DACH,Industrial Solutions,Travel Expenses,Budget,-35849.66
2025-01-01,Germany,DACH,Industrial Solutions,IT Expenses,Budget,-28747.09
2025-01-01,Germany,DACH,Industrial Solutions,Other Operating Expenses,Budget,-52002.96
2025-01-01,Germany,DACH,Industrial Solutions,Depreciation,Budget,-101588.38
2025-01-01,Germany,DACH,Industrial Solutions,Other Operating Income,Budget,11096.31
2025-01-01,Germany,DACH,Industrial Solutions,Revenue,Forecast,2885992.25
2025-01-01,Germany,DACH,Industrial Solutions,Material Costs,Forecast,-1052489.17
2025-01-01,Germany,DACH,Industrial Solutions,Production Costs,Forecast,-341347.84
2025-01-01,Germany,DACH,Industrial Solutions,Personnel Costs,Forecast,-412461.97
2025-01-01,Germany,DACH,Industrial Solutions,External Services,Forecast,-142228.27
2025-01-01,Germany,DACH,Industrial Solutions,Travel Expenses,Forecast,-35476.09
2025-01-01,Germany,DACH,Industrial Solutions,IT Expenses,Forecast,-29642.74
2025-01-01,Germany,DACH,Industrial Solutions,Other Operating Expenses,Forecast,-51854.34
2025-01-01,Germany,DACH,Industrial Solutions,Depreciation,Forecast,-101009.73
2025-01-01,Germany,DACH,Industrial Solutions,Other Operating Income,Forecast,12007.36
2025-01-01,Germany,DACH,Services,Revenue,Actual,1861510.15
2025-01-01,Germany,DACH,Services,Material Costs,Actual,-368832.98
2025-01-01,Germany,DACH,Services,Production Costs,Actual,-163925.77
2025-01-01,Germany,DACH,Services,Personnel Costs,Actual,-481531.95
2025-01-01,Germany,DACH,Services,External Services,Actual,-153680.41
2025-01-01,Germany,DACH,Services,Travel Expenses,Actual,-22314.11
2025-01-01,Germany,DACH,Services,IT Expenses,Actual,-19197.62
2025-01-01,Germany,DACH,Services,Other Operating Expenses,Actual,-31312.68
2025-01-01,Germany,DACH,Services,Depreciation,Actual,-37230.2
2025-01-01,Germany,DACH,Services,Other Operating Income,Actual,7690.84
2025-01-01,Germany,DACH,Services,Revenue,Budget,1830408.98
2025-01-01,Germany,DACH,Services,Material Costs,Budget,-329473.62
2025-01-01,Germany,DACH,Services,Production Costs,Budget,-146432.72
2025-01-01,Germany,DACH,Services,Personnel Costs,Budget,-430146.11
2025-01-01,Germany,DACH,Services,External Services,Budget,-137280.67
2025-01-01,Germany,DACH,Services,Travel Expenses,Budget,-22022.27
2025-01-01,Germany,DACH,Services,IT Expenses,Budget,-18194.63
2025-01-01,Germany,DACH,Services,Other Operating Expenses,Budget,-33022.94
2025-01-01,Germany,DACH,Services,Depreciation,Budget,-36608.18
2025-01-01,Germany,DACH,Services,Other Operating Income,Budget,6739.55
2025-01-01,Germany,DACH,Services,Revenue,Forecast,1852856.09
2025-01-01,Germany,DACH,Services,Material Costs,Forecast,-332634.93
2025-01-01,Germany,DACH,Services,Production Costs,Forecast,-147837.75
2025-01-01,Germany,DACH,Services,Personnel Costs,Forecast,-434273.38
2025-01-01,Germany,DACH,Services,External Services,Forecast,-138597.89
2025-01-01,Germany,DACH,Services,Travel Expenses,Forecast,-22472.48
2025-01-01,Germany,DACH,Services,IT Expenses,Forecast,-19076.23
2025-01-01,Germany,DACH,Services,Other Operating Expenses,Forecast,-32919.28
2025-01-01,Germany,DACH,Services,Depreciation,Forecast,-37057.12
2025-01-01,Germany,DACH,Services,Other Operating Income,Forecast,7171.74
2025-01-01,Germany,DACH,Equipment,Revenue,Actual,2382462.2
2025-01-01,Germany,DACH,Equipment,Material Costs,Actual,-1010890.81
2025-01-01,Germany,DACH,Equipment,Production Costs,Actual,-352636.33
2025-01-01,Germany,DACH,Equipment,Personnel Costs,Actual,-282109.06
2025-01-01,Germany,DACH,Equipment,External Services,Actual,-94036.35
2025-01-01,Germany,DACH,Equipment,Travel Expenses,Actual,-29029.77
2025-01-01,Germany,DACH,Equipment,IT Expenses,Actual,-23870.88
2025-01-01,Germany,DACH,Equipment,Other Operating Expenses,Actual,-43922.81
2025-01-01,Germany,DACH,Equipment,Depreciation,Actual,-107210.8
2025-01-01,Germany,DACH,Equipment,Other Operating Income,Actual,9262.23
2025-01-01,Germany,DACH,Equipment,Revenue,Budget,2294600.33
2025-01-01,Germany,DACH,Equipment,Material Costs,Budget,-986678.14
2025-01-01,Germany,DACH,Equipment,Production Costs,Budget,-344190.05
2025-01-01,Germany,DACH,Equipment,Personnel Costs,Budget,-275352.04
2025-01-01,Germany,DACH,Equipment,External Services,Budget,-91784.01
2025-01-01,Germany,DACH,Equipment,Travel Expenses,Budget,-27264.54
2025-01-01,Germany,DACH,Equipment,IT Expenses,Budget,-22766.06
2025-01-01,Germany,DACH,Equipment,Other Operating Expenses,Budget,-39791.62
2025-01-01,Germany,DACH,Equipment,Depreciation,Budget,-103257.01
2025-01-01,Germany,DACH,Equipment,Other Operating Income,Budget,9287.12
2025-01-01,Germany,DACH,Equipment,Revenue,Forecast,2349086.27
2025-01-01,Germany,DACH,Equipment,Material Costs,Forecast,-1013271.42
2025-01-01,Germany,DACH,Equipment,Production Costs,Forecast,-353466.77
2025-01-01,Germany,DACH,Equipment,Personnel Costs,Forecast,-282773.42
2025-01-01,Germany,DACH,Equipment,External Services,Forecast,-94257.81
2025-01-01,Germany,DACH,Equipment,Travel Expenses,Forecast,-28193.36
2025-01-01,Germany,DACH,Equipment,IT Expenses,Forecast,-23380.65
2025-01-01,Germany,DACH,Equipment,Other Operating Expenses,Forecast,-40787.38
2025-01-01,Germany,DACH,Equipment,Depreciation,Forecast,-105708.88
2025-01-01,Germany,DACH,Equipment,Other Operating Income,Forecast,9238.24
2025-01-01,France,Western Europe,Industrial Solutions,Revenue,Actual,2309282.62
2025-01-01,France,Western Europe,Industrial Solutions,Material Costs,Actual,-863065.45
2025-01-01,France,Western Europe,Industrial Solutions,Production Costs,Actual,-279913.12
2025-01-01,France,Western Europe,Industrial Solutions,Personnel Costs,Actual,-338228.35
2025-01-01,France,Western Europe,Industrial Solutions,External Services,Actual,-116630.47
2025-01-01,France,Western Europe,Industrial Solutions,Travel Expenses,Actual,-29279.46
2025-01-01,France,Western Europe,Industrial Solutions,IT Expenses,Actual,-23173.46
2025-01-01,France,Western Europe,Industrial Solutions,Other Operating Expenses,Actual,-41834.73
2025-01-01,France,Western Europe,Industrial Solutions,Depreciation,Actual,-80824.89
2025-01-01,France,Western Europe,Industrial Solutions,Other Operating Income,Actual,9209.62
2025-01-01,France,Western Europe,Industrial Solutions,Revenue,Budget,2366228.52
2025-01-01,France,Western Europe,Industrial Solutions,Material Costs,Budget,-875504.55
2025-01-01,France,Western Europe,Industrial Solutions,Production Costs,Budget,-283947.42
2025-01-01,France,Western Europe,Industrial Solutions,Personnel Costs,Budget,-343103.14
2025-01-01,France,Western Europe,Industrial Solutions,External Services,Budget,-118311.43
2025-01-01,France,Western Europe,Industrial Solutions,Travel Expenses,Budget,-26760.25
2025-01-01,France,Western Europe,Industrial Solutions,IT Expenses,Budget,-23649.74
2025-01-01,France,Western Europe,Industrial Solutions,Other Operating Expenses,Budget,-42656.25
2025-01-01,France,Western Europe,Industrial Solutions,Depreciation,Budget,-82818.0
2025-01-01,France,Western Europe,Industrial Solutions,Other Operating Income,Budget,10397.49
2025-01-01,France,Western Europe,Industrial Solutions,Revenue,Forecast,2331895.58
2025-01-01,France,Western Europe,Industrial Solutions,Material Costs,Forecast,-860809.73
2025-01-01,France,Western Europe,Industrial Solutions,Production Costs,Forecast,-279181.53
2025-01-01,France,Western Europe,Industrial Solutions,Personnel Costs,Forecast,-337344.35
2025-01-01,France,Western Europe,Industrial Solutions,External Services,Forecast,-116325.64
2025-01-01,France,Western Europe,Industrial Solutions,Travel Expenses,Forecast,-28235.89
2025-01-01,France,Western Europe,Industrial Solutions,IT Expenses,Forecast,-23302.77
2025-01-01,France,Western Europe,Industrial Solutions,Other Operating Expenses,Forecast,-40747.76
2025-01-01,France,Western Europe,Industrial Solutions,Depreciation,Forecast,-81616.35
2025-01-01,France,Western Europe,Industrial Solutions,Other Operating Income,Forecast,9753.97
2025-01-01,France,Western Europe,Services,Revenue,Actual,1526113.89
2025-01-01,France,Western Europe,Services,Material Costs,Actual,-284334.21
2025-01-01,France,Western Europe,Services,Production Costs,Actual,-126370.76
2025-01-01,France,Western Europe,Services,Personnel Costs,Actual,-371214.1
2025-01-01,France,Western Europe,Services,External Services,Actual,-118472.59
2025-01-01,France,Western Europe,Services,Travel Expenses,Actual,-17543.19
2025-01-01,France,Western Europe,Services,IT Expenses,Actual,-15440.26
2025-01-01,France,Western Europe,Services,Other Operating Expenses,Actual,-28974.35
2025-01-01,France,Western Europe,Services,Depreciation,Actual,-30522.28
2025-01-01,France,Western Europe,Services,Other Operating Income,Actual,5862.59
2025-01-01,France,Western Europe,Services,Revenue,Budget,1498399.45
2025-01-01,France,Western Europe,Services,Material Costs,Budget,-269711.9
2025-01-01,France,Western Europe,Services,Production Costs,Budget,-119871.96
2025-01-01,France,Western Europe,Services,Personnel Costs,Budget,-352123.87
2025-01-01,France,Western Europe,Services,External Services,Budget,-112379.96
2025-01-01,France,Western Europe,Services,Travel Expenses,Budget,-17675.32
2025-01-01,France,Western Europe,Services,IT Expenses,Budget,-15013.86
2025-01-01,France,Western Europe,Services,Other Operating Expenses,Budget,-26631.71
2025-01-01,France,Western Europe,Services,Depreciation,Budget,-29967.99
2025-01-01,France,Western Europe,Services,Other Operating Income,Budget,5621.84
2025-01-01,France,Western Europe,Services,Revenue,Forecast,1502630.49
2025-01-01,France,Western Europe,Services,Material Costs,Forecast,-270696.02
2025-01-01,France,Western Europe,Services,Production Costs,Forecast,-120309.34
2025-01-01,France,Western Europe,Services,Personnel Costs,Forecast,-353408.69
2025-01-01,France,Western Europe,Services,External Services,Forecast,-112790.01
2025-01-01,France,Western Europe,Services,Travel Expenses,Forecast,-17456.92
2025-01-01,France,Western Europe,Services,IT Expenses,Forecast,-15168.63
2025-01-01,France,Western Europe,Services,Other Operating Expenses,Forecast,-26425.65
2025-01-01,France,Western Europe,Services,Depreciation,Forecast,-30052.61
2025-01-01,France,Western Europe,Services,Other Operating Income,Forecast,6383.16
2025-01-01,France,Western Europe,Equipment,Revenue,Actual,1738910.27
2025-01-01,France,Western Europe,Equipment,Material Costs,Actual,-724722.52
2025-01-01,France,Western Europe,Equipment,Production Costs,Actual,-252810.18
2025-01-01,France,Western Europe,Equipment,Personnel Costs,Actual,-202248.14
2025-01-01,France,Western Europe,Equipment,External Services,Actual,-67416.05
2025-01-01,France,Western Europe,Equipment,Travel Expenses,Actual,-21009.31
2025-01-01,France,Western Europe,Equipment,IT Expenses,Actual,-17843.7
2025-01-01,France,Western Europe,Equipment,Other Operating Expenses,Actual,-30042.51
2025-01-01,France,Western Europe,Equipment,Depreciation,Actual,-78250.96
2025-01-01,France,Western Europe,Equipment,Other Operating Income,Actual,7007.01
2025-01-01,France,Western Europe,Equipment,Revenue,Budget,1863320.41
2025-01-01,France,Western Europe,Equipment,Material Costs,Budget,-801227.77
2025-01-01,France,Western Europe,Equipment,Production Costs,Budget,-279498.06
2025-01-01,France,Western Europe,Equipment,Personnel Costs,Budget,-223598.45
2025-01-01,France,Western Europe,Equipment,External Services,Budget,-74532.82
2025-01-01,France,Western Europe,Equipment,Travel Expenses,Budget,-22534.17
2025-01-01,France,Western Europe,Equipment,IT Expenses,Budget,-18924.56
2025-01-01,France,Western Europe,Equipment,Other Operating Expenses,Budget,-32502.59
2025-01-01,France,Western Europe,Equipment,Depreciation,Budget,-83849.42
2025-01-01,France,Western Europe,Equipment,Other Operating Income,Budget,7059.61
2025-01-01,France,Western Europe,Equipment,Revenue,Forecast,1806576.25
2025-01-01,France,Western Europe,Equipment,Material Costs,Forecast,-781693.29
2025-01-01,France,Western Europe,Equipment,Production Costs,Forecast,-272683.71
2025-01-01,France,Western Europe,Equipment,Personnel Costs,Forecast,-218146.97
2025-01-01,France,Western Europe,Equipment,External Services,Forecast,-72715.66
2025-01-01,France,Western Europe,Equipment,Travel Expenses,Forecast,-21872.06
2025-01-01,France,Western Europe,Equipment,IT Expenses,Forecast,-18156.27
2025-01-01,France,Western Europe,Equipment,Other Operating Expenses,Forecast,-32800.02
2025-01-01,France,Western Europe,Equipment,Depreciation,Forecast,-81295.93
2025-01-01,France,Western Europe,Equipment,Other Operating Income,Forecast,7029.74
2025-01-01,Italy,Southern Europe,Industrial Solutions,Revenue,Actual,1745725.02
2025-01-01,Italy,Southern Europe,Industrial Solutions,Material Costs,Actual,-676046.7
2025-01-01,Italy,Southern Europe,Industrial Solutions,Production Costs,Actual,-219258.39
2025-01-01,Italy,Southern Europe,Industrial Solutions,Personnel Costs,Actual,-264937.22
2025-01-01,Italy,Southern Europe,Industrial Solutions,External Services,Actual,-91357.66
2025-01-01,Italy,Southern Europe,Industrial Solutions,Travel Expenses,Actual,-21246.49
2025-01-01,Italy,Southern Europe,Industrial Solutions,IT Expenses,Actual,-17041.31
2025-01-01,Italy,Southern Europe,Industrial Solutions,Other Operating Expenses,Actual,-31938.82
2025-01-01,Italy,Southern Europe,Industrial Solutions,Depreciation,Actual,-61100.38
2025-01-01,Italy,Southern Europe,Industrial Solutions,Other Operating Income,Actual,6710.66
2025-01-01,Italy,Southern Europe,Industrial Solutions,Revenue,Budget,1732816.01
2025-01-01,Italy,Southern Europe,Industrial Solutions,Material Costs,Budget,-641141.92
2025-01-01,Italy,Southern Europe,Industrial Solutions,Production Costs,Budget,-207937.92
2025-01-01,Italy,Southern Europe,Industrial Solutions,Personnel Costs,Budget,-251258.32
2025-01-01,Italy,Southern Europe,Industrial Solutions,External Services,Budget,-86640.8
2025-01-01,Italy,Southern Europe,Industrial Solutions,Travel Expenses,Budget,-21284.79
2025-01-01,Italy,Southern Europe,Industrial Solutions,IT Expenses,Budget,-17729.69
2025-01-01,Italy,Southern Europe,Industrial Solutions,Other Operating Expenses,Budget,-30550.75
2025-01-01,Italy,Southern Europe,Industrial Solutions,Depreciation,Budget,-60648.56
2025-01-01,Italy,Southern Europe,Industrial Solutions,Other Operating Income,Budget,7198.36
2025-01-01,Italy,Southern Europe,Industrial Solutions,Revenue,Forecast,1729972.68
2025-01-01,Italy,Southern Europe,Industrial Solutions,Material Costs,Forecast,-643260.49
2025-01-01,Italy,Southern Europe,Industrial Solutions,Production Costs,Forecast,-208625.02
2025-01-01,Italy,Southern Europe,Industrial Solutions,Personnel Costs,Forecast,-252088.57
2025-01-01,Italy,Southern Europe,Industrial Solutions,External Services,Forecast,-86927.09
2025-01-01,Italy,Southern Europe,Industrial Solutions,Travel Expenses,Forecast,-21271.64
2025-01-01,Italy,Southern Europe,Industrial Solutions,IT Expenses,Forecast,-17956.01
2025-01-01,Italy,Southern Europe,Industrial Solutions,Other Operating Expenses,Forecast,-30948.48
2025-01-01,Italy,Southern Europe,Industrial Solutions,Depreciation,Forecast,-60549.04
2025-01-01,Italy,Southern Europe,Industrial Solutions,Other Operating Income,Forecast,6711.26
2025-01-01,Italy,Southern Europe,Services,Revenue,Actual,1049162.37
2025-01-01,Italy,Southern Europe,Services,Material Costs,Actual,-190459.88
2025-01-01,Italy,Southern Europe,Services,Production Costs,Actual,-84648.84
2025-01-01,Italy,Southern Europe,Services,Personnel Costs,Actual,-248655.96
2025-01-01,Italy,Southern Europe,Services,External Services,Actual,-79358.28
2025-01-01,Italy,Southern Europe,Services,Travel Expenses,Actual,-12694.45
2025-01-01,Italy,Southern Europe,Services,IT Expenses,Actual,-10665.19
2025-01-01,Italy,Southern Europe,Services,Other Operating Expenses,Actual,-18891.06
2025-01-01,Italy,Southern Europe,Services,Depreciation,Actual,-20983.25
2025-01-01,Italy,Southern Europe,Services,Other Operating Income,Actual,4440.65
2025-01-01,Italy,Southern Europe,Services,Revenue,Budget,1068471.89
2025-01-01,Italy,Southern Europe,Services,Material Costs,Budget,-192324.94
2025-01-01,Italy,Southern Europe,Services,Production Costs,Budget,-85477.75
2025-01-01,Italy,Southern Europe,Services,Personnel Costs,Budget,-251090.89
2025-01-01,Italy,Southern Europe,Services,External Services,Budget,-80135.39
2025-01-01,Italy,Southern Europe,Services,Travel Expenses,Budget,-12719.86
2025-01-01,Italy,Southern Europe,Services,IT Expenses,Budget,-11266.0
2025-01-01,Italy,Southern Europe,Services,Other Operating Expenses,Budget,-19533.32
2025-01-01,Italy,Southern Europe,Services,Depreciation,Budget,-21369.44
2025-01-01,Italy,Southern Europe,Services,Other Operating Income,Budget,4127.35
2025-01-01,Italy,Southern Europe,Services,Revenue,Forecast,1057199.16
2025-01-01,Italy,Southern Europe,Services,Material Costs,Forecast,-187850.41
2025-01-01,Italy,Southern Europe,Services,Production Costs,Forecast,-83489.07
2025-01-01,Italy,Southern Europe,Services,Personnel Costs,Forecast,-245249.15
2025-01-01,Italy,Southern Europe,Services,External Services,Forecast,-78271.0
2025-01-01,Italy,Southern Europe,Services,Travel Expenses,Forecast,-12870.01
2025-01-01,Italy,Southern Europe,Services,IT Expenses,Forecast,-10524.74
2025-01-01,Italy,Southern Europe,Services,Other Operating Expenses,Forecast,-19369.26
2025-01-01,Italy,Southern Europe,Services,Depreciation,Forecast,-21143.98
2025-01-01,Italy,Southern Europe,Services,Other Operating Income,Forecast,4308.85
2025-01-01,Italy,Southern Europe,Equipment,Revenue,Actual,1327455.52
2025-01-01,Italy,Southern Europe,Equipment,Material Costs,Actual,-564434.04
2025-01-01,Italy,Southern Europe,Equipment,Production Costs,Actual,-196895.59
2025-01-01,Italy,Southern Europe,Equipment,Personnel Costs,Actual,-157516.48
2025-01-01,Italy,Southern Europe,Equipment,External Services,Actual,-52505.49
2025-01-01,Italy,Southern Europe,Equipment,Travel Expenses,Actual,-16338.73
2025-01-01,Italy,Southern Europe,Equipment,IT Expenses,Actual,-13331.4
2025-01-01,Italy,Southern Europe,Equipment,Other Operating Expenses,Actual,-23150.05
2025-01-01,Italy,Southern Europe,Equipment,Depreciation,Actual,-59735.5
2025-01-01,Italy,Southern Europe,Equipment,Other Operating Income,Actual,5346.6
2025-01-01,Italy,Southern Europe,Equipment,Revenue,Budget,1366804.44
2025-01-01,Italy,Southern Europe,Equipment,Material Costs,Budget,-587725.91
2025-01-01,Italy,Southern Europe,Equipment,Production Costs,Budget,-205020.67
2025-01-01,Italy,Southern Europe,Equipment,Personnel Costs,Budget,-164016.53
2025-01-01,Italy,Southern Europe,Equipment,External Services,Budget,-54672.18
2025-01-01,Italy,Southern Europe,Equipment,Travel Expenses,Budget,-16591.25
2025-01-01,Italy,Southern Europe,Equipment,IT Expenses,Budget,-13426.43
2025-01-01,Italy,Southern Europe,Equipment,Other Operating Expenses,Budget,-24697.03
2025-01-01,Italy,Southern Europe,Equipment,Depreciation,Budget,-61506.2
2025-01-01,Italy,Southern Europe,Equipment,Other Operating Income,Budget,5479.95
2025-01-01,Italy,Southern Europe,Equipment,Revenue,Forecast,1328860.81
2025-01-01,Italy,Southern Europe,Equipment,Material Costs,Forecast,-563572.89
2025-01-01,Italy,Southern Europe,Equipment,Production Costs,Forecast,-196595.19
2025-01-01,Italy,Southern Europe,Equipment,Personnel Costs,Forecast,-157276.16
2025-01-01,Italy,Southern Europe,Equipment,External Services,Forecast,-52425.39
2025-01-01,Italy,Southern Europe,Equipment,Travel Expenses,Forecast,-16117.49
2025-01-01,Italy,Southern Europe,Equipment,IT Expenses,Forecast,-13437.65
2025-01-01,Italy,Southern Europe,Equipment,Other Operating Expenses,Forecast,-24567.15
2025-01-01,Italy,Southern Europe,Equipment,Depreciation,Forecast,-59798.74
2025-01-01,Italy,Southern Europe,Equipment,Other Operating Income,Forecast,5539.5
2025-01-01,Switzerland,DACH,Industrial Solutions,Revenue,Actual,1566825.32
2025-01-01,Switzerland,DACH,Industrial Solutions,Material Costs,Actual,-587171.74
2025-01-01,Switzerland,DACH,Industrial Solutions,Production Costs,Actual,-190434.08
2025-01-01,Switzerland,DACH,Industrial Solutions,Personnel Costs,Actual,-230107.84
2025-01-01,Switzerland,DACH,Industrial Solutions,External Services,Actual,-79347.53
2025-01-01,Switzerland,DACH,Industrial Solutions,Travel Expenses,Actual,-19092.42
2025-01-01,Switzerland,DACH,Industrial Solutions,IT Expenses,Actual,-16875.56
2025-01-01,Switzerland,DACH,Industrial Solutions,Other Operating Expenses,Actual,-28605.37
2025-01-01,Switzerland,DACH,Industrial Solutions,Depreciation,Actual,-54838.89
2025-01-01,Switzerland,DACH,Industrial Solutions,Other Operating Income,Actual,6551.98
2025-01-01,Switzerland,DACH,Industrial Solutions,Revenue,Budget,1593218.11
2025-01-01,Switzerland,DACH,Industrial Solutions,Material Costs,Budget,-589490.7
2025-01-01,Switzerland,DACH,Industrial Solutions,Production Costs,Budget,-191186.17
2025-01-01,Switzerland,DACH,Industrial Solutions,Personnel Costs,Budget,-231016.63
2025-01-01,Switzerland,DACH,Industrial Solutions,External Services,Budget,-79660.91
2025-01-01,Switzerland,DACH,Industrial Solutions,Travel Expenses,Budget,-19665.79
2025-01-01,Switzerland,DACH,Industrial Solutions,IT Expenses,Budget,-16139.74
2025-01-01,Switzerland,DACH,Industrial Solutions,Other Operating Expenses,Budget,-28451.89
2025-01-01,Switzerland,DACH,Industrial Solutions,Depreciation,Budget,-55762.63
2025-01-01,Switzerland,DACH,Industrial Solutions,Other Operating Income,Budget,6566.34
2025-01-01,Switzerland,DACH,Industrial Solutions,Revenue,Forecast,1585206.77
2025-01-01,Switzerland,DACH,Industrial Solutions,Material Costs,Forecast,-581087.12
2025-01-01,Switzerland,DACH,Industrial Solutions,Production Costs,Forecast,-188460.69
2025-01-01,Switzerland,DACH,Industrial Solutions,Personnel Costs,Forecast,-227723.33
2025-01-01,Switzerland,DACH,Industrial Solutions,External Services,Forecast,-78525.29
2025-01-01,Switzerland,DACH,Industrial Solutions,Travel Expenses,Forecast,-18887.33
2025-01-01,Switzerland,DACH,Industrial Solutions,IT Expenses,Forecast,-15698.19
2025-01-01,Switzerland,DACH,Industrial Solutions,Other Operating Expenses,Forecast,-28592.13
2025-01-01,Switzerland,DACH,Industrial Solutions,Depreciation,Forecast,-55482.24
2025-01-01,Switzerland,DACH,Industrial Solutions,Other Operating Income,Forecast,6927.9
2025-01-01,Switzerland,DACH,Services,Revenue,Actual,1036819.35
2025-01-01,Switzerland,DACH,Services,Material Costs,Actual,-184425.6
2025-01-01,Switzerland,DACH,Services,Production Costs,Actual,-81966.93
2025-01-01,Switzerland,DACH,Services,Personnel Costs,Actual,-240777.86
2025-01-01,Switzerland,DACH,Services,External Services,Actual,-76844.0
2025-01-01,Switzerland,DACH,Services,Travel Expenses,Actual,-12848.29
2025-01-01,Switzerland,DACH,Services,IT Expenses,Actual,-10381.52
2025-01-01,Switzerland,DACH,Services,Other Operating Expenses,Actual,-18159.91
2025-01-01,Switzerland,DACH,Services,Depreciation,Actual,-20736.39
2025-01-01,Switzerland,DACH,Services,Other Operating Income,Actual,4028.61
2025-01-01,Switzerland,DACH,Services,Revenue,Budget,989812.73
2025-01-01,Switzerland,DACH,Services,Material Costs,Budget,-178166.29
2025-01-01,Switzerland,DACH,Services,Production Costs,Budget,-79185.02
2025-01-01,Switzerland,DACH,Services,Personnel Costs,Budget,-232605.99
2025-01-01,Switzerland,DACH,Services,External Services,Budget,-74235.95
2025-01-01,Switzerland,DACH,Services,Travel Expenses,Budget,-12119.92
2025-01-01,Switzerland,DACH,Services,IT Expenses,Budget,-9753.54
2025-01-01,Switzerland,DACH,Services,Other Operating Expenses,Budget,-17913.04
2025-01-01,Switzerland,DACH,Services,Depreciation,Budget,-19796.25
2025-01-01,Switzerland,DACH,Services,Other Operating Income,Budget,3966.47
2025-01-01,Switzerland,DACH,Services,Revenue,Forecast,1002562.52
2025-01-01,Switzerland,DACH,Services,Material Costs,Forecast,-179050.19
2025-01-01,Switzerland,DACH,Services,Production Costs,Forecast,-79577.86
2025-01-01,Switzerland,DACH,Services,Personnel Costs,Forecast,-233759.97
2025-01-01,Switzerland,DACH,Services,External Services,Forecast,-74604.25
2025-01-01,Switzerland,DACH,Services,Travel Expenses,Forecast,-12804.55
2025-01-01,Switzerland,DACH,Services,IT Expenses,Forecast,-10152.73
2025-01-01,Switzerland,DACH,Services,Other Operating Expenses,Forecast,-17132.48
2025-01-01,Switzerland,DACH,Services,Depreciation,Forecast,-20051.25
2025-01-01,Switzerland,DACH,Services,Other Operating Income,Forecast,4040.16
2025-01-01,Switzerland,DACH,Equipment,Revenue,Actual,1320763.6
2025-01-01,Switzerland,DACH,Equipment,Material Costs,Actual,-566299.3
2025-01-01,Switzerland,DACH,Equipment,Production Costs,Actual,-197546.27
2025-01-01,Switzerland,DACH,Equipment,Personnel Costs,Actual,-158037.01
2025-01-01,Switzerland,DACH,Equipment,External Services,Actual,-52679.0
2025-01-01,Switzerland,DACH,Equipment,Travel Expenses,Actual,-16089.27
2025-01-01,Switzerland,DACH,Equipment,IT Expenses,Actual,-13436.33
2025-01-01,Switzerland,DACH,Equipment,Other Operating Expenses,Actual,-23060.36
2025-01-01,Switzerland,DACH,Equipment,Depreciation,Actual,-59434.36
2025-01-01,Switzerland,DACH,Equipment,Other Operating Income,Actual,5212.37
2025-01-01,Switzerland,DACH,Equipment,Revenue,Budget,1272315.11
2025-01-01,Switzerland,DACH,Equipment,Material Costs,Budget,-547095.5
2025-01-01,Switzerland,DACH,Equipment,Production Costs,Budget,-190847.27
2025-01-01,Switzerland,DACH,Equipment,Personnel Costs,Budget,-152677.81
2025-01-01,Switzerland,DACH,Equipment,External Services,Budget,-50892.6
2025-01-01,Switzerland,DACH,Equipment,Travel Expenses,Budget,-15050.24
2025-01-01,Switzerland,DACH,Equipment,IT Expenses,Budget,-12556.9
2025-01-01,Switzerland,DACH,Equipment,Other Operating Expenses,Budget,-23912.47
2025-01-01,Switzerland,DACH,Equipment,Depreciation,Budget,-57254.18
2025-01-01,Switzerland,DACH,Equipment,Other Operating Income,Budget,5171.7
2025-01-01,Switzerland,DACH,Equipment,Revenue,Forecast,1290726.15
2025-01-01,Switzerland,DACH,Equipment,Material Costs,Forecast,-546614.57
2025-01-01,Switzerland,DACH,Equipment,Production Costs,Forecast,-190679.5
2025-01-01,Switzerland,DACH,Equipment,Personnel Costs,Forecast,-152543.6
2025-01-01,Switzerland,DACH,Equipment,External Services,Forecast,-50847.87
2025-01-01,Switzerland,DACH,Equipment,Travel Expenses,Forecast,-15915.21
2025-01-01,Switzerland,DACH,Equipment,IT Expenses,Forecast,-13455.09
2025-01-01,Switzerland,DACH,Equipment,Other Operating Expenses,Forecast,-23832.75
2025-01-01,Switzerland,DACH,Equipment,Depreciation,Forecast,-58082.68
2025-01-01,Switzerland,DACH,Equipment,Other Operating Income,Forecast,4849.13
2025-02-01,Austria,DACH,Industrial Solutions,Revenue,Actual,2309365.75
2025-02-01,Austria,DACH,Industrial Solutions,Material Costs,Actual,-894184.15
2025-02-01,Austria,DACH,Industrial Solutions,Production Costs,Actual,-290005.67
2025-02-01,Austria,DACH,Industrial Solutions,Personnel Costs,Actual,-350423.52
2025-02-01,Austria,DACH,Industrial Solutions,External Services,Actual,-120835.7
2025-02-01,Austria,DACH,Industrial Solutions,Travel Expenses,Actual,-28356.4
2025-02-01,Austria,DACH,Industrial Solutions,IT Expenses,Actual,-22665.53
2025-02-01,Austria,DACH,Industrial Solutions,Other Operating Expenses,Actual,-41506.72
2025-02-01,Austria,DACH,Industrial Solutions,Depreciation,Actual,-80827.8
2025-02-01,Austria,DACH,Industrial Solutions,Other Operating Income,Actual,8039.82
2025-02-01,Austria,DACH,Industrial Solutions,Revenue,Budget,2198462.49
2025-02-01,Austria,DACH,Industrial Solutions,Material Costs,Budget,-813431.12
2025-02-01,Austria,DACH,Industrial Solutions,Production Costs,Budget,-263815.5
2025-02-01,Austria,DACH,Industrial Solutions,Personnel Costs,Budget,-318777.06
2025-02-01,Austria,DACH,Industrial Solutions,External Services,Budget,-109923.12
2025-02-01,Austria,DACH,Industrial Solutions,Travel Expenses,Budget,-25570.8
2025-02-01,Austria,DACH,Industrial Solutions,IT Expenses,Budget,-21873.57
2025-02-01,Austria,DACH,Industrial Solutions,Other Operating Expenses,Budget,-38337.88
2025-02-01,Austria,DACH,Industrial Solutions,Depreciation,Budget,-76946.19
2025-02-01,Austria,DACH,Industrial Solutions,Other Operating Income,Budget,9368.06
2025-02-01,Austria,DACH,Industrial Solutions,Revenue,Forecast,2246667.68
2025-02-01,Austria,DACH,Industrial Solutions,Material Costs,Forecast,-817001.09
2025-02-01,Austria,DACH,Industrial Solutions,Production Costs,Forecast,-264973.33
2025-02-01,Austria,DACH,Industrial Solutions,Personnel Costs,Forecast,-320176.1
2025-02-01,Austria,DACH,Industrial Solutions,External Services,Forecast,-110405.55
2025-02-01,Austria,DACH,Industrial Solutions,Travel Expenses,Forecast,-26604.1
2025-02-01,Austria,DACH,Industrial Solutions,IT Expenses,Forecast,-22525.42
2025-02-01,Austria,DACH,Industrial Solutions,Other Operating Expenses,Forecast,-41897.15
2025-02-01,Austria,DACH,Industrial Solutions,Depreciation,Forecast,-78633.37
2025-02-01,Austria,DACH,Industrial Solutions,Other Operating Income,Forecast,8470.53
2025-02-01,Austria,DACH,Services,Revenue,Actual,1382565.0
2025-02-01,Austria,DACH,Services,Material Costs,Actual,-251736.7
2025-02-01,Austria,DACH,Services,Production Costs,Actual,-111882.98
2025-02-01,Austria,DACH,Services,Personnel Costs,Actual,-328656.24
2025-02-01,Austria,DACH,Services,External Services,Actual,-104890.29
2025-02-01,Austria,DACH,Services,Travel Expenses,Actual,-16689.86
2025-02-01,Austria,DACH,Services,IT Expenses,Actual,-13659.68
2025-02-01,Austria,DACH,Services,Other Operating Expenses,Actual,-24929.6
2025-02-01,Austria,DACH,Services,Depreciation,Actual,-27651.3
2025-02-01,Austria,DACH,Services,Other Operating Income,Actual,5445.02
2025-02-01,Austria,DACH,Services,Revenue,Budget,1401360.88
2025-02-01,Austria,DACH,Services,Material Costs,Budget,-252244.96
2025-02-01,Austria,DACH,Services,Production Costs,Budget,-112108.87
2025-02-01,Austria,DACH,Services,Personnel Costs,Budget,-329319.81
2025-02-01,Austria,DACH,Services,External Services,Budget,-105102.07
2025-02-01,Austria,DACH,Services,Travel Expenses,Budget,-16873.6
2025-02-01,Austria,DACH,Services,IT Expenses,Budget,-14199.19
2025-02-01,Austria,DACH,Services,Other Operating Expenses,Budget,-26224.66
2025-02-01,Austria,DACH,Services,Depreciation,Budget,-28027.22
2025-02-01,Austria,DACH,Services,Other Operating Income,Budget,5327.9
2025-02-01,Austria,DACH,Services,Revenue,Forecast,1380100.74
2025-02-01,Austria,DACH,Services,Material Costs,Forecast,-254776.74
2025-02-01,Austria,DACH,Services,Production Costs,Forecast,-113234.11
2025-02-01,Austria,DACH,Services,Personnel Costs,Forecast,-332625.19
2025-02-01,Austria,DACH,Services,External Services,Forecast,-106156.98
2025-02-01,Austria,DACH,Services,Travel Expenses,Forecast,-15591.34
2025-02-01,Austria,DACH,Services,IT Expenses,Forecast,-13759.11
2025-02-01,Austria,DACH,Services,Other Operating Expenses,Forecast,-25207.18
2025-02-01,Austria,DACH,Services,Depreciation,Forecast,-27602.01
2025-02-01,Austria,DACH,Services,Other Operating Income,Forecast,5582.45
2025-02-01,Austria,DACH,Equipment,Revenue,Actual,1737869.98
2025-02-01,Austria,DACH,Equipment,Material Costs,Actual,-736273.52
2025-02-01,Austria,DACH,Equipment,Production Costs,Actual,-256839.6
2025-02-01,Austria,DACH,Equipment,Personnel Costs,Actual,-205471.68
2025-02-01,Austria,DACH,Equipment,External Services,Actual,-68490.56
2025-02-01,Austria,DACH,Equipment,Travel Expenses,Actual,-21385.98
2025-02-01,Austria,DACH,Equipment,IT Expenses,Actual,-17502.79
2025-02-01,Austria,DACH,Equipment,Other Operating Expenses,Actual,-30739.78
2025-02-01,Austria,DACH,Equipment,Depreciation,Actual,-78204.15
2025-02-01,Austria,DACH,Equipment,Other Operating Income,Actual,7201.62
2025-02-01,Austria,DACH,Equipment,Revenue,Budget,1737540.66
2025-02-01,Austria,DACH,Equipment,Material Costs,Budget,-747142.48
2025-02-01,Austria,DACH,Equipment,Production Costs,Budget,-260631.1
2025-02-01,Austria,DACH,Equipment,Personnel Costs,Budget,-208504.88
2025-02-01,Austria,DACH,Equipment,External Services,Budget,-69501.63
2025-02-01,Austria,DACH,Equipment,Travel Expenses,Budget,-21042.71
2025-02-01,Austria,DACH,Equipment,IT Expenses,Budget,-17657.88
2025-02-01,Austria,DACH,Equipment,Other Operating Expenses,Budget,-31768.03
2025-02-01,Austria,DACH,Equipment,Depreciation,Budget,-78189.33
2025-02-01,Austria,DACH,Equipment,Other Operating Income,Budget,6719.7
2025-02-01,Austria,DACH,Equipment,Revenue,Forecast,1730868.2
2025-02-01,Austria,DACH,Equipment,Material Costs,Forecast,-739270.19
2025-02-01,Austria,DACH,Equipment,Production Costs,Forecast,-257884.95
2025-02-01,Austria,DACH,Equipment,Personnel Costs,Forecast,-206307.96
2025-02-01,Austria,DACH,Equipment,External Services,Forecast,-68769.32
2025-02-01,Austria,DACH,Equipment,Travel Expenses,Forecast,-21236.07
2025-02-01,Austria,DACH,Equipment,IT Expenses,Forecast,-17519.98
2025-02-01,Austria,DACH,Equipment,Other Operating Expenses,Forecast,-31139.35
2025-02-01,Austria,DACH,Equipment,Depreciation,Forecast,-77889.07
2025-02-01,Austria,DACH,Equipment,Other Operating Income,Forecast,6955.97
2025-02-01,Germany,DACH,Industrial Solutions,Revenue,Actual,2923461.16
2025-02-01,Germany,DACH,Industrial Solutions,Material Costs,Actual,-1076212.93
2025-02-01,Germany,DACH,Industrial Solutions,Production Costs,Actual,-349042.03
2025-02-01,Germany,DACH,Industrial Solutions,Personnel Costs,Actual,-421759.12
2025-02-01,Germany,DACH,Industrial Solutions,External Services,Actual,-145434.18
2025-02-01,Germany,DACH,Industrial Solutions,Travel Expenses,Actual,-34852.44
2025-02-01,Germany,DACH,Industrial Solutions,IT Expenses,Actual,-29877.06
2025-02-01,Germany,DACH,Industrial Solutions,Other Operating Expenses,Actual,-53708.18
2025-02-01,Germany,DACH,Industrial Solutions,Depreciation,Actual,-102321.14
2025-02-01,Germany,DACH,Industrial Solutions,Other Operating Income,Actual,12074.37
2025-02-01,Germany,DACH,Industrial Solutions,Revenue,Budget,3031041.31
2025-02-01,Germany,DACH,Industrial Solutions,Material Costs,Budget,-1121485.29
2025-02-01,Germany,DACH,Industrial Solutions,Production Costs,Budget,-363724.96
2025-02-01,Germany,DACH,Industrial Solutions,Personnel Costs,Budget,-439500.99
2025-02-01,Germany,DACH,Industrial Solutions,External Services,Budget,-151552.07
2025-02-01,Germany,DACH,Industrial Solutions,Travel Expenses,Budget,-37797.0
2025-02-01,Germany,DACH,Industrial Solutions,IT Expenses,Budget,-30323.15
2025-02-01,Germany,DACH,Industrial Solutions,Other Operating Expenses,Budget,-55488.91
2025-02-01,Germany,DACH,Industrial Solutions,Depreciation,Budget,-106086.45
2025-02-01,Germany,DACH,Industrial Solutions,Other Operating Income,Budget,11973.7
2025-02-01,Germany,DACH,Industrial Solutions,Revenue,Forecast,2984879.46
2025-02-01,Germany,DACH,Industrial Solutions,Material Costs,Forecast,-1108701.53
2025-02-01,Germany,DACH,Industrial Solutions,Production Costs,Forecast,-359578.88
2025-02-01,Germany,DACH,Industrial Solutions,Personnel Costs,Forecast,-434491.14
2025-02-01,Germany,DACH,Industrial Solutions,External Services,Forecast,-149824.53
2025-02-01,Germany,DACH,Industrial Solutions,Travel Expenses,Forecast,-35678.71
2025-02-01,Germany,DACH,Industrial Solutions,IT Expenses,Forecast,-29906.7
2025-02-01,Germany,DACH,Industrial Solutions,Other Operating Expenses,Forecast,-54527.24
2025-02-01,Germany,DACH,Industrial Solutions,Depreciation,Forecast,-104470.78
2025-02-01,Germany,DACH,Industrial Solutions,Other Operating Income,Forecast,11548.75
2025-02-01,Germany,DACH,Services,Revenue,Actual,1881103.18
2025-02-01,Germany,DACH,Services,Material Costs,Actual,-369306.06
2025-02-01,Germany,DACH,Services,Production Costs,Actual,-164136.03
2025-02-01,Germany,DACH,Services,Personnel Costs,Actual,-482149.57
2025-02-01,Germany,DACH,Services,External Services,Actual,-153877.52
2025-02-01,Germany,DACH,Services,Travel Expenses,Actual,-23109.35
2025-02-01,Germany,DACH,Services,IT Expenses,Actual,-19045.84
2025-02-01,Germany,DACH,Services,Other Operating Expenses,Actual,-34391.75
2025-02-01,Germany,DACH,Services,Depreciation,Actual,-37622.06
2025-02-01,Germany,DACH,Services,Other Operating Income,Actual,7520.73
2025-02-01,Germany,DACH,Services,Revenue,Budget,1912642.08
2025-02-01,Germany,DACH,Services,Material Costs,Budget,-344275.57
2025-02-01,Germany,DACH,Services,Production Costs,Budget,-153011.37
2025-02-01,Germany,DACH,Services,Personnel Costs,Budget,-449470.89
2025-02-01,Germany,DACH,Services,External Services,Budget,-143448.16
2025-02-01,Germany,DACH,Services,Travel Expenses,Budget,-22333.9
2025-02-01,Germany,DACH,Services,IT Expenses,Budget,-19155.42
2025-02-01,Germany,DACH,Services,Other Operating Expenses,Budget,-33844.73
2025-02-01,Germany,DACH,Services,Depreciation,Budget,-38252.84
2025-02-01,Germany,DACH,Services,Other Operating Income,Budget,7948.98
2025-02-01,Germany,DACH,Services,Revenue,Forecast,1876885.71
2025-02-01,Germany,DACH,Services,Material Costs,Forecast,-337243.25
2025-02-01,Germany,DACH,Services,Production Costs,Forecast,-149885.89
2025-02-01,Germany,DACH,Services,Personnel Costs,Forecast,-440289.79
2025-02-01,Germany,DACH,Services,External Services,Forecast,-140518.02
2025-02-01,Germany,DACH,Services,Travel Expenses,Forecast,-21964.86
2025-02-01,Germany,DACH,Services,IT Expenses,Forecast,-18648.22
2025-02-01,Germany,DACH,Services,Other Operating Expenses,Forecast,-34132.7
2025-02-01,Germany,DACH,Services,Depreciation,Forecast,-37537.71
2025-02-01,Germany,DACH,Services,Other Operating Income,Forecast,7338.26
2025-02-01,Germany,DACH,Equipment,Revenue,Actual,2383496.75
2025-02-01,Germany,DACH,Equipment,Material Costs,Actual,-1011914.4
2025-02-01,Germany,DACH,Equipment,Production Costs,Actual,-352993.4
2025-02-01,Germany,DACH,Equipment,Personnel Costs,Actual,-282394.72
2025-02-01,Germany,DACH,Equipment,External Services,Actual,-94131.57
2025-02-01,Germany,DACH,Equipment,Travel Expenses,Actual,-28197.78
2025-02-01,Germany,DACH,Equipment,IT Expenses,Actual,-23945.59
2025-02-01,Germany,DACH,Equipment,Other Operating Expenses,Actual,-41349.76
2025-02-01,Germany,DACH,Equipment,Depreciation,Actual,-107257.35
2025-02-01,Germany,DACH,Equipment,Other Operating Income,Actual,8997.24
2025-02-01,Germany,DACH,Equipment,Revenue,Budget,2340021.47
2025-02-01,Germany,DACH,Equipment,Material Costs,Budget,-1006209.23
2025-02-01,Germany,DACH,Equipment,Production Costs,Budget,-351003.22
2025-02-01,Germany,DACH,Equipment,Personnel Costs,Budget,-280802.58
2025-02-01,Germany,DACH,Equipment,External Services,Budget,-93600.86
2025-02-01,Germany,DACH,Equipment,Travel Expenses,Budget,-27475.03
2025-02-01,Germany,DACH,Equipment,IT Expenses,Budget,-23300.32
2025-02-01,Germany,DACH,Equipment,Other Operating Expenses,Budget,-42447.78
2025-02-01,Germany,DACH,Equipment,Depreciation,Budget,-105300.97
2025-02-01,Germany,DACH,Equipment,Other Operating Income,Budget,9912.46
2025-02-01,Germany,DACH,Equipment,Revenue,Forecast,2368565.55
2025-02-01,Germany,DACH,Equipment,Material Costs,Forecast,-1028965.33
2025-02-01,Germany,DACH,Equipment,Production Costs,Forecast,-358941.39
2025-02-01,Germany,DACH,Equipment,Personnel Costs,Forecast,-287153.11
2025-02-01,Germany,DACH,Equipment,External Services,Forecast,-95717.7
2025-02-01,Germany,DACH,Equipment,Travel Expenses,Forecast,-28286.41
2025-02-01,Germany,DACH,Equipment,IT Expenses,Forecast,-23676.65
2025-02-01,Germany,DACH,Equipment,Other Operating Expenses,Forecast,-41565.63
2025-02-01,Germany,DACH,Equipment,Depreciation,Forecast,-106585.45
2025-02-01,Germany,DACH,Equipment,Other Operating Income,Forecast,9467.25
2025-02-01,France,Western Europe,Industrial Solutions,Revenue,Actual,2459918.01
2025-02-01,France,Western Europe,Industrial Solutions,Material Costs,Actual,-921987.0
2025-02-01,France,Western Europe,Industrial Solutions,Production Costs,Actual,-299022.81
2025-02-01,France,Western Europe,Industrial Solutions,Personnel Costs,Actual,-361319.23
2025-02-01,France,Western Europe,Industrial Solutions,External Services,Actual,-124592.84
2025-02-01,France,Western Europe,Industrial Solutions,Travel Expenses,Actual,-30876.36
2025-02-01,France,Western Europe,Industrial Solutions,IT Expenses,Actual,-24545.67
2025-02-01,France,Western Europe,Industrial Solutions,Other Operating Expenses,Actual,-44723.2
2025-02-01,France,Western Europe,Industrial Solutions,Depreciation,Actual,-86097.13
2025-02-01,France,Western Europe,Industrial Solutions,Other Operating Income,Actual,10111.3
2025-02-01,France,Western Europe,Industrial Solutions,Revenue,Budget,2424017.45
2025-02-01,France,Western Europe,Industrial Solutions,Material Costs,Budget,-896886.46
2025-02-01,France,Western Europe,Industrial Solutions,Production Costs,Budget,-290882.09
2025-02-01,France,Western Europe,Industrial Solutions,Personnel Costs,Budget,-351482.53
2025-02-01,France,Western Europe,Industrial Solutions,External Services,Budget,-121200.87
2025-02-01,France,Western Europe,Industrial Solutions,Travel Expenses,Budget,-28738.09
2025-02-01,France,Western Europe,Industrial Solutions,IT Expenses,Budget,-24348.82
2025-02-01,France,Western Europe,Industrial Solutions,Other Operating Expenses,Budget,-43646.05
2025-02-01,France,Western Europe,Industrial Solutions,Depreciation,Budget,-84840.61
2025-02-01,France,Western Europe,Industrial Solutions,Other Operating Income,Budget,9733.95
2025-02-01,France,Western Europe,Industrial Solutions,Revenue,Forecast,2427590.31
2025-02-01,France,Western Europe,Industrial Solutions,Material Costs,Forecast,-889876.53
2025-02-01,France,Western Europe,Industrial Solutions,Production Costs,Forecast,-288608.6
2025-02-01,France,Western Europe,Industrial Solutions,Personnel Costs,Forecast,-348735.4
2025-02-01,France,Western Europe,Industrial Solutions,External Services,Forecast,-120253.58
2025-02-01,France,Western Europe,Industrial Solutions,Travel Expenses,Forecast,-29152.5
2025-02-01,France,Western Europe,Industrial Solutions,IT Expenses,Forecast,-24517.69
2025-02-01,France,Western Europe,Industrial Solutions,Other Operating Expenses,Forecast,-45281.88
2025-02-01,France,Western Europe,Industrial Solutions,Depreciation,Forecast,-84965.66
2025-02-01,France,Western Europe,Industrial Solutions,Other Operating Income,Forecast,10082.96
2025-02-01,France,Western Europe,Services,Revenue,Actual,1479446.67
2025-02-01,France,Western Europe,Services,Material Costs,Actual,-267521.0
2025-02-01,France,Western Europe,Services,Production Costs,Actual,-118898.22
2025-02-01,France,Western Europe,Services,Personnel Costs,Actual,-349263.53
2025-02-01,France,Western Europe,Services,External Services,Actual,-111467.08
2025-02-01,France,Western Europe,Services,Travel Expenses,Actual,-18919.65
2025-02-01,France,Western Europe,Services,IT Expenses,Actual,-14555.3
2025-02-01,France,Western Europe,Services,Other Operating Expenses,Actual,-26070.99
2025-02-01,France,Western Europe,Services,Depreciation,Actual,-29588.93
2025-02-01,France,Western Europe,Services,Other Operating Income,Actual,5775.9
2025-02-01,France,Western Europe,Services,Revenue,Budget,1559558.21
2025-02-01,France,Western Europe,Services,Material Costs,Budget,-280720.48
2025-02-01,France,Western Europe,Services,Production Costs,Budget,-124764.66
2025-02-01,France,Western Europe,Services,Personnel Costs,Budget,-366496.18
2025-02-01,France,Western Europe,Services,External Services,Budget,-116966.87
2025-02-01,France,Western Europe,Services,Travel Expenses,Budget,-17522.26
2025-02-01,France,Western Europe,Services,IT Expenses,Budget,-15431.59
2025-02-01,France,Western Europe,Services,Other Operating Expenses,Budget,-27539.29
2025-02-01,France,Western Europe,Services,Depreciation,Budget,-31191.16
2025-02-01,France,Western Europe,Services,Other Operating Income,Budget,6275.76
2025-02-01,France,Western Europe,Services,Revenue,Forecast,1526072.85
2025-02-01,France,Western Europe,Services,Material Costs,Forecast,-275819.65
2025-02-01,France,Western Europe,Services,Production Costs,Forecast,-122586.51
2025-02-01,France,Western Europe,Services,Personnel Costs,Forecast,-360097.88
2025-02-01,France,Western Europe,Services,External Services,Forecast,-114924.85
2025-02-01,France,Western Europe,Services,Travel Expenses,Forecast,-19343.62
2025-02-01,France,Western Europe,Services,IT Expenses,Forecast,-15550.81
2025-02-01,France,Western Europe,Services,Other Operating Expenses,Forecast,-27073.13
2025-02-01,France,Western Europe,Services,Depreciation,Forecast,-30521.46
2025-02-01,France,Western Europe,Services,Other Operating Income,Forecast,5884.92
2025-02-01,France,Western Europe,Equipment,Revenue,Actual,1717316.25
2025-02-01,France,Western Europe,Equipment,Material Costs,Actual,-760219.81
2025-02-01,France,Western Europe,Equipment,Production Costs,Actual,-265192.96
2025-02-01,France,Western Europe,Equipment,Personnel Costs,Actual,-212154.37
2025-02-01,France,Western Europe,Equipment,External Services,Actual,-70718.12
2025-02-01,France,Western Europe,Equipment,Travel Expenses,Actual,-20317.73
2025-02-01,France,Western Europe,Equipment,IT Expenses,Actual,-16584.76
2025-02-01,France,Western Europe,Equipment,Other Operating Expenses,Actual,-31957.95
2025-02-01,France,Western Europe,Equipment,Depreciation,Actual,-77279.23
2025-02-01,France,Western Europe,Equipment,Other Operating Income,Actual,6837.79
2025-02-01,France,Western Europe,Equipment,Revenue,Budget,1937051.57
2025-02-01,France,Western Europe,Equipment,Material Costs,Budget,-832932.18
2025-02-01,France,Western Europe,Equipment,Production Costs,Budget,-290557.74
2025-02-01,France,Western Europe,Equipment,Personnel Costs,Budget,-232446.19
2025-02-01,France,Western Europe,Equipment,External Services,Budget,-77482.06
2025-02-01,France,Western Europe,Equipment,Travel Expenses,Budget,-24107.8
2025-02-01,France,Western Europe,Equipment,IT Expenses,Budget,-18752.82
2025-02-01,France,Western Europe,Equipment,Other Operating Expenses,Budget,-34344.47
2025-02-01,France,Western Europe,Equipment,Depreciation,Budget,-87167.32
2025-02-01,France,Western Europe,Equipment,Other Operating Income,Budget,7749.83
2025-02-01,France,Western Europe,Equipment,Revenue,Forecast,1842807.47
2025-02-01,France,Western Europe,Equipment,Material Costs,Forecast,-792853.94
2025-02-01,France,Western Europe,Equipment,Production Costs,Forecast,-276576.96
2025-02-01,France,Western Europe,Equipment,Personnel Costs,Forecast,-221261.57
2025-02-01,France,Western Europe,Equipment,External Services,Forecast,-73753.86
2025-02-01,France,Western Europe,Equipment,Travel Expenses,Forecast,-21815.11
2025-02-01,France,Western Europe,Equipment,IT Expenses,Forecast,-18657.63
2025-02-01,France,Western Europe,Equipment,Other Operating Expenses,Forecast,-32285.2
2025-02-01,France,Western Europe,Equipment,Depreciation,Forecast,-82926.34
2025-02-01,France,Western Europe,Equipment,Other Operating Income,Forecast,7329.25
2025-02-01,Italy,Southern Europe,Industrial Solutions,Revenue,Actual,1800901.97
2025-02-01,Italy,Southern Europe,Industrial Solutions,Material Costs,Actual,-647599.06
2025-02-01,Italy,Southern Europe,Industrial Solutions,Production Costs,Actual,-210032.13
2025-02-01,Italy,Southern Europe,Industrial Solutions,Personnel Costs,Actual,-253788.82
2025-02-01,Italy,Southern Europe,Industrial Solutions,External Services,Actual,-87513.39
2025-02-01,Italy,Southern Europe,Industrial Solutions,Travel Expenses,Actual,-20616.22
2025-02-01,Italy,Southern Europe,Industrial Solutions,IT Expenses,Actual,-18469.21
2025-02-01,Italy,Southern Europe,Industrial Solutions,Other Operating Expenses,Actual,-32685.54
2025-02-01,Italy,Southern Europe,Industrial Solutions,Depreciation,Actual,-63031.57
2025-02-01,Italy,Southern Europe,Industrial Solutions,Other Operating Income,Actual,6987.94
2025-02-01,Italy,Southern Europe,Industrial Solutions,Revenue,Budget,1771603.31
2025-02-01,Italy,Southern Europe,Industrial Solutions,Material Costs,Budget,-655493.22
2025-02-01,Italy,Southern Europe,Industrial Solutions,Production Costs,Budget,-212592.4
2025-02-01,Italy,Southern Europe,Industrial Solutions,Personnel Costs,Budget,-256882.48
2025-02-01,Italy,Southern Europe,Industrial Solutions,External Services,Budget,-88580.17
2025-02-01,Italy,Southern Europe,Industrial Solutions,Travel Expenses,Budget,-22248.53
2025-02-01,Italy,Southern Europe,Industrial Solutions,IT Expenses,Budget,-17757.02
2025-02-01,Italy,Southern Europe,Industrial Solutions,Other Operating Expenses,Budget,-32829.02
2025-02-01,Italy,Southern Europe,Industrial Solutions,Depreciation,Budget,-62006.12
2025-02-01,Italy,Southern Europe,Industrial Solutions,Other Operating Income,Budget,7105.55
2025-02-01,Italy,Southern Europe,Industrial Solutions,Revenue,Forecast,1797894.91
2025-02-01,Italy,Southern Europe,Industrial Solutions,Material Costs,Forecast,-681671.35
2025-02-01,Italy,Southern Europe,Industrial Solutions,Production Costs,Forecast,-221082.6
2025-02-01,Italy,Southern Europe,Industrial Solutions,Personnel Costs,Forecast,-267141.48
2025-02-01,Italy,Southern Europe,Industrial Solutions,External Services,Forecast,-92117.75
2025-02-01,Italy,Southern Europe,Industrial Solutions,Travel Expenses,Forecast,-22710.87
2025-02-01,Italy,Southern Europe,Industrial Solutions,IT Expenses,Forecast,-17889.43
2025-02-01,Italy,Southern Europe,Industrial Solutions,Other Operating Expenses,Forecast,-33148.16
2025-02-01,Italy,Southern Europe,Industrial Solutions,Depreciation,Forecast,-62926.32
2025-02-01,Italy,Southern Europe,Industrial Solutions,Other Operating Income,Forecast,7377.23
2025-02-01,Italy,Southern Europe,Services,Revenue,Actual,1068315.43
2025-02-01,Italy,Southern Europe,Services,Material Costs,Actual,-197385.07
2025-02-01,Italy,Southern Europe,Services,Production Costs,Actual,-87726.7
2025-02-01,Italy,Southern Europe,Services,Personnel Costs,Actual,-257697.17
2025-02-01,Italy,Southern Europe,Services,External Services,Actual,-82243.78
2025-02-01,Italy,Southern Europe,Services,Travel Expenses,Actual,-12143.39
2025-02-01,Italy,Southern Europe,Services,IT Expenses,Actual,-10430.34
2025-02-01,Italy,Southern Europe,Services,Other Operating Expenses,Actual,-18249.33
2025-02-01,Italy,Southern Europe,Services,Depreciation,Actual,-21366.31
2025-02-01,Italy,Southern Europe,Services,Other Operating Income,Actual,4227.21
2025-02-01,Italy,Southern Europe,Services,Revenue,Budget,1123814.83
2025-02-01,Italy,Southern Europe,Services,Material Costs,Budget,-202286.67
2025-02-01,Italy,Southern Europe,Services,Production Costs,Budget,-89905.19
2025-02-01,Italy,Southern Europe,Services,Personnel Costs,Budget,-264096.48
2025-02-01,Italy,Southern Europe,Services,External Services,Budget,-84286.11
2025-02-01,Italy,Southern Europe,Services,Travel Expenses,Budget,-13776.08
2025-02-01,Italy,Southern Europe,Services,IT Expenses,Budget,-11575.82
2025-02-01,Italy,Southern Europe,Services,Other Operating Expenses,Budget,-20266.14
2025-02-01,Italy,Southern Europe,Services,Depreciation,Budget,-22476.3
2025-02-01,Italy,Southern Europe,Services,Other Operating Income,Budget,4788.1
2025-02-01,Italy,Southern Europe,Services,Revenue,Forecast,1099290.59
2025-02-01,Italy,Southern Europe,Services,Material Costs,Forecast,-194595.3
2025-02-01,Italy,Southern Europe,Services,Production Costs,Forecast,-86486.8
2025-02-01,Italy,Southern Europe,Services,Personnel Costs,Forecast,-254054.97
2025-02-01,Italy,Southern Europe,Services,External Services,Forecast,-81081.37
2025-02-01,Italy,Southern Europe,Services,Travel Expenses,Forecast,-12517.38
2025-02-01,Italy,Southern Europe,Services,IT Expenses,Forecast,-10980.69
2025-02-01,Italy,Southern Europe,Services,Other Operating Expenses,Forecast,-19977.22
2025-02-01,Italy,Southern Europe,Services,Depreciation,Forecast,-21985.81
2025-02-01,Italy,Southern Europe,Services,Other Operating Income,Forecast,4391.41
2025-02-01,Italy,Southern Europe,Equipment,Revenue,Actual,1396129.17
2025-02-01,Italy,Southern Europe,Equipment,Material Costs,Actual,-610386.25
2025-02-01,Italy,Southern Europe,Equipment,Production Costs,Actual,-212925.44
2025-02-01,Italy,Southern Europe,Equipment,Personnel Costs,Actual,-170340.35
2025-02-01,Italy,Southern Europe,Equipment,External Services,Actual,-56780.12
2025-02-01,Italy,Southern Europe,Equipment,Travel Expenses,Actual,-16937.8
2025-02-01,Italy,Southern Europe,Equipment,IT Expenses,Actual,-13698.85
2025-02-01,Italy,Southern Europe,Equipment,Other Operating Expenses,Actual,-24807.48
2025-02-01,Italy,Southern Europe,Equipment,Depreciation,Actual,-62825.81
2025-02-01,Italy,Southern Europe,Equipment,Other Operating Income,Actual,5347.91
2025-02-01,Italy,Southern Europe,Equipment,Revenue,Budget,1365752.23
2025-02-01,Italy,Southern Europe,Equipment,Material Costs,Budget,-587273.46
2025-02-01,Italy,Southern Europe,Equipment,Production Costs,Budget,-204862.83
2025-02-01,Italy,Southern Europe,Equipment,Personnel Costs,Budget,-163890.27
2025-02-01,Italy,Southern Europe,Equipment,External Services,Budget,-54630.09
2025-02-01,Italy,Southern Europe,Equipment,Travel Expenses,Budget,-16358.21
2025-02-01,Italy,Southern Europe,Equipment,IT Expenses,Budget,-13918.42
2025-02-01,Italy,Southern Europe,Equipment,Other Operating Expenses,Budget,-23977.72
2025-02-01,Italy,Southern Europe,Equipment,Depreciation,Budget,-61458.85
2025-02-01,Italy,Southern Europe,Equipment,Other Operating Income,Budget,5573.15
2025-02-01,Italy,Southern Europe,Equipment,Revenue,Forecast,1368032.53
2025-02-01,Italy,Southern Europe,Equipment,Material Costs,Forecast,-584510.88
2025-02-01,Italy,Southern Europe,Equipment,Production Costs,Forecast,-203899.14
2025-02-01,Italy,Southern Europe,Equipment,Personnel Costs,Forecast,-163119.31
2025-02-01,Italy,Southern Europe,Equipment,External Services,Forecast,-54373.1
2025-02-01,Italy,Southern Europe,Equipment,Travel Expenses,Forecast,-16025.91
2025-02-01,Italy,Southern Europe,Equipment,IT Expenses,Forecast,-13651.04
2025-02-01,Italy,Southern Europe,Equipment,Other Operating Expenses,Forecast,-23987.28
2025-02-01,Italy,Southern Europe,Equipment,Depreciation,Forecast,-61561.46
2025-02-01,Italy,Southern Europe,Equipment,Other Operating Income,Forecast,5350.94
2025-02-01,Switzerland,DACH,Industrial Solutions,Revenue,Actual,1772530.28
2025-02-01,Switzerland,DACH,Industrial Solutions,Material Costs,Actual,-644363.57
2025-02-01,Switzerland,DACH,Industrial Solutions,Production Costs,Actual,-208982.78
2025-02-01,Switzerland,DACH,Industrial Solutions,Personnel Costs,Actual,-252520.86
2025-02-01,Switzerland,DACH,Industrial Solutions,External Services,Actual,-87076.16
2025-02-01,Switzerland,DACH,Industrial Solutions,Travel Expenses,Actual,-21406.91
2025-02-01,Switzerland,DACH,Industrial Solutions,IT Expenses,Actual,-17685.48
2025-02-01,Switzerland,DACH,Industrial Solutions,Other Operating Expenses,Actual,-31729.29
2025-02-01,Switzerland,DACH,Industrial Solutions,Depreciation,Actual,-62038.56
2025-02-01,Switzerland,DACH,Industrial Solutions,Other Operating Income,Actual,7264.3
2025-02-01,Switzerland,DACH,Industrial Solutions,Revenue,Budget,1634644.06
2025-02-01,Switzerland,DACH,Industrial Solutions,Material Costs,Budget,-604818.3
2025-02-01,Switzerland,DACH,Industrial Solutions,Production Costs,Budget,-196157.29
2025-02-01,Switzerland,DACH,Industrial Solutions,Personnel Costs,Budget,-237023.39
2025-02-01,Switzerland,DACH,Industrial Solutions,External Services,Budget,-81732.2
2025-02-01,Switzerland,DACH,Industrial Solutions,Travel Expenses,Budget,-20061.5
2025-02-01,Switzerland,DACH,Industrial Solutions,IT Expenses,Budget,-16173.0
2025-02-01,Switzerland,DACH,Industrial Solutions,Other Operating Expenses,Budget,-29000.03
2025-02-01,Switzerland,DACH,Industrial Solutions,Depreciation,Budget,-57212.54
2025-02-01,Switzerland,DACH,Industrial Solutions,Other Operating Income,Budget,6466.64
2025-02-01,Switzerland,DACH,Industrial Solutions,Revenue,Forecast,1710964.03
2025-02-01,Switzerland,DACH,Industrial Solutions,Material Costs,Forecast,-615569.73
2025-02-01,Switzerland,DACH,Industrial Solutions,Production Costs,Forecast,-199644.24
2025-02-01,Switzerland,DACH,Industrial Solutions,Personnel Costs,Forecast,-241236.79
2025-02-01,Switzerland,DACH,Industrial Solutions,External Services,Forecast,-83185.1
2025-02-01,Switzerland,DACH,Industrial Solutions,Travel Expenses,Forecast,-19598.29
2025-02-01,Switzerland,DACH,Industrial Solutions,IT Expenses,Forecast,-17577.37
2025-02-01,Switzerland,DACH,Industrial Solutions,Other Operating Expenses,Forecast,-32063.87
2025-02-01,Switzerland,DACH,Industrial Solutions,Depreciation,Forecast,-59883.74
2025-02-01,Switzerland,DACH,Industrial Solutions,Other Operating Income,Forecast,6775.68
2025-02-01,Switzerland,DACH,Services,Revenue,Actual,1047844.45
2025-02-01,Switzerland,DACH,Services,Material Costs,Actual,-193891.13
2025-02-01,Switzerland,DACH,Services,Production Costs,Actual,-86173.84
2025-02-01,Switzerland,DACH,Services,Personnel Costs,Actual,-253135.65
2025-02-01,Switzerland,DACH,Services,External Services,Actual,-80787.97
2025-02-01,Switzerland,DACH,Services,Travel Expenses,Actual,-12525.88
2025-02-01,Switzerland,DACH,Services,IT Expenses,Actual,-10278.19
2025-02-01,Switzerland,DACH,Services,Other Operating Expenses,Actual,-18103.71
2025-02-01,Switzerland,DACH,Services,Depreciation,Actual,-20956.89
2025-02-01,Switzerland,DACH,Services,Other Operating Income,Actual,4225.49
2025-02-01,Switzerland,DACH,Services,Revenue,Budget,1043724.08
2025-02-01,Switzerland,DACH,Services,Material Costs,Budget,-187870.33
2025-02-01,Switzerland,DACH,Services,Production Costs,Budget,-83497.93
2025-02-01,Switzerland,DACH,Services,Personnel Costs,Budget,-245275.16
2025-02-01,Switzerland,DACH,Services,External Services,Budget,-78279.31
2025-02-01,Switzerland,DACH,Services,Travel Expenses,Budget,-12240.5
2025-02-01,Switzerland,DACH,Services,IT Expenses,Budget,-10140.35
2025-02-01,Switzerland,DACH,Services,Other Operating Expenses,Budget,-18483.35
2025-02-01,Switzerland,DACH,Services,Depreciation,Budget,-20874.48
2025-02-01,Switzerland,DACH,Services,Other Operating Income,Budget,3994.28
2025-02-01,Switzerland,DACH,Services,Revenue,Forecast,1071754.12
2025-02-01,Switzerland,DACH,Services,Material Costs,Forecast,-196821.46
2025-02-01,Switzerland,DACH,Services,Production Costs,Forecast,-87476.2
2025-02-01,Switzerland,DACH,Services,Personnel Costs,Forecast,-256961.34
2025-02-01,Switzerland,DACH,Services,External Services,Forecast,-82008.94
2025-02-01,Switzerland,DACH,Services,Travel Expenses,Forecast,-13201.21
2025-02-01,Switzerland,DACH,Services,IT Expenses,Forecast,-10715.83
2025-02-01,Switzerland,DACH,Services,Other Operating Expenses,Forecast,-20005.34
2025-02-01,Switzerland,DACH,Services,Depreciation,Forecast,-21435.08
2025-02-01,Switzerland,DACH,Services,Other Operating Income,Forecast,4300.28
2025-02-01,Switzerland,DACH,Equipment,Revenue,Actual,1382959.88
2025-02-01,Switzerland,DACH,Equipment,Material Costs,Actual,-579252.2
2025-02-01,Switzerland,DACH,Equipment,Production Costs,Actual,-202064.72
2025-02-01,Switzerland,DACH,Equipment,Personnel Costs,Actual,-161651.78
2025-02-01,Switzerland,DACH,Equipment,External Services,Actual,-53883.93
2025-02-01,Switzerland,DACH,Equipment,Travel Expenses,Actual,-16500.76
2025-02-01,Switzerland,DACH,Equipment,IT Expenses,Actual,-13587.41
2025-02-01,Switzerland,DACH,Equipment,Other Operating Expenses,Actual,-24032.72
2025-02-01,Switzerland,DACH,Equipment,Depreciation,Actual,-62233.19
2025-02-01,Switzerland,DACH,Equipment,Other Operating Income,Actual,5736.78
2025-02-01,Switzerland,DACH,Equipment,Revenue,Budget,1299396.45
2025-02-01,Switzerland,DACH,Equipment,Material Costs,Budget,-558740.47
2025-02-01,Switzerland,DACH,Equipment,Production Costs,Budget,-194909.47
2025-02-01,Switzerland,DACH,Equipment,Personnel Costs,Budget,-155927.57
2025-02-01,Switzerland,DACH,Equipment,External Services,Budget,-51975.86
2025-02-01,Switzerland,DACH,Equipment,Travel Expenses,Budget,-16485.95
2025-02-01,Switzerland,DACH,Equipment,IT Expenses,Budget,-12630.51
2025-02-01,Switzerland,DACH,Equipment,Other Operating Expenses,Budget,-23718.32
2025-02-01,Switzerland,DACH,Equipment,Depreciation,Budget,-58472.84
2025-02-01,Switzerland,DACH,Equipment,Other Operating Income,Budget,5062.31
2025-02-01,Switzerland,DACH,Equipment,Revenue,Forecast,1351156.55
2025-02-01,Switzerland,DACH,Equipment,Material Costs,Forecast,-577601.09
2025-02-01,Switzerland,DACH,Equipment,Production Costs,Forecast,-201488.75
2025-02-01,Switzerland,DACH,Equipment,Personnel Costs,Forecast,-161191.0
2025-02-01,Switzerland,DACH,Equipment,External Services,Forecast,-53730.33
2025-02-01,Switzerland,DACH,Equipment,Travel Expenses,Forecast,-15925.73
2025-02-01,Switzerland,DACH,Equipment,IT Expenses,Forecast,-13278.09
2025-02-01,Switzerland,DACH,Equipment,Other Operating Expenses,Forecast,-24350.32
2025-02-01,Switzerland,DACH,Equipment,Depreciation,Forecast,-60802.04
2025-02-01,Switzerland,DACH,Equipment,Other Operating Income,Forecast,5224.99
2025-03-01,Austria,DACH,Industrial Solutions,Revenue,Actual,2402967.34
2025-03-01,Austria,DACH,Industrial Solutions,Material Costs,Actual,-899337.47
2025-03-01,Austria,DACH,Industrial Solutions,Production Costs,Actual,-291677.02
2025-03-01,Austria,DACH,Industrial Solutions,Personnel Costs,Actual,-352443.06
2025-03-01,Austria,DACH,Industrial Solutions,External Services,Actual,-121532.09
2025-03-01,Austria,DACH,Industrial Solutions,Travel Expenses,Actual,-28336.66
2025-03-01,Austria,DACH,Industrial Solutions,IT Expenses,Actual,-24392.71
2025-03-01,Austria,DACH,Industrial Solutions,Other Operating Expenses,Actual,-43795.07
2025-03-01,Austria,DACH,Industrial Solutions,Depreciation,Actual,-84103.86
2025-03-01,Austria,DACH,Industrial Solutions,Other Operating Income,Actual,9236.02
2025-03-01,Austria,DACH,Industrial Solutions,Revenue,Budget,2415012.52
2025-03-01,Austria,DACH,Industrial Solutions,Material Costs,Budget,-893554.63
2025-03-01,Austria,DACH,Industrial Solutions,Production Costs,Budget,-289801.5
2025-03-01,Austria,DACH,Industrial Solutions,Personnel Costs,Budget,-350176.82
2025-03-01,Austria,DACH,Industrial Solutions,External Services,Budget,-120750.63
2025-03-01,Austria,DACH,Industrial Solutions,Travel Expenses,Budget,-29066.51
2025-03-01,Austria,DACH,Industrial Solutions,IT Expenses,Budget,-24513.05
2025-03-01,Austria,DACH,Industrial Solutions,Other Operating Expenses,Budget,-41655.99
2025-03-01,Austria,DACH,Industrial Solutions,Depreciation,Budget,-84525.44
2025-03-01,Austria,DACH,Industrial Solutions,Other Operating Income,Budget,9870.01
2025-03-01,Austria,DACH,Industrial Solutions,Revenue,Forecast,2403783.84
2025-03-01,Austria,DACH,Industrial Solutions,Material Costs,Forecast,-882327.97
2025-03-01,Austria,DACH,Industrial Solutions,Production Costs,Forecast,-286160.42
2025-03-01,Austria,DACH,Industrial Solutions,Personnel Costs,Forecast,-345777.18
2025-03-01,Austria,DACH,Industrial Solutions,External Services,Forecast,-119233.51
2025-03-01,Austria,DACH,Industrial Solutions,Travel Expenses,Forecast,-29339.18
2025-03-01,Austria,DACH,Industrial Solutions,IT Expenses,Forecast,-23670.9
2025-03-01,Austria,DACH,Industrial Solutions,Other Operating Expenses,Forecast,-41315.76
2025-03-01,Austria,DACH,Industrial Solutions,Depreciation,Forecast,-84132.43
2025-03-01,Austria,DACH,Industrial Solutions,Other Operating Income,Forecast,8989.17
2025-03-01,Austria,DACH,Services,Revenue,Actual,1518176.34
2025-03-01,Austria,DACH,Services,Material Costs,Actual,-277634.47
2025-03-01,Austria,DACH,Services,Production Costs,Actual,-123393.1
2025-03-01,Austria,DACH,Services,Personnel Costs,Actual,-362467.23
2025-03-01,Austria,DACH,Services,External Services,Actual,-115681.03
2025-03-01,Austria,DACH,Services,Travel Expenses,Actual,-17310.02
2025-03-01,Austria,DACH,Services,IT Expenses,Actual,-15161.7
2025-03-01,Austria,DACH,Services,Other Operating Expenses,Actual,-26499.83
2025-03-01,Austria,DACH,Services,Depreciation,Actual,-30363.53
2025-03-01,Austria,DACH,Services,Other Operating Income,Actual,5914.37
2025-03-01,Austria,DACH,Services,Revenue,Budget,1505368.13
2025-03-01,Austria,DACH,Services,Material Costs,Budget,-270966.26
2025-03-01,Austria,DACH,Services,Production Costs,Budget,-120429.45
2025-03-01,Austria,DACH,Services,Personnel Costs,Budget,-353761.51
2025-03-01,Austria,DACH,Services,External Services,Budget,-112902.61
2025-03-01,Austria,DACH,Services,Travel Expenses,Budget,-18090.1
2025-03-01,Austria,DACH,Services,IT Expenses,Budget,-14794.63
2025-03-01,Austria,DACH,Services,Other Operating Expenses,Budget,-26836.12
2025-03-01,Austria,DACH,Services,Depreciation,Budget,-30107.36
2025-03-01,Austria,DACH,Services,Other Operating Income,Budget,6263.85
2025-03-01,Austria,DACH,Services,Revenue,Forecast,1501471.04
2025-03-01,Austria,DACH,Services,Material Costs,Forecast,-268393.83
2025-03-01,Austria,DACH,Services,Production Costs,Forecast,-119286.14
2025-03-01,Austria,DACH,Services,Personnel Costs,Forecast,-350403.05
2025-03-01,Austria,DACH,Services,External Services,Forecast,-111830.76
2025-03-01,Austria,DACH,Services,Travel Expenses,Forecast,-18469.37
2025-03-01,Austria,DACH,Services,IT Expenses,Forecast,-14675.47
2025-03-01,Austria,DACH,Services,Other Operating Expenses,Forecast,-27384.45
2025-03-01,Austria,DACH,Services,Depreciation,Forecast,-30029.42
2025-03-01,Austria,DACH,Services,Other Operating Income,Forecast,6352.2
2025-03-01,Austria,DACH,Equipment,Revenue,Actual,1852547.48
2025-03-01,Austria,DACH,Equipment,Material Costs,Actual,-792551.79
2025-03-01,Austria,DACH,Equipment,Production Costs,Actual,-276471.56
2025-03-01,Austria,DACH,Equipment,Personnel Costs,Actual,-221177.24
2025-03-01,Austria,DACH,Equipment,External Services,Actual,-73725.75
2025-03-01,Austria,DACH,Equipment,Travel Expenses,Actual,-22478.09
2025-03-01,Austria,DACH,Equipment,IT Expenses,Actual,-18301.69
2025-03-01,Austria,DACH,Equipment,Other Operating Expenses,Actual,-33418.04
2025-03-01,Austria,DACH,Equipment,Depreciation,Actual,-83364.64
2025-03-01,Austria,DACH,Equipment,Other Operating Income,Actual,7364.05
2025-03-01,Austria,DACH,Equipment,Revenue,Budget,1849177.44
2025-03-01,Austria,DACH,Equipment,Material Costs,Budget,-795146.3
2025-03-01,Austria,DACH,Equipment,Production Costs,Budget,-277376.62
2025-03-01,Austria,DACH,Equipment,Personnel Costs,Budget,-221901.29
2025-03-01,Austria,DACH,Equipment,External Services,Budget,-73967.1
2025-03-01,Austria,DACH,Equipment,Travel Expenses,Budget,-22967.53
2025-03-01,Austria,DACH,Equipment,IT Expenses,Budget,-18585.87
2025-03-01,Austria,DACH,Equipment,Other Operating Expenses,Budget,-33566.12
2025-03-01,Austria,DACH,Equipment,Depreciation,Budget,-83212.99
2025-03-01,Austria,DACH,Equipment,Other Operating Income,Budget,7274.85
2025-03-01,Austria,DACH,Equipment,Revenue,Forecast,1859576.39
2025-03-01,Austria,DACH,Equipment,Material Costs,Forecast,-794939.07
2025-03-01,Austria,DACH,Equipment,Production Costs,Forecast,-277304.33
2025-03-01,Austria,DACH,Equipment,Personnel Costs,Forecast,-221843.46
2025-03-01,Austria,DACH,Equipment,External Services,Forecast,-73947.82
2025-03-01,Austria,DACH,Equipment,Travel Expenses,Forecast,-22025.34
2025-03-01,Austria,DACH,Equipment,IT Expenses,Forecast,-18742.47
2025-03-01,Austria,DACH,Equipment,Other Operating Expenses,Forecast,-33120.09
2025-03-01,Austria,DACH,Equipment,Depreciation,Forecast,-83680.94
2025-03-01,Austria,DACH,Equipment,Other Operating Income,Forecast,7524.52
2025-03-01,Germany,DACH,Industrial Solutions,Revenue,Actual,3348801.9
2025-03-01,Germany,DACH,Industrial Solutions,Material Costs,Actual,-1276266.01
2025-03-01,Germany,DACH,Industrial Solutions,Production Costs,Actual,-413924.11
2025-03-01,Germany,DACH,Industrial Solutions,Personnel Costs,Actual,-500158.3
2025-03-01,Germany,DACH,Industrial Solutions,External Services,Actual,-172468.38
2025-03-01,Germany,DACH,Industrial Solutions,Travel Expenses,Actual,-39693.66
2025-03-01,Germany,DACH,Industrial Solutions,IT Expenses,Actual,-32122.96
2025-03-01,Germany,DACH,Industrial Solutions,Other Operating Expenses,Actual,-58759.29
2025-03-01,Germany,DACH,Industrial Solutions,Depreciation,Actual,-117208.07
2025-03-01,Germany,DACH,Industrial Solutions,Other Operating Income,Actual,12392.82
2025-03-01,Germany,DACH,Industrial Solutions,Revenue,Budget,3330653.66
2025-03-01,Germany,DACH,Industrial Solutions,Material Costs,Budget,-1232341.85
2025-03-01,Germany,DACH,Industrial Solutions,Production Costs,Budget,-399678.44
2025-03-01,Germany,DACH,Industrial Solutions,Personnel Costs,Budget,-482944.78
2025-03-01,Germany,DACH,Industrial Solutions,External Services,Budget,-166532.68
2025-03-01,Germany,DACH,Industrial Solutions,Travel Expenses,Budget,-39546.37
2025-03-01,Germany,DACH,Industrial Solutions,IT Expenses,Budget,-33318.81
2025-03-01,Germany,DACH,Industrial Solutions,Other Operating Expenses,Budget,-62464.4
2025-03-01,Germany,DACH,Industrial Solutions,Depreciation,Budget,-116572.88
2025-03-01,Germany,DACH,Industrial Solutions,Other Operating Income,Budget,13496.84
2025-03-01,Germany,DACH,Industrial Solutions,Revenue,Forecast,3331922.18
2025-03-01,Germany,DACH,Industrial Solutions,Material Costs,Forecast,-1229569.89
2025-03-01,Germany,DACH,Industrial Solutions,Production Costs,Forecast,-398779.42
2025-03-01,Germany,DACH,Industrial Solutions,Personnel Costs,Forecast,-481858.47
2025-03-01,Germany,DACH,Industrial Solutions,External Services,Forecast,-166158.09
2025-03-01,Germany,DACH,Industrial Solutions,Travel Expenses,Forecast,-40977.93
2025-03-01,Germany,DACH,Industrial Solutions,IT Expenses,Forecast,-31845.76
2025-03-01,Germany,DACH,Industrial Solutions,Other Operating Expenses,Forecast,-60327.87
2025-03-01,Germany,DACH,Industrial Solutions,Depreciation,Forecast,-116617.28
2025-03-01,Germany,DACH,Industrial Solutions,Other Operating Income,Forecast,13738.64
2025-03-01,Germany,DACH,Services,Revenue,Actual,2207438.94
2025-03-01,Germany,DACH,Services,Material Costs,Actual,-416806.58
2025-03-01,Germany,DACH,Services,Production Costs,Actual,-185247.37
2025-03-01,Germany,DACH,Services,Personnel Costs,Actual,-544164.15
2025-03-01,Germany,DACH,Services,External Services,Actual,-173669.41
2025-03-01,Germany,DACH,Services,Travel Expenses,Actual,-26992.13
2025-03-01,Germany,DACH,Services,IT Expenses,Actual,-23076.87
2025-03-01,Germany,DACH,Services,Other Operating Expenses,Actual,-39914.56
2025-03-01,Germany,DACH,Services,Depreciation,Actual,-44148.78
2025-03-01,Germany,DACH,Services,Other Operating Income,Actual,8917.42
2025-03-01,Germany,DACH,Services,Revenue,Budget,1995037.57
2025-03-01,Germany,DACH,Services,Material Costs,Budget,-359106.76
2025-03-01,Germany,DACH,Services,Production Costs,Budget,-159603.01
2025-03-01,Germany,DACH,Services,Personnel Costs,Budget,-468833.83
2025-03-01,Germany,DACH,Services,External Services,Budget,-149627.82
2025-03-01,Germany,DACH,Services,Travel Expenses,Budget,-23610.53
2025-03-01,Germany,DACH,Services,IT Expenses,Budget,-19611.28
2025-03-01,Germany,DACH,Services,Other Operating Expenses,Budget,-36656.12
2025-03-01,Germany,DACH,Services,Depreciation,Budget,-39900.75
2025-03-01,Germany,DACH,Services,Other Operating Income,Budget,7706.88
2025-03-01,Germany,DACH,Services,Revenue,Forecast,2117577.17
2025-03-01,Germany,DACH,Services,Material Costs,Forecast,-381491.23
2025-03-01,Germany,DACH,Services,Production Costs,Forecast,-169551.66
2025-03-01,Germany,DACH,Services,Personnel Costs,Forecast,-498058.0
2025-03-01,Germany,DACH,Services,External Services,Forecast,-158954.68
2025-03-01,Germany,DACH,Services,Travel Expenses,Forecast,-25046.79
2025-03-01,Germany,DACH,Services,IT Expenses,Forecast,-21378.63
2025-03-01,Germany,DACH,Services,Other Operating Expenses,Forecast,-38434.34
2025-03-01,Germany,DACH,Services,Depreciation,Forecast,-42351.54
2025-03-01,Germany,DACH,Services,Other Operating Income,Forecast,8821.84
2025-03-01,Germany,DACH,Equipment,Revenue,Actual,2548394.29
2025-03-01,Germany,DACH,Equipment,Material Costs,Actual,-1083638.03
2025-03-01,Germany,DACH,Equipment,Production Costs,Actual,-378013.27
2025-03-01,Germany,DACH,Equipment,Personnel Costs,Actual,-302410.61
2025-03-01,Germany,DACH,Equipment,External Services,Actual,-100803.54
2025-03-01,Germany,DACH,Equipment,Travel Expenses,Actual,-30926.88
2025-03-01,Germany,DACH,Equipment,IT Expenses,Actual,-25869.76
2025-03-01,Germany,DACH,Equipment,Other Operating Expenses,Actual,-44813.58
2025-03-01,Germany,DACH,Equipment,Depreciation,Actual,-114677.74
2025-03-01,Germany,DACH,Equipment,Other Operating Income,Actual,10548.15
2025-03-01,Germany,DACH,Equipment,Revenue,Budget,2556949.6
2025-03-01,Germany,DACH,Equipment,Material Costs,Budget,-1099488.33
2025-03-01,Germany,DACH,Equipment,Production Costs,Budget,-383542.44
2025-03-01,Germany,DACH,Equipment,Personnel Costs,Budget,-306833.95
2025-03-01,Germany,DACH,Equipment,External Services,Budget,-102277.98
2025-03-01,Germany,DACH,Equipment,Travel Expenses,Budget,-31931.26
2025-03-01,Germany,DACH,Equipment,IT Expenses,Budget,-25780.92
2025-03-01,Germany,DACH,Equipment,Other Operating Expenses,Budget,-48184.59
2025-03-01,Germany,DACH,Equipment,Depreciation,Budget,-115062.73
2025-03-01,Germany,DACH,Equipment,Other Operating Income,Budget,9911.23
2025-03-01,Germany,DACH,Equipment,Revenue,Forecast,2532259.83
2025-03-01,Germany,DACH,Equipment,Material Costs,Forecast,-1072608.49
2025-03-01,Germany,DACH,Equipment,Production Costs,Forecast,-374165.75
2025-03-01,Germany,DACH,Equipment,Personnel Costs,Forecast,-299332.6
2025-03-01,Germany,DACH,Equipment,External Services,Forecast,-99777.53
2025-03-01,Germany,DACH,Equipment,Travel Expenses,Forecast,-28765.61
2025-03-01,Germany,DACH,Equipment,IT Expenses,Forecast,-26080.27
2025-03-01,Germany,DACH,Equipment,Other Operating Expenses,Forecast,-46326.34
2025-03-01,Germany,DACH,Equipment,Depreciation,Forecast,-113951.69
2025-03-01,Germany,DACH,Equipment,Other Operating Income,Forecast,10106.52
2025-03-01,France,Western Europe,Industrial Solutions,Revenue,Actual,2543612.83
2025-03-01,France,Western Europe,Industrial Solutions,Material Costs,Actual,-944177.12
2025-03-01,France,Western Europe,Industrial Solutions,Production Costs,Actual,-306219.61
2025-03-01,France,Western Europe,Industrial Solutions,Personnel Costs,Actual,-370015.36
2025-03-01,France,Western Europe,Industrial Solutions,External Services,Actual,-127591.5
2025-03-01,France,Western Europe,Industrial Solutions,Travel Expenses,Actual,-30623.53
2025-03-01,France,Western Europe,Industrial Solutions,IT Expenses,Actual,-25805.34
2025-03-01,France,Western Europe,Industrial Solutions,Other Operating Expenses,Actual,-46335.61
2025-03-01,France,Western Europe,Industrial Solutions,Depreciation,Actual,-89026.45
2025-03-01,France,Western Europe,Industrial Solutions,Other Operating Income,Actual,10265.57
2025-03-01,France,Western Europe,Industrial Solutions,Revenue,Budget,2656816.01
2025-03-01,France,Western Europe,Industrial Solutions,Material Costs,Budget,-983021.93
2025-03-01,France,Western Europe,Industrial Solutions,Production Costs,Budget,-318817.92
2025-03-01,France,Western Europe,Industrial Solutions,Personnel Costs,Budget,-385238.32
2025-03-01,France,Western Europe,Industrial Solutions,External Services,Budget,-132840.8
2025-03-01,France,Western Europe,Industrial Solutions,Travel Expenses,Budget,-31125.74
2025-03-01,France,Western Europe,Industrial Solutions,IT Expenses,Budget,-26818.68
2025-03-01,France,Western Europe,Industrial Solutions,Other Operating Expenses,Budget,-50072.78
2025-03-01,France,Western Europe,Industrial Solutions,Depreciation,Budget,-92988.56
2025-03-01,France,Western Europe,Industrial Solutions,Other Operating Income,Budget,11199.19
2025-03-01,France,Western Europe,Industrial Solutions,Revenue,Forecast,2645319.35
2025-03-01,France,Western Europe,Industrial Solutions,Material Costs,Forecast,-997480.48
2025-03-01,France,Western Europe,Industrial Solutions,Production Costs,Forecast,-323507.18
2025-03-01,France,Western Europe,Industrial Solutions,Personnel Costs,Forecast,-390904.51
2025-03-01,France,Western Europe,Industrial Solutions,External Services,Forecast,-134794.66
2025-03-01,France,Western Europe,Industrial Solutions,Travel Expenses,Forecast,-31256.99
2025-03-01,France,Western Europe,Industrial Solutions,IT Expenses,Forecast,-25929.63
2025-03-01,France,Western Europe,Industrial Solutions,Other Operating Expenses,Forecast,-47466.01
2025-03-01,France,Western Europe,Industrial Solutions,Depreciation,Forecast,-92586.18
2025-03-01,France,Western Europe,Industrial Solutions,Other Operating Income,Forecast,10604.86
2025-03-01,France,Western Europe,Services,Revenue,Actual,1556916.95
2025-03-01,France,Western Europe,Services,Material Costs,Actual,-279138.03
2025-03-01,France,Western Europe,Services,Production Costs,Actual,-124061.35
2025-03-01,France,Western Europe,Services,Personnel Costs,Actual,-364430.2
2025-03-01,France,Western Europe,Services,External Services,Actual,-116307.51
2025-03-01,France,Western Europe,Services,Travel Expenses,Actual,-18443.74
2025-03-01,France,Western Europe,Services,IT Expenses,Actual,-15254.02
2025-03-01,France,Western Europe,Services,Other Operating Expenses,Actual,-26865.09
2025-03-01,France,Western Europe,Services,Depreciation,Actual,-31138.34
2025-03-01,France,Western Europe,Services,Other Operating Income,Actual,6432.73
2025-03-01,France,Western Europe,Services,Revenue,Budget,1676679.99
2025-03-01,France,Western Europe,Services,Material Costs,Budget,-301802.4
2025-03-01,France,Western Europe,Services,Production Costs,Budget,-134134.4
2025-03-01,France,Western Europe,Services,Personnel Costs,Budget,-394019.8
2025-03-01,France,Western Europe,Services,External Services,Budget,-125751.0
2025-03-01,France,Western Europe,Services,Travel Expenses,Budget,-20164.41
2025-03-01,France,Western Europe,Services,IT Expenses,Budget,-16334.23
2025-03-01,France,Western Europe,Services,Other Operating Expenses,Budget,-29203.1
2025-03-01,France,Western Europe,Services,Depreciation,Budget,-33533.6
2025-03-01,France,Western Europe,Services,Other Operating Income,Budget,6616.64
2025-03-01,France,Western Europe,Services,Revenue,Forecast,1630520.84
2025-03-01,France,Western Europe,Services,Material Costs,Forecast,-299371.92
2025-03-01,France,Western Europe,Services,Production Costs,Forecast,-133054.19
2025-03-01,France,Western Europe,Services,Personnel Costs,Forecast,-390846.67
2025-03-01,France,Western Europe,Services,External Services,Forecast,-124738.3
2025-03-01,France,Western Europe,Services,Travel Expenses,Forecast,-19413.87
2025-03-01,France,Western Europe,Services,IT Expenses,Forecast,-15815.03
2025-03-01,France,Western Europe,Services,Other Operating Expenses,Forecast,-29169.06
2025-03-01,France,Western Europe,Services,Depreciation,Forecast,-32610.42
2025-03-01,France,Western Europe,Services,Other Operating Income,Forecast,6450.93
2025-03-01,France,Western Europe,Equipment,Revenue,Actual,1956287.8
2025-03-01,France,Western Europe,Equipment,Material Costs,Actual,-855845.04
2025-03-01,France,Western Europe,Equipment,Production Costs,Actual,-298550.59
2025-03-01,France,Western Europe,Equipment,Personnel Costs,Actual,-238840.48
2025-03-01,France,Western Europe,Equipment,External Services,Actual,-79613.49
2025-03-01,France,Western Europe,Equipment,Travel Expenses,Actual,-24777.61
2025-03-01,France,Western Europe,Equipment,IT Expenses,Actual,-20003.66
2025-03-01,France,Western Europe,Equipment,Other Operating Expenses,Actual,-34976.47
2025-03-01,France,Western Europe,Equipment,Depreciation,Actual,-88032.95
2025-03-01,France,Western Europe,Equipment,Other Operating Income,Actual,7478.8
2025-03-01,France,Western Europe,Equipment,Revenue,Budget,2028429.17
2025-03-01,France,Western Europe,Equipment,Material Costs,Budget,-872224.54
2025-03-01,France,Western Europe,Equipment,Production Costs,Budget,-304264.38
2025-03-01,France,Western Europe,Equipment,Personnel Costs,Budget,-243411.5
2025-03-01,France,Western Europe,Equipment,External Services,Budget,-81137.17
2025-03-01,France,Western Europe,Equipment,Travel Expenses,Budget,-26220.31
2025-03-01,France,Western Europe,Equipment,IT Expenses,Budget,-20308.32
2025-03-01,France,Western Europe,Equipment,Other Operating Expenses,Budget,-36524.44
2025-03-01,France,Western Europe,Equipment,Depreciation,Budget,-91279.31
2025-03-01,France,Western Europe,Equipment,Other Operating Income,Budget,8105.89
2025-03-01,France,Western Europe,Equipment,Revenue,Forecast,1985077.24
2025-03-01,France,Western Europe,Equipment,Material Costs,Forecast,-855612.2
2025-03-01,France,Western Europe,Equipment,Production Costs,Forecast,-298469.37
2025-03-01,France,Western Europe,Equipment,Personnel Costs,Forecast,-238775.5
2025-03-01,France,Western Europe,Equipment,External Services,Forecast,-79591.83
2025-03-01,France,Western Europe,Equipment,Travel Expenses,Forecast,-23717.76
2025-03-01,France,Western Europe,Equipment,IT Expenses,Forecast,-19623.02
2025-03-01,France,Western Europe,Equipment,Other Operating Expenses,Forecast,-35242.89
2025-03-01,France,Western Europe,Equipment,Depreciation,Forecast,-89328.48
2025-03-01,France,Western Europe,Equipment,Other Operating Income,Forecast,7929.91
2025-03-01,Italy,Southern Europe,Industrial Solutions,Revenue,Actual,1877713.05
2025-03-01,Italy,Southern Europe,Industrial Solutions,Material Costs,Actual,-690325.17
2025-03-01,Italy,Southern Europe,Industrial Solutions,Production Costs,Actual,-223889.24
2025-03-01,Italy,Southern Europe,Industrial Solutions,Personnel Costs,Actual,-270532.84
2025-03-01,Italy,Southern Europe,Industrial Solutions,External Services,Actual,-93287.19
2025-03-01,Italy,Southern Europe,Industrial Solutions,Travel Expenses,Actual,-23549.22
2025-03-01,Italy,Southern Europe,Industrial Solutions,IT Expenses,Actual,-17781.58
2025-03-01,Italy,Southern Europe,Industrial Solutions,Other Operating Expenses,Actual,-34721.13
2025-03-01,Italy,Southern Europe,Industrial Solutions,Depreciation,Actual,-65719.96
2025-03-01,Italy,Southern Europe,Industrial Solutions,Other Operating Income,Actual,7885.22
2025-03-01,Italy,Southern Europe,Industrial Solutions,Revenue,Budget,1913201.93
2025-03-01,Italy,Southern Europe,Industrial Solutions,Material Costs,Budget,-707884.71
2025-03-01,Italy,Southern Europe,Industrial Solutions,Production Costs,Budget,-229584.23
2025-03-01,Italy,Southern Europe,Industrial Solutions,Personnel Costs,Budget,-277414.28
2025-03-01,Italy,Southern Europe,Industrial Solutions,External Services,Budget,-95660.1
2025-03-01,Italy,Southern Europe,Industrial Solutions,Travel Expenses,Budget,-21530.37
2025-03-01,Italy,Southern Europe,Industrial Solutions,IT Expenses,Budget,-19000.89
2025-03-01,Italy,Southern Europe,Industrial Solutions,Other Operating Expenses,Budget,-34117.85
2025-03-01,Italy,Southern Europe,Industrial Solutions,Depreciation,Budget,-66962.07
2025-03-01,Italy,Southern Europe,Industrial Solutions,Other Operating Income,Budget,7221.95
2025-03-01,Italy,Southern Europe,Industrial Solutions,Revenue,Forecast,1895295.41
2025-03-01,Italy,Southern Europe,Industrial Solutions,Material Costs,Forecast,-694713.89
2025-03-01,Italy,Southern Europe,Industrial Solutions,Production Costs,Forecast,-225312.61
2025-03-01,Italy,Southern Europe,Industrial Solutions,Personnel Costs,Forecast,-272252.74
2025-03-01,Italy,Southern Europe,Industrial Solutions,External Services,Forecast,-93880.26
2025-03-01,Italy,Southern Europe,Industrial Solutions,Travel Expenses,Forecast,-21985.79
2025-03-01,Italy,Southern Europe,Industrial Solutions,IT Expenses,Forecast,-19617.17
2025-03-01,Italy,Southern Europe,Industrial Solutions,Other Operating Expenses,Forecast,-34913.34
2025-03-01,Italy,Southern Europe,Industrial Solutions,Depreciation,Forecast,-66335.34
2025-03-01,Italy,Southern Europe,Industrial Solutions,Other Operating Income,Forecast,7966.78
2025-03-01,Italy,Southern Europe,Services,Revenue,Actual,1156037.57
2025-03-01,Italy,Southern Europe,Services,Material Costs,Actual,-210632.57
2025-03-01,Italy,Southern Europe,Services,Production Costs,Actual,-93614.48
2025-03-01,Italy,Southern Europe,Services,Personnel Costs,Actual,-274992.52
2025-03-01,Italy,Southern Europe,Services,External Services,Actual,-87763.57
2025-03-01,Italy,Southern Europe,Services,Travel Expenses,Actual,-13363.83
2025-03-01,Italy,Southern Europe,Services,IT Expenses,Actual,-11725.23
2025-03-01,Italy,Southern Europe,Services,Other Operating Expenses,Actual,-20683.65
2025-03-01,Italy,Southern Europe,Services,Depreciation,Actual,-23120.75
2025-03-01,Italy,Southern Europe,Services,Other Operating Income,Actual,4554.82
2025-03-01,Italy,Southern Europe,Services,Revenue,Budget,1214023.25
2025-03-01,Italy,Southern Europe,Services,Material Costs,Budget,-218524.19
2025-03-01,Italy,Southern Europe,Services,Production Costs,Budget,-97121.86
2025-03-01,Italy,Southern Europe,Services,Personnel Costs,Budget,-285295.46
2025-03-01,Italy,Southern Europe,Services,External Services,Budget,-91051.74
2025-03-01,Italy,Southern Europe,Services,Travel Expenses,Budget,-14879.0
2025-03-01,Italy,Southern Europe,Services,IT Expenses,Budget,-12248.1
2025-03-01,Italy,Southern Europe,Services,Other Operating Expenses,Budget,-21655.22
2025-03-01,Italy,Southern Europe,Services,Depreciation,Budget,-24280.47
2025-03-01,Italy,Southern Europe,Services,Other Operating Income,Budget,5081.29
2025-03-01,Italy,Southern Europe,Services,Revenue,Forecast,1177170.71
2025-03-01,Italy,Southern Europe,Services,Material Costs,Forecast,-209141.92
2025-03-01,Italy,Southern Europe,Services,Production Costs,Forecast,-92951.96
2025-03-01,Italy,Southern Europe,Services,Personnel Costs,Forecast,-273046.4
2025-03-01,Italy,Southern Europe,Services,External Services,Forecast,-87142.47
2025-03-01,Italy,Southern Europe,Services,Travel Expenses,Forecast,-14387.07
2025-03-01,Italy,Southern Europe,Services,IT Expenses,Forecast,-11911.34
2025-03-01,Italy,Southern Europe,Services,Other Operating Expenses,Forecast,-21025.1
2025-03-01,Italy,Southern Europe,Services,Depreciation,Forecast,-23543.41
2025-03-01,Italy,Southern Europe,Services,Other Operating Income,Forecast,4770.11
2025-03-01,Italy,Southern Europe,Equipment,Revenue,Actual,1573865.71
2025-03-01,Italy,Southern Europe,Equipment,Material Costs,Actual,-667918.28
2025-03-01,Italy,Southern Europe,Equipment,Production Costs,Actual,-232994.75
2025-03-01,Italy,Southern Europe,Equipment,Personnel Costs,Actual,-186395.8
2025-03-01,Italy,Southern Europe,Equipment,External Services,Actual,-62131.93
2025-03-01,Italy,Southern Europe,Equipment,Travel Expenses,Actual,-19480.75
2025-03-01,Italy,Southern Europe,Equipment,IT Expenses,Actual,-15516.95
2025-03-01,Italy,Southern Europe,Equipment,Other Operating Expenses,Actual,-27332.05
2025-03-01,Italy,Southern Europe,Equipment,Depreciation,Actual,-70823.96
2025-03-01,Italy,Southern Europe,Equipment,Other Operating Income,Actual,5903.47
2025-03-01,Italy,Southern Europe,Equipment,Revenue,Budget,1501671.23
2025-03-01,Italy,Southern Europe,Equipment,Material Costs,Budget,-645718.63
2025-03-01,Italy,Southern Europe,Equipment,Production Costs,Budget,-225250.68
2025-03-01,Italy,Southern Europe,Equipment,Personnel Costs,Budget,-180200.55
2025-03-01,Italy,Southern Europe,Equipment,External Services,Budget,-60066.85
2025-03-01,Italy,Southern Europe,Equipment,Travel Expenses,Budget,-18347.66
2025-03-01,Italy,Southern Europe,Equipment,IT Expenses,Budget,-14632.16
2025-03-01,Italy,Southern Europe,Equipment,Other Operating Expenses,Budget,-28215.89
2025-03-01,Italy,Southern Europe,Equipment,Depreciation,Budget,-67575.21
2025-03-01,Italy,Southern Europe,Equipment,Other Operating Income,Budget,5506.47
2025-03-01,Italy,Southern Europe,Equipment,Revenue,Forecast,1539098.16
2025-03-01,Italy,Southern Europe,Equipment,Material Costs,Forecast,-675285.04
2025-03-01,Italy,Southern Europe,Equipment,Production Costs,Forecast,-235564.55
2025-03-01,Italy,Southern Europe,Equipment,Personnel Costs,Forecast,-188451.64
2025-03-01,Italy,Southern Europe,Equipment,External Services,Forecast,-62817.21
2025-03-01,Italy,Southern Europe,Equipment,Travel Expenses,Forecast,-18586.1
2025-03-01,Italy,Southern Europe,Equipment,IT Expenses,Forecast,-15361.21
2025-03-01,Italy,Southern Europe,Equipment,Other Operating Expenses,Forecast,-27326.36
2025-03-01,Italy,Southern Europe,Equipment,Depreciation,Forecast,-69259.42
2025-03-01,Italy,Southern Europe,Equipment,Other Operating Income,Forecast,6254.68
2025-03-01,Switzerland,DACH,Industrial Solutions,Revenue,Actual,1875116.54
2025-03-01,Switzerland,DACH,Industrial Solutions,Material Costs,Actual,-696400.08
2025-03-01,Switzerland,DACH,Industrial Solutions,Production Costs,Actual,-225859.49
2025-03-01,Switzerland,DACH,Industrial Solutions,Personnel Costs,Actual,-272913.54
2025-03-01,Switzerland,DACH,Industrial Solutions,External Services,Actual,-94108.12
2025-03-01,Switzerland,DACH,Industrial Solutions,Travel Expenses,Actual,-22255.95
2025-03-01,Switzerland,DACH,Industrial Solutions,IT Expenses,Actual,-18729.81
2025-03-01,Switzerland,DACH,Industrial Solutions,Other Operating Expenses,Actual,-34011.82
2025-03-01,Switzerland,DACH,Industrial Solutions,Depreciation,Actual,-65629.08
2025-03-01,Switzerland,DACH,Industrial Solutions,Other Operating Income,Actual,6987.38
2025-03-01,Switzerland,DACH,Industrial Solutions,Revenue,Budget,1804584.65
2025-03-01,Switzerland,DACH,Industrial Solutions,Material Costs,Budget,-667696.32
2025-03-01,Switzerland,DACH,Industrial Solutions,Production Costs,Budget,-216550.16
2025-03-01,Switzerland,DACH,Industrial Solutions,Personnel Costs,Budget,-261664.77
2025-03-01,Switzerland,DACH,Industrial Solutions,External Services,Budget,-90229.23
2025-03-01,Switzerland,DACH,Industrial Solutions,Travel Expenses,Budget,-20779.17
2025-03-01,Switzerland,DACH,Industrial Solutions,IT Expenses,Budget,-18314.1
2025-03-01,Switzerland,DACH,Industrial Solutions,Other Operating Expenses,Budget,-32621.28
2025-03-01,Switzerland,DACH,Industrial Solutions,Depreciation,Budget,-63160.46
2025-03-01,Switzerland,DACH,Industrial Solutions,Other Operating Income,Budget,7165.22
2025-03-01,Switzerland,DACH,Industrial Solutions,Revenue,Forecast,1845061.71
2025-03-01,Switzerland,DACH,Industrial Solutions,Material Costs,Forecast,-682823.84
2025-03-01,Switzerland,DACH,Industrial Solutions,Production Costs,Forecast,-221456.38
2025-03-01,Switzerland,DACH,Industrial Solutions,Personnel Costs,Forecast,-267593.13
2025-03-01,Switzerland,DACH,Industrial Solutions,External Services,Forecast,-92273.49
2025-03-01,Switzerland,DACH,Industrial Solutions,Travel Expenses,Forecast,-22371.61
2025-03-01,Switzerland,DACH,Industrial Solutions,IT Expenses,Forecast,-18251.44
2025-03-01,Switzerland,DACH,Industrial Solutions,Other Operating Expenses,Forecast,-32564.9
2025-03-01,Switzerland,DACH,Industrial Solutions,Depreciation,Forecast,-64577.16
2025-03-01,Switzerland,DACH,Industrial Solutions,Other Operating Income,Forecast,7438.06
2025-03-01,Switzerland,DACH,Services,Revenue,Actual,1144498.18
2025-03-01,Switzerland,DACH,Services,Material Costs,Actual,-211310.07
2025-03-01,Switzerland,DACH,Services,Production Costs,Actual,-93915.59
2025-03-01,Switzerland,DACH,Services,Personnel Costs,Actual,-275877.04
2025-03-01,Switzerland,DACH,Services,External Services,Actual,-88045.86
2025-03-01,Switzerland,DACH,Services,Travel Expenses,Actual,-13928.7
2025-03-01,Switzerland,DACH,Services,IT Expenses,Actual,-11503.59
2025-03-01,Switzerland,DACH,Services,Other Operating Expenses,Actual,-21107.08
2025-03-01,Switzerland,DACH,Services,Depreciation,Actual,-22889.96
2025-03-01,Switzerland,DACH,Services,Other Operating Income,Actual,4882.97
2025-03-01,Switzerland,DACH,Services,Revenue,Budget,1115127.34
2025-03-01,Switzerland,DACH,Services,Material Costs,Budget,-200722.92
2025-03-01,Switzerland,DACH,Services,Production Costs,Budget,-89210.19
2025-03-01,Switzerland,DACH,Services,Personnel Costs,Budget,-262054.93
2025-03-01,Switzerland,DACH,Services,External Services,Budget,-83634.55
2025-03-01,Switzerland,DACH,Services,Travel Expenses,Budget,-13788.74
2025-03-01,Switzerland,DACH,Services,IT Expenses,Budget,-10740.71
2025-03-01,Switzerland,DACH,Services,Other Operating Expenses,Budget,-19430.19
2025-03-01,Switzerland,DACH,Services,Depreciation,Budget,-22302.55
2025-03-01,Switzerland,DACH,Services,Other Operating Income,Budget,4349.03
2025-03-01,Switzerland,DACH,Services,Revenue,Forecast,1115872.49
2025-03-01,Switzerland,DACH,Services,Material Costs,Forecast,-200919.94
2025-03-01,Switzerland,DACH,Services,Production Costs,Forecast,-89297.75
2025-03-01,Switzerland,DACH,Services,Personnel Costs,Forecast,-262312.14
2025-03-01,Switzerland,DACH,Services,External Services,Forecast,-83716.64
2025-03-01,Switzerland,DACH,Services,Travel Expenses,Forecast,-13598.42
2025-03-01,Switzerland,DACH,Services,IT Expenses,Forecast,-10996.76
2025-03-01,Switzerland,DACH,Services,Other Operating Expenses,Forecast,-20179.49
2025-03-01,Switzerland,DACH,Services,Depreciation,Forecast,-22317.45
2025-03-01,Switzerland,DACH,Services,Other Operating Income,Forecast,4328.62
2025-03-01,Switzerland,DACH,Equipment,Revenue,Actual,1358907.31
2025-03-01,Switzerland,DACH,Equipment,Material Costs,Actual,-564584.39
2025-03-01,Switzerland,DACH,Equipment,Production Costs,Actual,-196948.04
2025-03-01,Switzerland,DACH,Equipment,Personnel Costs,Actual,-157558.43
2025-03-01,Switzerland,DACH,Equipment,External Services,Actual,-52519.48
2025-03-01,Switzerland,DACH,Equipment,Travel Expenses,Actual,-15829.48
2025-03-01,Switzerland,DACH,Equipment,IT Expenses,Actual,-13875.43
2025-03-01,Switzerland,DACH,Equipment,Other Operating Expenses,Actual,-23879.77
2025-03-01,Switzerland,DACH,Equipment,Depreciation,Actual,-61150.83
2025-03-01,Switzerland,DACH,Equipment,Other Operating Income,Actual,6007.98
2025-03-01,Switzerland,DACH,Equipment,Revenue,Budget,1418786.67
2025-03-01,Switzerland,DACH,Equipment,Material Costs,Budget,-610078.27
2025-03-01,Switzerland,DACH,Equipment,Production Costs,Budget,-212818.0
2025-03-01,Switzerland,DACH,Equipment,Personnel Costs,Budget,-170254.4
2025-03-01,Switzerland,DACH,Equipment,External Services,Budget,-56751.47
2025-03-01,Switzerland,DACH,Equipment,Travel Expenses,Budget,-17277.41
2025-03-01,Switzerland,DACH,Equipment,IT Expenses,Budget,-14240.32
2025-03-01,Switzerland,DACH,Equipment,Other Operating Expenses,Budget,-24990.14
2025-03-01,Switzerland,DACH,Equipment,Depreciation,Budget,-63845.4
2025-03-01,Switzerland,DACH,Equipment,Other Operating Income,Budget,5834.12
2025-03-01,Switzerland,DACH,Equipment,Revenue,Forecast,1375617.3
2025-03-01,Switzerland,DACH,Equipment,Material Costs,Forecast,-587429.45
2025-03-01,Switzerland,DACH,Equipment,Production Costs,Forecast,-204917.25
2025-03-01,Switzerland,DACH,Equipment,Personnel Costs,Forecast,-163933.8
2025-03-01,Switzerland,DACH,Equipment,External Services,Forecast,-54644.6
2025-03-01,Switzerland,DACH,Equipment,Travel Expenses,Forecast,-16567.83
2025-03-01,Switzerland,DACH,Equipment,IT Expenses,Forecast,-14460.51
2025-03-01,Switzerland,DACH,Equipment,Other Operating Expenses,Forecast,-24701.65
2025-03-01,Switzerland,DACH,Equipment,Depreciation,Forecast,-61902.78
2025-03-01,Switzerland,DACH,Equipment,Other Operating Income,Forecast,5755.42
2025-04-01,Austria,DACH,Industrial Solutions,Revenue,Actual,2456004.7
2025-04-01,Austria,DACH,Industrial Solutions,Material Costs,Actual,-925785.01
2025-04-01,Austria,DACH,Industrial Solutions,Production Costs,Actual,-300254.6
2025-04-01,Austria,DACH,Industrial Solutions,Personnel Costs,Actual,-362807.64
2025-04-01,Austria,DACH,Industrial Solutions,External Services,Actual,-125106.08
2025-04-01,Austria,DACH,Industrial Solutions,Travel Expenses,Actual,-31074.55
2025-04-01,Austria,DACH,Industrial Solutions,IT Expenses,Actual,-24907.7
2025-04-01,Austria,DACH,Industrial Solutions,Other Operating Expenses,Actual,-43586.45
2025-04-01,Austria,DACH,Industrial Solutions,Depreciation,Actual,-85960.16
2025-04-01,Austria,DACH,Industrial Solutions,Other Operating Income,Actual,10072.53
2025-04-01,Austria,DACH,Industrial Solutions,Revenue,Budget,2438266.54
2025-04-01,Austria,DACH,Industrial Solutions,Material Costs,Budget,-902158.62
2025-04-01,Austria,DACH,Industrial Solutions,Production Costs,Budget,-292591.98
2025-04-01,Austria,DACH,Industrial Solutions,Personnel Costs,Budget,-353548.65
2025-04-01,Austria,DACH,Industrial Solutions,External Services,Budget,-121913.33
2025-04-01,Austria,DACH,Industrial Solutions,Travel Expenses,Budget,-30112.88
2025-04-01,Austria,DACH,Industrial Solutions,IT Expenses,Budget,-24685.89
2025-04-01,Austria,DACH,Industrial Solutions,Other Operating Expenses,Budget,-42165.92
2025-04-01,Austria,DACH,Industrial Solutions,Depreciation,Budget,-85339.33
2025-04-01,Austria,DACH,Industrial Solutions,Other Operating Income,Budget,9469.39
2025-04-01,Austria,DACH,Industrial Solutions,Revenue,Forecast,2482702.2
2025-04-01,Austria,DACH,Industrial Solutions,Material Costs,Forecast,-915871.37
2025-04-01,Austria,DACH,Industrial Solutions,Production Costs,Forecast,-297039.36
2025-04-01,Austria,DACH,Industrial Solutions,Personnel Costs,Forecast,-358922.56
2025-04-01,Austria,DACH,Industrial Solutions,External Services,Forecast,-123766.4
2025-04-01,Austria,DACH,Industrial Solutions,Travel Expenses,Forecast,-29725.9
2025-04-01,Austria,DACH,Industrial Solutions,IT Expenses,Forecast,-25135.21
2025-04-01,Austria,DACH,Industrial Solutions,Other Operating Expenses,Forecast,-44887.17
2025-04-01,Austria,DACH,Industrial Solutions,Depreciation,Forecast,-86894.58
2025-04-01,Austria,DACH,Industrial Solutions,Other Operating Income,Forecast,9400.37
2025-04-01,Austria,DACH,Services,Revenue,Actual,1569729.0
2025-04-01,Austria,DACH,Services,Material Costs,Actual,-290185.62
2025-04-01,Austria,DACH,Services,Production Costs,Actual,-128971.39
2025-04-01,Austria,DACH,Services,Personnel Costs,Actual,-378853.45
2025-04-01,Austria,DACH,Services,External Services,Actual,-120910.67
2025-04-01,Austria,DACH,Services,Travel Expenses,Actual,-19308.0
2025-04-01,Austria,DACH,Services,IT Expenses,Actual,-15841.45
2025-04-01,Austria,DACH,Services,Other Operating Expenses,Actual,-28205.56
2025-04-01,Austria,DACH,Services,Depreciation,Actual,-31394.58
2025-04-01,Austria,DACH,Services,Other Operating Income,Actual,5861.75
2025-04-01,Austria,DACH,Services,Revenue,Budget,1543896.84
2025-04-01,Austria,DACH,Services,Material Costs,Budget,-277901.43
2025-04-01,Austria,DACH,Services,Production Costs,Budget,-123511.75
2025-04-01,Austria,DACH,Services,Personnel Costs,Budget,-362815.76
2025-04-01,Austria,DACH,Services,External Services,Budget,-115792.26
2025-04-01,Austria,DACH,Services,Travel Expenses,Budget,-18765.55
2025-04-01,Austria,DACH,Services,IT Expenses,Budget,-15503.1
2025-04-01,Austria,DACH,Services,Other Operating Expenses,Budget,-27978.82
2025-04-01,Austria,DACH,Services,Depreciation,Budget,-30877.94
2025-04-01,Austria,DACH,Services,Other Operating Income,Budget,5860.2
2025-04-01,Austria,DACH,Services,Revenue,Forecast,1565082.23
2025-04-01,Austria,DACH,Services,Material Costs,Forecast,-278060.21
2025-04-01,Austria,DACH,Services,Production Costs,Forecast,-123582.31
2025-04-01,Austria,DACH,Services,Personnel Costs,Forecast,-363023.05
2025-04-01,Austria,DACH,Services,External Services,Forecast,-115858.42
2025-04-01,Austria,DACH,Services,Travel Expenses,Forecast,-19374.36
2025-04-01,Austria,DACH,Services,IT Expenses,Forecast,-15638.44
2025-04-01,Austria,DACH,Services,Other Operating Expenses,Forecast,-28651.45
2025-04-01,Austria,DACH,Services,Depreciation,Forecast,-31301.64
2025-04-01,Austria,DACH,Services,Other Operating Income,Forecast,6267.42
2025-04-01,Austria,DACH,Equipment,Revenue,Actual,2010651.19
2025-04-01,Austria,DACH,Equipment,Material Costs,Actual,-866657.61
2025-04-01,Austria,DACH,Equipment,Production Costs,Actual,-302322.42
2025-04-01,Austria,DACH,Equipment,Personnel Costs,Actual,-241857.94
2025-04-01,Austria,DACH,Equipment,External Services,Actual,-80619.31
2025-04-01,Austria,DACH,Equipment,Travel Expenses,Actual,-23793.2
2025-04-01,Austria,DACH,Equipment,IT Expenses,Actual,-19931.79
2025-04-01,Austria,DACH,Equipment,Other Operating Expenses,Actual,-35911.98
2025-04-01,Austria,DACH,Equipment,Depreciation,Actual,-90479.3
2025-04-01,Austria,DACH,Equipment,Other Operating Income,Actual,8114.07
2025-04-01,Austria,DACH,Equipment,Revenue,Budget,1947416.12
2025-04-01,Austria,DACH,Equipment,Material Costs,Budget,-837388.93
2025-04-01,Austria,DACH,Equipment,Production Costs,Budget,-292112.42
2025-04-01,Austria,DACH,Equipment,Personnel Costs,Budget,-233689.93
2025-04-01,Austria,DACH,Equipment,External Services,Budget,-77896.64
2025-04-01,Austria,DACH,Equipment,Travel Expenses,Budget,-23033.36
2025-04-01,Austria,DACH,Equipment,IT Expenses,Budget,-19963.26
2025-04-01,Austria,DACH,Equipment,Other Operating Expenses,Budget,-34269.51
2025-04-01,Austria,DACH,Equipment,Depreciation,Budget,-87633.73
2025-04-01,Austria,DACH,Equipment,Other Operating Income,Budget,7731.44
2025-04-01,Austria,DACH,Equipment,Revenue,Forecast,1974012.2
2025-04-01,Austria,DACH,Equipment,Material Costs,Forecast,-844346.19
2025-04-01,Austria,DACH,Equipment,Production Costs,Forecast,-294539.37
2025-04-01,Austria,DACH,Equipment,Personnel Costs,Forecast,-235631.49
2025-04-01,Austria,DACH,Equipment,External Services,Forecast,-78543.83
2025-04-01,Austria,DACH,Equipment,Travel Expenses,Forecast,-24716.43
2025-04-01,Austria,DACH,Equipment,IT Expenses,Forecast,-19817.72
2025-04-01,Austria,DACH,Equipment,Other Operating Expenses,Forecast,-36448.81
2025-04-01,Austria,DACH,Equipment,Depreciation,Forecast,-88830.55
2025-04-01,Austria,DACH,Equipment,Other Operating Income,Forecast,7426.85
2025-04-01,Germany,DACH,Industrial Solutions,Revenue,Actual,3423036.47
2025-04-01,Germany,DACH,Industrial Solutions,Material Costs,Actual,-1300259.89
2025-04-01,Germany,DACH,Industrial Solutions,Production Costs,Actual,-421705.91
2025-04-01,Germany,DACH,Industrial Solutions,Personnel Costs,Actual,-509561.31
2025-04-01,Germany,DACH,Industrial Solutions,External Services,Actual,-175710.8
2025-04-01,Germany,DACH,Industrial Solutions,Travel Expenses,Actual,-40438.99
2025-04-01,Germany,DACH,Industrial Solutions,IT Expenses,Actual,-35195.21
2025-04-01,Germany,DACH,Industrial Solutions,Other Operating Expenses,Actual,-65155.8
2025-04-01,Germany,DACH,Industrial Solutions,Depreciation,Actual,-119806.28
2025-04-01,Germany,DACH,Industrial Solutions,Other Operating Income,Actual,13493.42
2025-04-01,Germany,DACH,Industrial Solutions,Revenue,Budget,3330309.83
2025-04-01,Germany,DACH,Industrial Solutions,Material Costs,Budget,-1232214.64
2025-04-01,Germany,DACH,Industrial Solutions,Production Costs,Budget,-399637.18
2025-04-01,Germany,DACH,Industrial Solutions,Personnel Costs,Budget,-482894.93
2025-04-01,Germany,DACH,Industrial Solutions,External Services,Budget,-166515.49
2025-04-01,Germany,DACH,Industrial Solutions,Travel Expenses,Budget,-39429.6
2025-04-01,Germany,DACH,Industrial Solutions,IT Expenses,Budget,-34271.14
2025-04-01,Germany,DACH,Industrial Solutions,Other Operating Expenses,Budget,-62312.79
2025-04-01,Germany,DACH,Industrial Solutions,Depreciation,Budget,-116560.84
2025-04-01,Germany,DACH,Industrial Solutions,Other Operating Income,Budget,13042.63
2025-04-01,Germany,DACH,Industrial Solutions,Revenue,Forecast,3383535.3
2025-04-01,Germany,DACH,Industrial Solutions,Material Costs,Forecast,-1245595.64
2025-04-01,Germany,DACH,Industrial Solutions,Production Costs,Forecast,-403976.96
2025-04-01,Germany,DACH,Industrial Solutions,Personnel Costs,Forecast,-488138.83
2025-04-01,Germany,DACH,Industrial Solutions,External Services,Forecast,-168323.74
2025-04-01,Germany,DACH,Industrial Solutions,Travel Expenses,Forecast,-40259.19
2025-04-01,Germany,DACH,Industrial Solutions,IT Expenses,Forecast,-32925.55
2025-04-01,Germany,DACH,Industrial Solutions,Other Operating Expenses,Forecast,-59504.9
2025-04-01,Germany,DACH,Industrial Solutions,Depreciation,Forecast,-118423.74
2025-04-01,Germany,DACH,Industrial Solutions,Other Operating Income,Forecast,12990.53
2025-04-01,Germany,DACH,Services,Revenue,Actual,2165528.43
2025-04-01,Germany,DACH,Services,Material Costs,Actual,-429198.83
2025-04-01,Germany,DACH,Services,Production Costs,Actual,-190755.03
2025-04-01,Germany,DACH,Services,Personnel Costs,Actual,-560342.92
2025-04-01,Germany,DACH,Services,External Services,Actual,-178832.85
2025-04-01,Germany,DACH,Services,Travel Expenses,Actual,-25208.03
2025-04-01,Germany,DACH,Services,IT Expenses,Actual,-22081.6
2025-04-01,Germany,DACH,Services,Other Operating Expenses,Actual,-38770.98
2025-04-01,Germany,DACH,Services,Depreciation,Actual,-43310.57
2025-04-01,Germany,DACH,Services,Other Operating Income,Actual,8644.98
2025-04-01,Germany,DACH,Services,Revenue,Budget,2055678.48
2025-04-01,Germany,DACH,Services,Material Costs,Budget,-370022.13
2025-04-01,Germany,DACH,Services,Production Costs,Budget,-164454.28
2025-04-01,Germany,DACH,Services,Personnel Costs,Budget,-483084.44
2025-04-01,Germany,DACH,Services,External Services,Budget,-154175.89
2025-04-01,Germany,DACH,Services,Travel Expenses,Budget,-25167.54
2025-04-01,Germany,DACH,Services,IT Expenses,Budget,-20095.19
2025-04-01,Germany,DACH,Services,Other Operating Expenses,Budget,-37355.96
2025-04-01,Germany,DACH,Services,Depreciation,Budget,-41113.57
2025-04-01,Germany,DACH,Services,Other Operating Income,Budget,8277.46
2025-04-01,Germany,DACH,Services,Revenue,Forecast,2120060.92
2025-04-01,Germany,DACH,Services,Material Costs,Forecast,-383866.06
2025-04-01,Germany,DACH,Services,Production Costs,Forecast,-170607.14
2025-04-01,Germany,DACH,Services,Personnel Costs,Forecast,-501158.47
2025-04-01,Germany,DACH,Services,External Services,Forecast,-159944.19
2025-04-01,Germany,DACH,Services,Travel Expenses,Forecast,-25661.43
2025-04-01,Germany,DACH,Services,IT Expenses,Forecast,-22241.69
2025-04-01,Germany,DACH,Services,Other Operating Expenses,Forecast,-37552.68
2025-04-01,Germany,DACH,Services,Depreciation,Forecast,-42401.22
2025-04-01,Germany,DACH,Services,Other Operating Income,Forecast,8300.12
2025-04-01,Germany,DACH,Equipment,Revenue,Actual,2576979.14
2025-04-01,Germany,DACH,Equipment,Material Costs,Actual,-1141039.79
2025-04-01,Germany,DACH,Equipment,Production Costs,Actual,-398037.14
2025-04-01,Germany,DACH,Equipment,Personnel Costs,Actual,-318429.71
2025-04-01,Germany,DACH,Equipment,External Services,Actual,-106143.24
2025-04-01,Germany,DACH,Equipment,Travel Expenses,Actual,-32241.57
2025-04-01,Germany,DACH,Equipment,IT Expenses,Actual,-25475.63
2025-04-01,Germany,DACH,Equipment,Other Operating Expenses,Actual,-45420.39
2025-04-01,Germany,DACH,Equipment,Depreciation,Actual,-115964.06
2025-04-01,Germany,DACH,Equipment,Other Operating Income,Actual,10502.29
2025-04-01,Germany,DACH,Equipment,Revenue,Budget,2608421.44
2025-04-01,Germany,DACH,Equipment,Material Costs,Budget,-1121621.22
2025-04-01,Germany,DACH,Equipment,Production Costs,Budget,-391263.22
2025-04-01,Germany,DACH,Equipment,Personnel Costs,Budget,-313010.57
2025-04-01,Germany,DACH,Equipment,External Services,Budget,-104336.86
2025-04-01,Germany,DACH,Equipment,Travel Expenses,Budget,-30782.5
2025-04-01,Germany,DACH,Equipment,IT Expenses,Budget,-26414.41
2025-04-01,Germany,DACH,Equipment,Other Operating Expenses,Budget,-47189.77
2025-04-01,Germany,DACH,Equipment,Depreciation,Budget,-117378.96
2025-04-01,Germany,DACH,Equipment,Other Operating Income,Budget,9801.09
2025-04-01,Germany,DACH,Equipment,Revenue,Forecast,2577915.76
2025-04-01,Germany,DACH,Equipment,Material Costs,Forecast,-1129088.76
2025-04-01,Germany,DACH,Equipment,Production Costs,Forecast,-393868.17
2025-04-01,Germany,DACH,Equipment,Personnel Costs,Forecast,-315094.54
2025-04-01,Germany,DACH,Equipment,External Services,Forecast,-105031.51
2025-04-01,Germany,DACH,Equipment,Travel Expenses,Forecast,-32601.65
2025-04-01,Germany,DACH,Equipment,IT Expenses,Forecast,-25463.21
2025-04-01,Germany,DACH,Equipment,Other Operating Expenses,Forecast,-45952.73
2025-04-01,Germany,DACH,Equipment,Depreciation,Forecast,-116006.21
2025-04-01,Germany,DACH,Equipment,Other Operating Income,Forecast,10429.57
2025-04-01,France,Western Europe,Industrial Solutions,Revenue,Actual,2767263.38
2025-04-01,France,Western Europe,Industrial Solutions,Material Costs,Actual,-1019358.1
2025-04-01,France,Western Europe,Industrial Solutions,Production Costs,Actual,-330602.63
2025-04-01,France,Western Europe,Industrial Solutions,Personnel Costs,Actual,-399478.17
2025-04-01,France,Western Europe,Industrial Solutions,External Services,Actual,-137751.09
2025-04-01,France,Western Europe,Industrial Solutions,Travel Expenses,Actual,-32411.89
2025-04-01,France,Western Europe,Industrial Solutions,IT Expenses,Actual,-26909.25
2025-04-01,France,Western Europe,Industrial Solutions,Other Operating Expenses,Actual,-48900.54
2025-04-01,France,Western Europe,Industrial Solutions,Depreciation,Actual,-96854.22
2025-04-01,France,Western Europe,Industrial Solutions,Other Operating Income,Actual,11054.39
2025-04-01,France,Western Europe,Industrial Solutions,Revenue,Budget,2715773.74
2025-04-01,France,Western Europe,Industrial Solutions,Material Costs,Budget,-1004836.28
2025-04-01,France,Western Europe,Industrial Solutions,Production Costs,Budget,-325892.85
2025-04-01,France,Western Europe,Industrial Solutions,Personnel Costs,Budget,-393787.19
2025-04-01,France,Western Europe,Industrial Solutions,External Services,Budget,-135788.69
2025-04-01,France,Western Europe,Industrial Solutions,Travel Expenses,Budget,-34343.79
2025-04-01,France,Western Europe,Industrial Solutions,IT Expenses,Budget,-26876.59
2025-04-01,France,Western Europe,Industrial Solutions,Other Operating Expenses,Budget,-49157.42
2025-04-01,France,Western Europe,Industrial Solutions,Depreciation,Budget,-95052.08
2025-04-01,France,Western Europe,Industrial Solutions,Other Operating Income,Budget,10855.96
2025-04-01,France,Western Europe,Industrial Solutions,Revenue,Forecast,2788222.55
2025-04-01,France,Western Europe,Industrial Solutions,Material Costs,Forecast,-1046354.3
2025-04-01,France,Western Europe,Industrial Solutions,Production Costs,Forecast,-339358.15
2025-04-01,France,Western Europe,Industrial Solutions,Personnel Costs,Forecast,-410057.77
2025-04-01,France,Western Europe,Industrial Solutions,External Services,Forecast,-141399.23
2025-04-01,France,Western Europe,Industrial Solutions,Travel Expenses,Forecast,-35995.1
2025-04-01,France,Western Europe,Industrial Solutions,IT Expenses,Forecast,-27586.19
2025-04-01,France,Western Europe,Industrial Solutions,Other Operating Expenses,Forecast,-49573.91
2025-04-01,France,Western Europe,Industrial Solutions,Depreciation,Forecast,-97587.79
2025-04-01,France,Western Europe,Industrial Solutions,Other Operating Income,Forecast,11618.71
2025-04-01,France,Western Europe,Services,Revenue,Actual,1799843.31
2025-04-01,France,Western Europe,Services,Material Costs,Actual,-321061.78
2025-04-01,France,Western Europe,Services,Production Costs,Actual,-142694.13
2025-04-01,France,Western Europe,Services,Personnel Costs,Actual,-419163.99
2025-04-01,France,Western Europe,Services,External Services,Actual,-133775.74
2025-04-01,France,Western Europe,Services,Travel Expenses,Actual,-21980.83
2025-04-01,France,Western Europe,Services,IT Expenses,Actual,-18397.53
2025-04-01,France,Western Europe,Services,Other Operating Expenses,Actual,-33061.71
2025-04-01,France,Western Europe,Services,Depreciation,Actual,-35996.87
2025-04-01,France,Western Europe,Services,Other Operating Income,Actual,7345.46
2025-04-01,France,Western Europe,Services,Revenue,Budget,1704406.95
2025-04-01,France,Western Europe,Services,Material Costs,Budget,-306793.25
2025-04-01,France,Western Europe,Services,Production Costs,Budget,-136352.56
2025-04-01,France,Western Europe,Services,Personnel Costs,Budget,-400535.63
2025-04-01,France,Western Europe,Services,External Services,Budget,-127830.52
2025-04-01,France,Western Europe,Services,Travel Expenses,Budget,-21107.38
2025-04-01,France,Western Europe,Services,IT Expenses,Budget,-17442.66
2025-04-01,France,Western Europe,Services,Other Operating Expenses,Budget,-31739.42
2025-04-01,France,Western Europe,Services,Depreciation,Budget,-34088.14
2025-04-01,France,Western Europe,Services,Other Operating Income,Budget,6994.53
2025-04-01,France,Western Europe,Services,Revenue,Forecast,1765104.16
2025-04-01,France,Western Europe,Services,Material Costs,Forecast,-317081.59
2025-04-01,France,Western Europe,Services,Production Costs,Forecast,-140925.15
2025-04-01,France,Western Europe,Services,Personnel Costs,Forecast,-413967.63
2025-04-01,France,Western Europe,Services,External Services,Forecast,-132117.33
2025-04-01,France,Western Europe,Services,Travel Expenses,Forecast,-21274.48
2025-04-01,France,Western Europe,Services,IT Expenses,Forecast,-18076.96
2025-04-01,France,Western Europe,Services,Other Operating Expenses,Forecast,-31122.99
2025-04-01,France,Western Europe,Services,Depreciation,Forecast,-35302.08
2025-04-01,France,Western Europe,Services,Other Operating Income,Forecast,7164.54
2025-04-01,France,Western Europe,Equipment,Revenue,Actual,2004216.9
2025-04-01,France,Western Europe,Equipment,Material Costs,Actual,-865930.56
2025-04-01,France,Western Europe,Equipment,Production Costs,Actual,-302068.8
2025-04-01,France,Western Europe,Equipment,Personnel Costs,Actual,-241655.04
2025-04-01,France,Western Europe,Equipment,External Services,Actual,-80551.68
2025-04-01,France,Western Europe,Equipment,Travel Expenses,Actual,-24084.11
2025-04-01,France,Western Europe,Equipment,IT Expenses,Actual,-19497.08
2025-04-01,France,Western Europe,Equipment,Other Operating Expenses,Actual,-36748.95
2025-04-01,France,Western Europe,Equipment,Depreciation,Actual,-90189.76
2025-04-01,France,Western Europe,Equipment,Other Operating Income,Actual,8223.86
2025-04-01,France,Western Europe,Equipment,Revenue,Budget,2131285.58
2025-04-01,France,Western Europe,Equipment,Material Costs,Budget,-916452.8
2025-04-01,France,Western Europe,Equipment,Production Costs,Budget,-319692.84
2025-04-01,France,Western Europe,Equipment,Personnel Costs,Budget,-255754.27
2025-04-01,France,Western Europe,Equipment,External Services,Budget,-85251.42
2025-04-01,France,Western Europe,Equipment,Travel Expenses,Budget,-27235.21
2025-04-01,France,Western Europe,Equipment,IT Expenses,Budget,-21181.66
2025-04-01,France,Western Europe,Equipment,Other Operating Expenses,Budget,-38573.32
2025-04-01,France,Western Europe,Equipment,Depreciation,Budget,-95907.85
2025-04-01,France,Western Europe,Equipment,Other Operating Income,Budget,8610.18
2025-04-01,France,Western Europe,Equipment,Revenue,Forecast,2082480.99
2025-04-01,France,Western Europe,Equipment,Material Costs,Forecast,-912417.51
2025-04-01,France,Western Europe,Equipment,Production Costs,Forecast,-318285.18
2025-04-01,France,Western Europe,Equipment,Personnel Costs,Forecast,-254628.14
2025-04-01,France,Western Europe,Equipment,External Services,Forecast,-84876.05
2025-04-01,France,Western Europe,Equipment,Travel Expenses,Forecast,-24918.33
2025-04-01,France,Western Europe,Equipment,IT Expenses,Forecast,-20941.02
2025-04-01,France,Western Europe,Equipment,Other Operating Expenses,Forecast,-38054.33
2025-04-01,France,Western Europe,Equipment,Depreciation,Forecast,-93711.64
2025-04-01,France,Western Europe,Equipment,Other Operating Income,Forecast,8392.1
2025-04-01,Italy,Southern Europe,Industrial Solutions,Revenue,Actual,1980576.37
2025-04-01,Italy,Southern Europe,Industrial Solutions,Material Costs,Actual,-714007.16
2025-04-01,Italy,Southern Europe,Industrial Solutions,Production Costs,Actual,-231569.89
2025-04-01,Italy,Southern Europe,Industrial Solutions,Personnel Costs,Actual,-279813.62
2025-04-01,Italy,Southern Europe,Industrial Solutions,External Services,Actual,-96487.45
2025-04-01,Italy,Southern Europe,Industrial Solutions,Travel Expenses,Actual,-23861.72
2025-04-01,Italy,Southern Europe,Industrial Solutions,IT Expenses,Actual,-19528.44
2025-04-01,Italy,Southern Europe,Industrial Solutions,Other Operating Expenses,Actual,-36715.47
2025-04-01,Italy,Southern Europe,Industrial Solutions,Depreciation,Actual,-69320.17
2025-04-01,Italy,Southern Europe,Industrial Solutions,Other Operating Income,Actual,7439.62
2025-04-01,Italy,Southern Europe,Industrial Solutions,Revenue,Budget,1956674.04
2025-04-01,Italy,Southern Europe,Industrial Solutions,Material Costs,Budget,-723969.4
2025-04-01,Italy,Southern Europe,Industrial Solutions,Production Costs,Budget,-234800.88
2025-04-01,Italy,Southern Europe,Industrial Solutions,Personnel Costs,Budget,-283717.74
2025-04-01,Italy,Southern Europe,Industrial Solutions,External Services,Budget,-97833.7
2025-04-01,Italy,Southern Europe,Industrial Solutions,Travel Expenses,Budget,-23086.38
2025-04-01,Italy,Southern Europe,Industrial Solutions,IT Expenses,Budget,-19714.36
2025-04-01,Italy,Southern Europe,Industrial Solutions,Other Operating Expenses,Budget,-36598.58
2025-04-01,Italy,Southern Europe,Industrial Solutions,Depreciation,Budget,-68483.59
2025-04-01,Italy,Southern Europe,Industrial Solutions,Other Operating Income,Budget,7806.11
2025-04-01,Italy,Southern Europe,Industrial Solutions,Revenue,Forecast,1986739.22
2025-04-01,Italy,Southern Europe,Industrial Solutions,Material Costs,Forecast,-730196.03
2025-04-01,Italy,Southern Europe,Industrial Solutions,Production Costs,Forecast,-236820.33
2025-04-01,Italy,Southern Europe,Industrial Solutions,Personnel Costs,Forecast,-286157.9
2025-04-01,Italy,Southern Europe,Industrial Solutions,External Services,Forecast,-98675.14
2025-04-01,Italy,Southern Europe,Industrial Solutions,Travel Expenses,Forecast,-25186.32
2025-04-01,Italy,Southern Europe,Industrial Solutions,IT Expenses,Forecast,-19292.03
2025-04-01,Italy,Southern Europe,Industrial Solutions,Other Operating Expenses,Forecast,-33795.5
2025-04-01,Italy,Southern Europe,Industrial Solutions,Depreciation,Forecast,-69535.87
2025-04-01,Italy,Southern Europe,Industrial Solutions,Other Operating Income,Forecast,8086.83
2025-04-01,Italy,Southern Europe,Services,Revenue,Actual,1185561.51
2025-04-01,Italy,Southern Europe,Services,Material Costs,Actual,-214701.76
2025-04-01,Italy,Southern Europe,Services,Production Costs,Actual,-95423.0
2025-04-01,Italy,Southern Europe,Services,Personnel Costs,Actual,-280305.07
2025-04-01,Italy,Southern Europe,Services,External Services,Actual,-89459.06
2025-04-01,Italy,Southern Europe,Services,Travel Expenses,Actual,-13985.99
2025-04-01,Italy,Southern Europe,Services,IT Expenses,Actual,-11552.04
2025-04-01,Italy,Southern Europe,Services,Other Operating Expenses,Actual,-21805.57
2025-04-01,Italy,Southern Europe,Services,Depreciation,Actual,-23711.23
2025-04-01,Italy,Southern Europe,Services,Other Operating Income,Actual,4865.58
2025-04-01,Italy,Southern Europe,Services,Revenue,Budget,1222100.64
2025-04-01,Italy,Southern Europe,Services,Material Costs,Budget,-219978.12
2025-04-01,Italy,Southern Europe,Services,Production Costs,Budget,-97768.05
2025-04-01,Italy,Southern Europe,Services,Personnel Costs,Budget,-287193.65
2025-04-01,Italy,Southern Europe,Services,External Services,Budget,-91657.55
2025-04-01,Italy,Southern Europe,Services,Travel Expenses,Budget,-14621.57
2025-04-01,Italy,Southern Europe,Services,IT Expenses,Budget,-12672.36
2025-04-01,Italy,Southern Europe,Services,Other Operating Expenses,Budget,-21409.32
2025-04-01,Italy,Southern Europe,Services,Depreciation,Budget,-24442.01
2025-04-01,Italy,Southern Europe,Services,Other Operating Income,Budget,4590.11
2025-04-01,Italy,Southern Europe,Services,Revenue,Forecast,1208815.7
2025-04-01,Italy,Southern Europe,Services,Material Costs,Forecast,-215780.23
2025-04-01,Italy,Southern Europe,Services,Production Costs,Forecast,-95902.32
2025-04-01,Italy,Southern Europe,Services,Personnel Costs,Forecast,-281713.07
2025-04-01,Italy,Southern Europe,Services,External Services,Forecast,-89908.43
2025-04-01,Italy,Southern Europe,Services,Travel Expenses,Forecast,-14485.95
2025-04-01,Italy,Southern Europe,Services,IT Expenses,Forecast,-12146.99
2025-04-01,Italy,Southern Europe,Services,Other Operating Expenses,Forecast,-21627.46
2025-04-01,Italy,Southern Europe,Services,Depreciation,Forecast,-24176.31
2025-04-01,Italy,Southern Europe,Services,Other Operating Income,Forecast,4903.35
2025-04-01,Italy,Southern Europe,Equipment,Revenue,Actual,1636073.79
2025-04-01,Italy,Southern Europe,Equipment,Material Costs,Actual,-723162.5
2025-04-01,Italy,Southern Europe,Equipment,Production Costs,Actual,-252265.99
2025-04-01,Italy,Southern Europe,Equipment,Personnel Costs,Actual,-201812.79
2025-04-01,Italy,Southern Europe,Equipment,External Services,Actual,-67270.93
2025-04-01,Italy,Southern Europe,Equipment,Travel Expenses,Actual,-19834.75
2025-04-01,Italy,Southern Europe,Equipment,IT Expenses,Actual,-16510.19
2025-04-01,Italy,Southern Europe,Equipment,Other Operating Expenses,Actual,-29868.81
2025-04-01,Italy,Southern Europe,Equipment,Depreciation,Actual,-73623.32
2025-04-01,Italy,Southern Europe,Equipment,Other Operating Income,Actual,6661.49
2025-04-01,Italy,Southern Europe,Equipment,Revenue,Budget,1533987.38
2025-04-01,Italy,Southern Europe,Equipment,Material Costs,Budget,-659614.57
2025-04-01,Italy,Southern Europe,Equipment,Production Costs,Budget,-230098.11
2025-04-01,Italy,Southern Europe,Equipment,Personnel Costs,Budget,-184078.49
2025-04-01,Italy,Southern Europe,Equipment,External Services,Budget,-61359.5
2025-04-01,Italy,Southern Europe,Equipment,Travel Expenses,Budget,-18762.78
2025-04-01,Italy,Southern Europe,Equipment,IT Expenses,Budget,-15747.65
2025-04-01,Italy,Southern Europe,Equipment,Other Operating Expenses,Budget,-27747.43
2025-04-01,Italy,Southern Europe,Equipment,Depreciation,Budget,-69029.43
2025-04-01,Italy,Southern Europe,Equipment,Other Operating Income,Budget,6309.97
2025-04-01,Italy,Southern Europe,Equipment,Revenue,Forecast,1589089.85
2025-04-01,Italy,Southern Europe,Equipment,Material Costs,Forecast,-682572.83
2025-04-01,Italy,Southern Europe,Equipment,Production Costs,Forecast,-238106.8
2025-04-01,Italy,Southern Europe,Equipment,Personnel Costs,Forecast,-190485.44
2025-04-01,Italy,Southern Europe,Equipment,External Services,Forecast,-63495.15
2025-04-01,Italy,Southern Europe,Equipment,Travel Expenses,Forecast,-19892.93
2025-04-01,Italy,Southern Europe,Equipment,IT Expenses,Forecast,-15675.93
2025-04-01,Italy,Southern Europe,Equipment,Other Operating Expenses,Forecast,-29891.45
2025-04-01,Italy,Southern Europe,Equipment,Depreciation,Forecast,-71509.04
2025-04-01,Italy,Southern Europe,Equipment,Other Operating Income,Forecast,6346.15
2025-04-01,Switzerland,DACH,Industrial Solutions,Revenue,Actual,1852531.03
2025-04-01,Switzerland,DACH,Industrial Solutions,Material Costs,Actual,-699841.68
2025-04-01,Switzerland,DACH,Industrial Solutions,Production Costs,Actual,-226975.68
2025-04-01,Switzerland,DACH,Industrial Solutions,Personnel Costs,Actual,-274262.28
2025-04-01,Switzerland,DACH,Industrial Solutions,External Services,Actual,-94573.2
2025-04-01,Switzerland,DACH,Industrial Solutions,Travel Expenses,Actual,-21795.13
2025-04-01,Switzerland,DACH,Industrial Solutions,IT Expenses,Actual,-18360.0
2025-04-01,Switzerland,DACH,Industrial Solutions,Other Operating Expenses,Actual,-31770.36
2025-04-01,Switzerland,DACH,Industrial Solutions,Depreciation,Actual,-64838.59
2025-04-01,Switzerland,DACH,Industrial Solutions,Other Operating Income,Actual,7276.06
2025-04-01,Switzerland,DACH,Industrial Solutions,Revenue,Budget,1812597.31
2025-04-01,Switzerland,DACH,Industrial Solutions,Material Costs,Budget,-670661.0
2025-04-01,Switzerland,DACH,Industrial Solutions,Production Costs,Budget,-217511.68
2025-04-01,Switzerland,DACH,Industrial Solutions,Personnel Costs,Budget,-262826.61
2025-04-01,Switzerland,DACH,Industrial Solutions,External Services,Budget,-90629.87
2025-04-01,Switzerland,DACH,Industrial Solutions,Travel Expenses,Budget,-20169.5
2025-04-01,Switzerland,DACH,Industrial Solutions,IT Expenses,Budget,-17551.78
2025-04-01,Switzerland,DACH,Industrial Solutions,Other Operating Expenses,Budget,-33247.0
2025-04-01,Switzerland,DACH,Industrial Solutions,Depreciation,Budget,-63440.91
2025-04-01,Switzerland,DACH,Industrial Solutions,Other Operating Income,Budget,7478.28
2025-04-01,Switzerland,DACH,Industrial Solutions,Revenue,Forecast,1824565.41
2025-04-01,Switzerland,DACH,Industrial Solutions,Material Costs,Forecast,-678535.86
2025-04-01,Switzerland,DACH,Industrial Solutions,Production Costs,Forecast,-220065.69
2025-04-01,Switzerland,DACH,Industrial Solutions,Personnel Costs,Forecast,-265912.7
2025-04-01,Switzerland,DACH,Industrial Solutions,External Services,Forecast,-91694.04
2025-04-01,Switzerland,DACH,Industrial Solutions,Travel Expenses,Forecast,-21259.63
2025-04-01,Switzerland,DACH,Industrial Solutions,IT Expenses,Forecast,-18228.24
2025-04-01,Switzerland,DACH,Industrial Solutions,Other Operating Expenses,Forecast,-32839.22
2025-04-01,Switzerland,DACH,Industrial Solutions,Depreciation,Forecast,-63859.79
2025-04-01,Switzerland,DACH,Industrial Solutions,Other Operating Income,Forecast,6960.1
2025-04-01,Switzerland,DACH,Services,Revenue,Actual,1188059.38
2025-04-01,Switzerland,DACH,Services,Material Costs,Actual,-213994.43
2025-04-01,Switzerland,DACH,Services,Production Costs,Actual,-95108.63
2025-04-01,Switzerland,DACH,Services,Personnel Costs,Actual,-279381.61
2025-04-01,Switzerland,DACH,Services,External Services,Actual,-89164.34
2025-04-01,Switzerland,DACH,Services,Travel Expenses,Actual,-14345.84
2025-04-01,Switzerland,DACH,Services,IT Expenses,Actual,-11395.45
2025-04-01,Switzerland,DACH,Services,Other Operating Expenses,Actual,-21252.92
2025-04-01,Switzerland,DACH,Services,Depreciation,Actual,-23761.19
2025-04-01,Switzerland,DACH,Services,Other Operating Income,Actual,4622.6
2025-04-01,Switzerland,DACH,Services,Revenue,Budget,1173458.7
2025-04-01,Switzerland,DACH,Services,Material Costs,Budget,-211222.57
2025-04-01,Switzerland,DACH,Services,Production Costs,Budget,-93876.7
2025-04-01,Switzerland,DACH,Services,Personnel Costs,Budget,-275762.8
2025-04-01,Switzerland,DACH,Services,External Services,Budget,-88009.4
2025-04-01,Switzerland,DACH,Services,Travel Expenses,Budget,-13658.37
2025-04-01,Switzerland,DACH,Services,IT Expenses,Budget,-11668.62
2025-04-01,Switzerland,DACH,Services,Other Operating Expenses,Budget,-22071.54
2025-04-01,Switzerland,DACH,Services,Depreciation,Budget,-23469.17
2025-04-01,Switzerland,DACH,Services,Other Operating Income,Budget,4814.16
2025-04-01,Switzerland,DACH,Services,Revenue,Forecast,1179400.54
2025-04-01,Switzerland,DACH,Services,Material Costs,Forecast,-210837.02
2025-04-01,Switzerland,DACH,Services,Production Costs,Forecast,-93705.34
2025-04-01,Switzerland,DACH,Services,Personnel Costs,Forecast,-275259.44
2025-04-01,Switzerland,DACH,Services,External Services,Forecast,-87848.76
2025-04-01,Switzerland,DACH,Services,Travel Expenses,Forecast,-14395.92
2025-04-01,Switzerland,DACH,Services,IT Expenses,Forecast,-12124.09
2025-04-01,Switzerland,DACH,Services,Other Operating Expenses,Forecast,-21719.94
2025-04-01,Switzerland,DACH,Services,Depreciation,Forecast,-23588.01
2025-04-01,Switzerland,DACH,Services,Other Operating Income,Forecast,4728.85
2025-04-01,Switzerland,DACH,Equipment,Revenue,Actual,1495720.96
2025-04-01,Switzerland,DACH,Equipment,Material Costs,Actual,-657553.82
2025-04-01,Switzerland,DACH,Equipment,Production Costs,Actual,-229379.24
2025-04-01,Switzerland,DACH,Equipment,Personnel Costs,Actual,-183503.39
2025-04-01,Switzerland,DACH,Equipment,External Services,Actual,-61167.8
2025-04-01,Switzerland,DACH,Equipment,Travel Expenses,Actual,-18290.67
2025-04-01,Switzerland,DACH,Equipment,IT Expenses,Actual,-15271.18
2025-04-01,Switzerland,DACH,Equipment,Other Operating Expenses,Actual,-26562.72
2025-04-01,Switzerland,DACH,Equipment,Depreciation,Actual,-67307.44
2025-04-01,Switzerland,DACH,Equipment,Other Operating Income,Actual,6298.16
2025-04-01,Switzerland,DACH,Equipment,Revenue,Budget,1448706.1
2025-04-01,Switzerland,DACH,Equipment,Material Costs,Budget,-622943.62
2025-04-01,Switzerland,DACH,Equipment,Production Costs,Budget,-217305.92
2025-04-01,Switzerland,DACH,Equipment,Personnel Costs,Budget,-173844.73
2025-04-01,Switzerland,DACH,Equipment,External Services,Budget,-57948.24
2025-04-01,Switzerland,DACH,Equipment,Travel Expenses,Budget,-17487.53
2025-04-01,Switzerland,DACH,Equipment,IT Expenses,Budget,-15088.35
2025-04-01,Switzerland,DACH,Equipment,Other Operating Expenses,Budget,-25627.42
2025-04-01,Switzerland,DACH,Equipment,Depreciation,Budget,-65191.77
2025-04-01,Switzerland,DACH,Equipment,Other Operating Income,Budget,6197.21
2025-04-01,Switzerland,DACH,Equipment,Revenue,Forecast,1479206.03
2025-04-01,Switzerland,DACH,Equipment,Material Costs,Forecast,-637569.19
2025-04-01,Switzerland,DACH,Equipment,Production Costs,Forecast,-222407.86
2025-04-01,Switzerland,DACH,Equipment,Personnel Costs,Forecast,-177926.28
2025-04-01,Switzerland,DACH,Equipment,External Services,Forecast,-59308.76
2025-04-01,Switzerland,DACH,Equipment,Travel Expenses,Forecast,-17403.58
2025-04-01,Switzerland,DACH,Equipment,IT Expenses,Forecast,-14648.91
2025-04-01,Switzerland,DACH,Equipment,Other Operating Expenses,Forecast,-26412.47
2025-04-01,Switzerland,DACH,Equipment,Depreciation,Forecast,-66564.27
2025-04-01,Switzerland,DACH,Equipment,Other Operating Income,Forecast,6017.21
2025-05-01,Austria,DACH,Industrial Solutions,Revenue,Actual,2460556.86
2025-05-01,Austria,DACH,Industrial Solutions,Material Costs,Actual,-992735.19
2025-05-01,Austria,DACH,Industrial Solutions,Production Costs,Actual,-321968.17
2025-05-01,Austria,DACH,Industrial Solutions,Personnel Costs,Actual,-389044.87
2025-05-01,Austria,DACH,Industrial Solutions,External Services,Actual,-134153.4
2025-05-01,Austria,DACH,Industrial Solutions,Travel Expenses,Actual,-31056.94
2025-05-01,Austria,DACH,Industrial Solutions,IT Expenses,Actual,-24820.29
2025-05-01,Austria,DACH,Industrial Solutions,Other Operating Expenses,Actual,-44332.1
2025-05-01,Austria,DACH,Industrial Solutions,Depreciation,Actual,-86119.49
2025-05-01,Austria,DACH,Industrial Solutions,Other Operating Income,Actual,9889.48
2025-05-01,Austria,DACH,Industrial Solutions,Revenue,Budget,2526729.93
2025-05-01,Austria,DACH,Industrial Solutions,Material Costs,Budget,-934890.07
2025-05-01,Austria,DACH,Industrial Solutions,Production Costs,Budget,-303207.59
2025-05-01,Austria,DACH,Industrial Solutions,Personnel Costs,Budget,-366375.84
2025-05-01,Austria,DACH,Industrial Solutions,External Services,Budget,-126336.5
2025-05-01,Austria,DACH,Industrial Solutions,Travel Expenses,Budget,-30878.83
2025-05-01,Austria,DACH,Industrial Solutions,IT Expenses,Budget,-24750.44
2025-05-01,Austria,DACH,Industrial Solutions,Other Operating Expenses,Budget,-45188.49
2025-05-01,Austria,DACH,Industrial Solutions,Depreciation,Budget,-88435.55
2025-05-01,Austria,DACH,Industrial Solutions,Other Operating Income,Budget,9432.35
2025-05-01,Austria,DACH,Industrial Solutions,Revenue,Forecast,2489849.53
2025-05-01,Austria,DACH,Industrial Solutions,Material Costs,Forecast,-925657.71
2025-05-01,Austria,DACH,Industrial Solutions,Production Costs,Forecast,-300213.31
2025-05-01,Austria,DACH,Industrial Solutions,Personnel Costs,Forecast,-362757.75
2025-05-01,Austria,DACH,Industrial Solutions,External Services,Forecast,-125088.88
2025-05-01,Austria,DACH,Industrial Solutions,Travel Expenses,Forecast,-30458.31
2025-05-01,Austria,DACH,Industrial Solutions,IT Expenses,Forecast,-24657.88
2025-05-01,Austria,DACH,Industrial Solutions,Other Operating Expenses,Forecast,-46580.84
2025-05-01,Austria,DACH,Industrial Solutions,Depreciation,Forecast,-87144.73
2025-05-01,Austria,DACH,Industrial Solutions,Other Operating Income,Forecast,9471.08
2025-05-01,Austria,DACH,Services,Revenue,Actual,1581688.6
2025-05-01,Austria,DACH,Services,Material Costs,Actual,-296689.47
2025-05-01,Austria,DACH,Services,Production Costs,Actual,-131861.99
2025-05-01,Austria,DACH,Services,Personnel Costs,Actual,-387344.59
2025-05-01,Austria,DACH,Services,External Services,Actual,-123620.61
2025-05-01,Austria,DACH,Services,Travel Expenses,Actual,-18718.97
2025-05-01,Austria,DACH,Services,IT Expenses,Actual,-16158.11
2025-05-01,Austria,DACH,Services,Other Operating Expenses,Actual,-28442.99
2025-05-01,Austria,DACH,Services,Depreciation,Actual,-31633.77
2025-05-01,Austria,DACH,Services,Other Operating Income,Actual,6283.07
2025-05-01,Austria,DACH,Services,Revenue,Budget,1541782.42
2025-05-01,Austria,DACH,Services,Material Costs,Budget,-277520.84
2025-05-01,Austria,DACH,Services,Production Costs,Budget,-123342.59
2025-05-01,Austria,DACH,Services,Personnel Costs,Budget,-362318.87
2025-05-01,Austria,DACH,Services,External Services,Budget,-115633.68
2025-05-01,Austria,DACH,Services,Travel Expenses,Budget,-18991.86
2025-05-01,Austria,DACH,Services,IT Expenses,Budget,-15618.97
2025-05-01,Austria,DACH,Services,Other Operating Expenses,Budget,-26658.38
2025-05-01,Austria,DACH,Services,Depreciation,Budget,-30835.65
2025-05-01,Austria,DACH,Services,Other Operating Income,Budget,6531.37
2025-05-01,Austria,DACH,Services,Revenue,Forecast,1576829.86
2025-05-01,Austria,DACH,Services,Material Costs,Forecast,-288529.9
2025-05-01,Austria,DACH,Services,Production Costs,Forecast,-128235.51
2025-05-01,Austria,DACH,Services,Personnel Costs,Forecast,-376691.81
2025-05-01,Austria,DACH,Services,External Services,Forecast,-120220.79
2025-05-01,Austria,DACH,Services,Travel Expenses,Forecast,-18566.85
2025-05-01,Austria,DACH,Services,IT Expenses,Forecast,-15893.12
2025-05-01,Austria,DACH,Services,Other Operating Expenses,Forecast,-28733.49
2025-05-01,Austria,DACH,Services,Depreciation,Forecast,-31536.6
2025-05-01,Austria,DACH,Services,Other Operating Income,Forecast,6373.09
2025-05-01,Austria,DACH,Equipment,Revenue,Actual,1941127.83
2025-05-01,Austria,DACH,Equipment,Material Costs,Actual,-859156.45
2025-05-01,Austria,DACH,Equipment,Production Costs,Actual,-299705.74
2025-05-01,Austria,DACH,Equipment,Personnel Costs,Actual,-239764.59
2025-05-01,Austria,DACH,Equipment,External Services,Actual,-79921.53
2025-05-01,Austria,DACH,Equipment,Travel Expenses,Actual,-23673.41
2025-05-01,Austria,DACH,Equipment,IT Expenses,Actual,-19267.4
2025-05-01,Austria,DACH,Equipment,Other Operating Expenses,Actual,-35614.39
2025-05-01,Austria,DACH,Equipment,Depreciation,Actual,-87350.75
2025-05-01,Austria,DACH,Equipment,Other Operating Income,Actual,6879.81
2025-05-01,Austria,DACH,Equipment,Revenue,Budget,1974728.87
2025-05-01,Austria,DACH,Equipment,Material Costs,Budget,-849133.41
2025-05-01,Austria,DACH,Equipment,Production Costs,Budget,-296209.33
2025-05-01,Austria,DACH,Equipment,Personnel Costs,Budget,-236967.46
2025-05-01,Austria,DACH,Equipment,External Services,Budget,-78989.15
2025-05-01,Austria,DACH,Equipment,Travel Expenses,Budget,-24513.41
2025-05-01,Austria,DACH,Equipment,IT Expenses,Budget,-19060.2
2025-05-01,Austria,DACH,Equipment,Other Operating Expenses,Budget,-35223.04
2025-05-01,Austria,DACH,Equipment,Depreciation,Budget,-88862.8
2025-05-01,Austria,DACH,Equipment,Other Operating Income,Budget,7545.15
2025-05-01,Austria,DACH,Equipment,Revenue,Forecast,1955848.38
2025-05-01,Austria,DACH,Equipment,Material Costs,Forecast,-827948.65
2025-05-01,Austria,DACH,Equipment,Production Costs,Forecast,-288819.3
2025-05-01,Austria,DACH,Equipment,Personnel Costs,Forecast,-231055.44
2025-05-01,Austria,DACH,Equipment,External Services,Forecast,-77018.48
2025-05-01,Austria,DACH,Equipment,Travel Expenses,Forecast,-24287.52
2025-05-01,Austria,DACH,Equipment,IT Expenses,Forecast,-19375.53
2025-05-01,Austria,DACH,Equipment,Other Operating Expenses,Forecast,-35510.24
2025-05-01,Austria,DACH,Equipment,Depreciation,Forecast,-88013.18
2025-05-01,Austria,DACH,Equipment,Other Operating Income,Forecast,7808.71
2025-05-01,Germany,DACH,Industrial Solutions,Revenue,Actual,3398932.03
2025-05-01,Germany,DACH,Industrial Solutions,Material Costs,Actual,-1288927.6
2025-05-01,Germany,DACH,Industrial Solutions,Production Costs,Actual,-418030.57
2025-05-01,Germany,DACH,Industrial Solutions,Personnel Costs,Actual,-505120.28
2025-05-01,Germany,DACH,Industrial Solutions,External Services,Actual,-174179.41
2025-05-01,Germany,DACH,Industrial Solutions,Travel Expenses,Actual,-40183.02
2025-05-01,Germany,DACH,Industrial Solutions,IT Expenses,Actual,-32931.18
2025-05-01,Germany,DACH,Industrial Solutions,Other Operating Expenses,Actual,-60525.97
2025-05-01,Germany,DACH,Industrial Solutions,Depreciation,Actual,-118962.62
2025-05-01,Germany,DACH,Industrial Solutions,Other Operating Income,Actual,14411.88
2025-05-01,Germany,DACH,Industrial Solutions,Revenue,Budget,3409222.58
2025-05-01,Germany,DACH,Industrial Solutions,Material Costs,Budget,-1261412.35
2025-05-01,Germany,DACH,Industrial Solutions,Production Costs,Budget,-409106.71
2025-05-01,Germany,DACH,Industrial Solutions,Personnel Costs,Budget,-494337.27
2025-05-01,Germany,DACH,Industrial Solutions,External Services,Budget,-170461.13
2025-05-01,Germany,DACH,Industrial Solutions,Travel Expenses,Budget,-41954.17
2025-05-01,Germany,DACH,Industrial Solutions,IT Expenses,Budget,-33854.5
2025-05-01,Germany,DACH,Industrial Solutions,Other Operating Expenses,Budget,-60830.19
2025-05-01,Germany,DACH,Industrial Solutions,Depreciation,Budget,-119322.79
2025-05-01,Germany,DACH,Industrial Solutions,Other Operating Income,Budget,13461.45
2025-05-01,Germany,DACH,Industrial Solutions,Revenue,Forecast,3368628.82
2025-05-01,Germany,DACH,Industrial Solutions,Material Costs,Forecast,-1277453.98
2025-05-01,Germany,DACH,Industrial Solutions,Production Costs,Forecast,-414309.4
2025-05-01,Germany,DACH,Industrial Solutions,Personnel Costs,Forecast,-500623.86
2025-05-01,Germany,DACH,Industrial Solutions,External Services,Forecast,-172628.92
2025-05-01,Germany,DACH,Industrial Solutions,Travel Expenses,Forecast,-40886.72
2025-05-01,Germany,DACH,Industrial Solutions,IT Expenses,Forecast,-33976.02
2025-05-01,Germany,DACH,Industrial Solutions,Other Operating Expenses,Forecast,-62197.11
2025-05-01,Germany,DACH,Industrial Solutions,Depreciation,Forecast,-117902.01
2025-05-01,Germany,DACH,Industrial Solutions,Other Operating Income,Forecast,13603.22
2025-05-01,Germany,DACH,Services,Revenue,Actual,2198759.64
2025-05-01,Germany,DACH,Services,Material Costs,Actual,-419132.95
2025-05-01,Germany,DACH,Services,Production Costs,Actual,-186281.31
2025-05-01,Germany,DACH,Services,Personnel Costs,Actual,-547201.35
2025-05-01,Germany,DACH,Services,External Services,Actual,-174638.73
2025-05-01,Germany,DACH,Services,Travel Expenses,Actual,-26961.07
2025-05-01,Germany,DACH,Services,IT Expenses,Actual,-22010.44
2025-05-01,Germany,DACH,Services,Other Operating Expenses,Actual,-40302.58
2025-05-01,Germany,DACH,Services,Depreciation,Actual,-43975.19
2025-05-01,Germany,DACH,Services,Other Operating Income,Actual,8766.64
2025-05-01,Germany,DACH,Services,Revenue,Budget,2112050.21
2025-05-01,Germany,DACH,Services,Material Costs,Budget,-380169.04
2025-05-01,Germany,DACH,Services,Production Costs,Budget,-168964.02
2025-05-01,Germany,DACH,Services,Personnel Costs,Budget,-496331.8
2025-05-01,Germany,DACH,Services,External Services,Budget,-158403.77
2025-05-01,Germany,DACH,Services,Travel Expenses,Budget,-25404.39
2025-05-01,Germany,DACH,Services,IT Expenses,Budget,-20276.44
2025-05-01,Germany,DACH,Services,Other Operating Expenses,Budget,-38887.8
2025-05-01,Germany,DACH,Services,Depreciation,Budget,-42241.0
2025-05-01,Germany,DACH,Services,Other Operating Income,Budget,8565.29
2025-05-01,Germany,DACH,Services,Revenue,Forecast,2158503.28
2025-05-01,Germany,DACH,Services,Material Costs,Forecast,-393183.68
2025-05-01,Germany,DACH,Services,Production Costs,Forecast,-174748.3
2025-05-01,Germany,DACH,Services,Personnel Costs,Forecast,-513323.14
2025-05-01,Germany,DACH,Services,External Services,Forecast,-163826.53
2025-05-01,Germany,DACH,Services,Travel Expenses,Forecast,-23651.47
2025-05-01,Germany,DACH,Services,IT Expenses,Forecast,-22486.59
2025-05-01,Germany,DACH,Services,Other Operating Expenses,Forecast,-38717.47
2025-05-01,Germany,DACH,Services,Depreciation,Forecast,-43170.07
2025-05-01,Germany,DACH,Services,Other Operating Income,Forecast,9016.74
2025-05-01,Germany,DACH,Equipment,Revenue,Actual,2741161.12
2025-05-01,Germany,DACH,Equipment,Material Costs,Actual,-1160318.38
2025-05-01,Germany,DACH,Equipment,Production Costs,Actual,-404762.23
2025-05-01,Germany,DACH,Equipment,Personnel Costs,Actual,-323809.78
2025-05-01,Germany,DACH,Equipment,External Services,Actual,-107936.59
2025-05-01,Germany,DACH,Equipment,Travel Expenses,Actual,-34782.73
2025-05-01,Germany,DACH,Equipment,IT Expenses,Actual,-27307.07
2025-05-01,Germany,DACH,Equipment,Other Operating Expenses,Actual,-49609.11
2025-05-01,Germany,DACH,Equipment,Depreciation,Actual,-123352.25
2025-05-01,Germany,DACH,Equipment,Other Operating Income,Actual,11346.24
2025-05-01,Germany,DACH,Equipment,Revenue,Budget,2650117.23
2025-05-01,Germany,DACH,Equipment,Material Costs,Budget,-1139550.41
2025-05-01,Germany,DACH,Equipment,Production Costs,Budget,-397517.58
2025-05-01,Germany,DACH,Equipment,Personnel Costs,Budget,-318014.07
2025-05-01,Germany,DACH,Equipment,External Services,Budget,-106004.69
2025-05-01,Germany,DACH,Equipment,Travel Expenses,Budget,-32274.31
2025-05-01,Germany,DACH,Equipment,IT Expenses,Budget,-26580.9
2025-05-01,Germany,DACH,Equipment,Other Operating Expenses,Budget,-48137.35
2025-05-01,Germany,DACH,Equipment,Depreciation,Budget,-119255.28
2025-05-01,Germany,DACH,Equipment,Other Operating Income,Budget,11619.56
2025-05-01,Germany,DACH,Equipment,Revenue,Forecast,2677435.98
2025-05-01,Germany,DACH,Equipment,Material Costs,Forecast,-1150501.44
2025-05-01,Germany,DACH,Equipment,Production Costs,Forecast,-401337.71
2025-05-01,Germany,DACH,Equipment,Personnel Costs,Forecast,-321070.17
2025-05-01,Germany,DACH,Equipment,External Services,Forecast,-107023.39
2025-05-01,Germany,DACH,Equipment,Travel Expenses,Forecast,-32323.07
2025-05-01,Germany,DACH,Equipment,IT Expenses,Forecast,-27336.97
2025-05-01,Germany,DACH,Equipment,Other Operating Expenses,Forecast,-49525.84
2025-05-01,Germany,DACH,Equipment,Depreciation,Forecast,-120484.62
2025-05-01,Germany,DACH,Equipment,Other Operating Income,Forecast,11218.26
2025-05-01,France,Western Europe,Industrial Solutions,Revenue,Actual,2651576.37
2025-05-01,France,Western Europe,Industrial Solutions,Material Costs,Actual,-952966.75
2025-05-01,France,Western Europe,Industrial Solutions,Production Costs,Actual,-309070.3
2025-05-01,France,Western Europe,Industrial Solutions,Personnel Costs,Actual,-373459.94
2025-05-01,France,Western Europe,Industrial Solutions,External Services,Actual,-128779.29
2025-05-01,France,Western Europe,Industrial Solutions,Travel Expenses,Actual,-32107.8
2025-05-01,France,Western Europe,Industrial Solutions,IT Expenses,Actual,-26115.76
2025-05-01,France,Western Europe,Industrial Solutions,Other Operating Expenses,Actual,-47651.84
2025-05-01,France,Western Europe,Industrial Solutions,Depreciation,Actual,-92805.17
2025-05-01,France,Western Europe,Industrial Solutions,Other Operating Income,Actual,10745.78
2025-05-01,France,Western Europe,Industrial Solutions,Revenue,Budget,2783244.24
2025-05-01,France,Western Europe,Industrial Solutions,Material Costs,Budget,-1029800.37
2025-05-01,France,Western Europe,Industrial Solutions,Production Costs,Budget,-333989.31
2025-05-01,France,Western Europe,Industrial Solutions,Personnel Costs,Budget,-403570.41
2025-05-01,France,Western Europe,Industrial Solutions,External Services,Budget,-139162.21
2025-05-01,France,Western Europe,Industrial Solutions,Travel Expenses,Budget,-33720.92
2025-05-01,France,Western Europe,Industrial Solutions,IT Expenses,Budget,-28067.3
2025-05-01,France,Western Europe,Industrial Solutions,Other Operating Expenses,Budget,-52119.5
2025-05-01,France,Western Europe,Industrial Solutions,Depreciation,Budget,-97413.55
2025-05-01,France,Western Europe,Industrial Solutions,Other Operating Income,Budget,11334.94
2025-05-01,France,Western Europe,Industrial Solutions,Revenue,Forecast,2746250.51
2025-05-01,France,Western Europe,Industrial Solutions,Material Costs,Forecast,-1013135.6
2025-05-01,France,Western Europe,Industrial Solutions,Production Costs,Forecast,-328584.52
2025-05-01,France,Western Europe,Industrial Solutions,Personnel Costs,Forecast,-397039.63
2025-05-01,France,Western Europe,Industrial Solutions,External Services,Forecast,-136910.22
2025-05-01,France,Western Europe,Industrial Solutions,Travel Expenses,Forecast,-33908.15
2025-05-01,France,Western Europe,Industrial Solutions,IT Expenses,Forecast,-28115.82
2025-05-01,France,Western Europe,Industrial Solutions,Other Operating Expenses,Forecast,-47915.42
2025-05-01,France,Western Europe,Industrial Solutions,Depreciation,Forecast,-96118.77
2025-05-01,France,Western Europe,Industrial Solutions,Other Operating Income,Forecast,11247.5
2025-05-01,France,Western Europe,Services,Revenue,Actual,1708317.11
2025-05-01,France,Western Europe,Services,Material Costs,Actual,-306343.54
2025-05-01,France,Western Europe,Services,Production Costs,Actual,-136152.68
2025-05-01,France,Western Europe,Services,Personnel Costs,Actual,-399948.51
2025-05-01,France,Western Europe,Services,External Services,Actual,-127643.14
2025-05-01,France,Western Europe,Services,Travel Expenses,Actual,-20577.03
2025-05-01,France,Western Europe,Services,IT Expenses,Actual,-17024.04
2025-05-01,France,Western Europe,Services,Other Operating Expenses,Actual,-30761.68
2025-05-01,France,Western Europe,Services,Depreciation,Actual,-34166.34
2025-05-01,France,Western Europe,Services,Other Operating Income,Actual,6533.62
2025-05-01,France,Western Europe,Services,Revenue,Budget,1740821.18
2025-05-01,France,Western Europe,Services,Material Costs,Budget,-313347.81
2025-05-01,France,Western Europe,Services,Production Costs,Budget,-139265.69
2025-05-01,France,Western Europe,Services,Personnel Costs,Budget,-409092.98
2025-05-01,France,Western Europe,Services,External Services,Budget,-130561.59
2025-05-01,France,Western Europe,Services,Travel Expenses,Budget,-19987.38
2025-05-01,France,Western Europe,Services,IT Expenses,Budget,-17963.36
2025-05-01,France,Western Europe,Services,Other Operating Expenses,Budget,-30671.3
2025-05-01,France,Western Europe,Services,Depreciation,Budget,-34816.42
2025-05-01,France,Western Europe,Services,Other Operating Income,Budget,6687.15
2025-05-01,France,Western Europe,Services,Revenue,Forecast,1741906.07
2025-05-01,France,Western Europe,Services,Material Costs,Forecast,-305440.92
2025-05-01,France,Western Europe,Services,Production Costs,Forecast,-135751.52
2025-05-01,France,Western Europe,Services,Personnel Costs,Forecast,-398770.1
2025-05-01,France,Western Europe,Services,External Services,Forecast,-127267.05
2025-05-01,France,Western Europe,Services,Travel Expenses,Forecast,-20502.19
2025-05-01,France,Western Europe,Services,IT Expenses,Forecast,-16958.12
2025-05-01,France,Western Europe,Services,Other Operating Expenses,Forecast,-32641.42
2025-05-01,France,Western Europe,Services,Depreciation,Forecast,-34838.12
2025-05-01,France,Western Europe,Services,Other Operating Income,Forecast,7249.07
2025-05-01,France,Western Europe,Equipment,Revenue,Actual,2205689.35
2025-05-01,France,Western Europe,Equipment,Material Costs,Actual,-940744.29
2025-05-01,France,Western Europe,Equipment,Production Costs,Actual,-328166.61
2025-05-01,France,Western Europe,Equipment,Personnel Costs,Actual,-262533.29
2025-05-01,France,Western Europe,Equipment,External Services,Actual,-87511.1
2025-05-01,France,Western Europe,Equipment,Travel Expenses,Actual,-24483.62
2025-05-01,France,Western Europe,Equipment,IT Expenses,Actual,-23067.52
2025-05-01,France,Western Europe,Equipment,Other Operating Expenses,Actual,-38323.17
2025-05-01,France,Western Europe,Equipment,Depreciation,Actual,-99256.02
2025-05-01,France,Western Europe,Equipment,Other Operating Income,Actual,8242.08
2025-05-01,France,Western Europe,Equipment,Revenue,Budget,2168584.74
2025-05-01,France,Western Europe,Equipment,Material Costs,Budget,-932491.44
2025-05-01,France,Western Europe,Equipment,Production Costs,Budget,-325287.71
2025-05-01,France,Western Europe,Equipment,Personnel Costs,Budget,-260230.17
2025-05-01,France,Western Europe,Equipment,External Services,Budget,-86743.39
2025-05-01,France,Western Europe,Equipment,Travel Expenses,Budget,-26821.33
2025-05-01,France,Western Europe,Equipment,IT Expenses,Budget,-22744.01
2025-05-01,France,Western Europe,Equipment,Other Operating Expenses,Budget,-40385.39
2025-05-01,France,Western Europe,Equipment,Depreciation,Budget,-97586.31
2025-05-01,France,Western Europe,Equipment,Other Operating Income,Budget,8870.0
2025-05-01,France,Western Europe,Equipment,Revenue,Forecast,2206184.89
2025-05-01,France,Western Europe,Equipment,Material Costs,Forecast,-955430.14
2025-05-01,France,Western Europe,Equipment,Production Costs,Forecast,-333289.58
2025-05-01,France,Western Europe,Equipment,Personnel Costs,Forecast,-266631.67
2025-05-01,France,Western Europe,Equipment,External Services,Forecast,-88877.22
2025-05-01,France,Western Europe,Equipment,Travel Expenses,Forecast,-27152.02
2025-05-01,France,Western Europe,Equipment,IT Expenses,Forecast,-22396.72
2025-05-01,France,Western Europe,Equipment,Other Operating Expenses,Forecast,-39990.49
2025-05-01,France,Western Europe,Equipment,Depreciation,Forecast,-99278.32
2025-05-01,France,Western Europe,Equipment,Other Operating Income,Forecast,8861.52
2025-05-01,Italy,Southern Europe,Industrial Solutions,Revenue,Actual,1955771.56
2025-05-01,Italy,Southern Europe,Industrial Solutions,Material Costs,Actual,-693008.39
2025-05-01,Italy,Southern Europe,Industrial Solutions,Production Costs,Actual,-224759.48
2025-05-01,Italy,Southern Europe,Industrial Solutions,Personnel Costs,Actual,-271584.37
2025-05-01,Italy,Southern Europe,Industrial Solutions,External Services,Actual,-93649.78
2025-05-01,Italy,Southern Europe,Industrial Solutions,Travel Expenses,Actual,-23400.02
2025-05-01,Italy,Southern Europe,Industrial Solutions,IT Expenses,Actual,-19171.02
2025-05-01,Italy,Southern Europe,Industrial Solutions,Other Operating Expenses,Actual,-34232.62
2025-05-01,Italy,Southern Europe,Industrial Solutions,Depreciation,Actual,-68452.0
2025-05-01,Italy,Southern Europe,Industrial Solutions,Other Operating Income,Actual,7879.38
2025-05-01,Italy,Southern Europe,Industrial Solutions,Revenue,Budget,2007271.97
2025-05-01,Italy,Southern Europe,Industrial Solutions,Material Costs,Budget,-742690.63
2025-05-01,Italy,Southern Europe,Industrial Solutions,Production Costs,Budget,-240872.64
2025-05-01,Italy,Southern Europe,Industrial Solutions,Personnel Costs,Budget,-291054.44
2025-05-01,Italy,Southern Europe,Industrial Solutions,External Services,Budget,-100363.6
2025-05-01,Italy,Southern Europe,Industrial Solutions,Travel Expenses,Budget,-25093.15
2025-05-01,Italy,Southern Europe,Industrial Solutions,IT Expenses,Budget,-20441.38
2025-05-01,Italy,Southern Europe,Industrial Solutions,Other Operating Expenses,Budget,-34712.31
2025-05-01,Italy,Southern Europe,Industrial Solutions,Depreciation,Budget,-70254.52
2025-05-01,Italy,Southern Europe,Industrial Solutions,Other Operating Income,Budget,7711.26
2025-05-01,Italy,Southern Europe,Industrial Solutions,Revenue,Forecast,1974503.22
2025-05-01,Italy,Southern Europe,Industrial Solutions,Material Costs,Forecast,-738813.74
2025-05-01,Italy,Southern Europe,Industrial Solutions,Production Costs,Forecast,-239615.27
2025-05-01,Italy,Southern Europe,Industrial Solutions,Personnel Costs,Forecast,-289535.11
2025-05-01,Italy,Southern Europe,Industrial Solutions,External Services,Forecast,-99839.69
2025-05-01,Italy,Southern Europe,Industrial Solutions,Travel Expenses,Forecast,-22995.67
2025-05-01,Italy,Southern Europe,Industrial Solutions,IT Expenses,Forecast,-19656.32
2025-05-01,Italy,Southern Europe,Industrial Solutions,Other Operating Expenses,Forecast,-36029.79
2025-05-01,Italy,Southern Europe,Industrial Solutions,Depreciation,Forecast,-69107.61
2025-05-01,Italy,Southern Europe,Industrial Solutions,Other Operating Income,Forecast,7592.09
2025-05-01,Italy,Southern Europe,Services,Revenue,Actual,1196868.14
2025-05-01,Italy,Southern Europe,Services,Material Costs,Actual,-217158.58
2025-05-01,Italy,Southern Europe,Services,Production Costs,Actual,-96514.93
2025-05-01,Italy,Southern Europe,Services,Personnel Costs,Actual,-283512.59
2025-05-01,Italy,Southern Europe,Services,External Services,Actual,-90482.74
2025-05-01,Italy,Southern Europe,Services,Travel Expenses,Actual,-13676.04
2025-05-01,Italy,Southern Europe,Services,IT Expenses,Actual,-12074.12
2025-05-01,Italy,Southern Europe,Services,Other Operating Expenses,Actual,-21533.05
2025-05-01,Italy,Southern Europe,Services,Depreciation,Actual,-23937.36
2025-05-01,Italy,Southern Europe,Services,Other Operating Income,Actual,4893.27
2025-05-01,Italy,Southern Europe,Services,Revenue,Budget,1257075.57
2025-05-01,Italy,Southern Europe,Services,Material Costs,Budget,-226273.6
2025-05-01,Italy,Southern Europe,Services,Production Costs,Budget,-100566.05
2025-05-01,Italy,Southern Europe,Services,Personnel Costs,Budget,-295412.76
2025-05-01,Italy,Southern Europe,Services,External Services,Budget,-94280.67
2025-05-01,Italy,Southern Europe,Services,Travel Expenses,Budget,-15186.24
2025-05-01,Italy,Southern Europe,Services,IT Expenses,Budget,-12913.72
2025-05-01,Italy,Southern Europe,Services,Other Operating Expenses,Budget,-22698.2
2025-05-01,Italy,Southern Europe,Services,Depreciation,Budget,-25141.51
2025-05-01,Italy,Southern Europe,Services,Other Operating Income,Budget,4941.94
2025-05-01,Italy,Southern Europe,Services,Revenue,Forecast,1218073.08
2025-05-01,Italy,Southern Europe,Services,Material Costs,Forecast,-219574.92
2025-05-01,Italy,Southern Europe,Services,Production Costs,Forecast,-97588.86
2025-05-01,Italy,Southern Europe,Services,Personnel Costs,Forecast,-286667.26
2025-05-01,Italy,Southern Europe,Services,External Services,Forecast,-91489.55
2025-05-01,Italy,Southern Europe,Services,Travel Expenses,Forecast,-14855.12
2025-05-01,Italy,Southern Europe,Services,IT Expenses,Forecast,-12192.63
2025-05-01,Italy,Southern Europe,Services,Other Operating Expenses,Forecast,-21947.57
2025-05-01,Italy,Southern Europe,Services,Depreciation,Forecast,-24361.46
2025-05-01,Italy,Southern Europe,Services,Other Operating Income,Forecast,4735.48
2025-05-01,Italy,Southern Europe,Equipment,Revenue,Actual,1512215.84
2025-05-01,Italy,Southern Europe,Equipment,Material Costs,Actual,-630032.17
2025-05-01,Italy,Southern Europe,Equipment,Production Costs,Actual,-219778.66
2025-05-01,Italy,Southern Europe,Equipment,Personnel Costs,Actual,-175822.93
2025-05-01,Italy,Southern Europe,Equipment,External Services,Actual,-58607.64
2025-05-01,Italy,Southern Europe,Equipment,Travel Expenses,Actual,-17769.37
2025-05-01,Italy,Southern Europe,Equipment,IT Expenses,Actual,-14904.88
2025-05-01,Italy,Southern Europe,Equipment,Other Operating Expenses,Actual,-27828.88
2025-05-01,Italy,Southern Europe,Equipment,Depreciation,Actual,-68049.71
2025-05-01,Italy,Southern Europe,Equipment,Other Operating Income,Actual,5977.5
2025-05-01,Italy,Southern Europe,Equipment,Revenue,Budget,1577634.38
2025-05-01,Italy,Southern Europe,Equipment,Material Costs,Budget,-678382.79
2025-05-01,Italy,Southern Europe,Equipment,Production Costs,Budget,-236645.16
2025-05-01,Italy,Southern Europe,Equipment,Personnel Costs,Budget,-189316.13
2025-05-01,Italy,Southern Europe,Equipment,External Services,Budget,-63105.38
2025-05-01,Italy,Southern Europe,Equipment,Travel Expenses,Budget,-19640.27
2025-05-01,Italy,Southern Europe,Equipment,IT Expenses,Budget,-15563.84
2025-05-01,Italy,Southern Europe,Equipment,Other Operating Expenses,Budget,-28595.49
2025-05-01,Italy,Southern Europe,Equipment,Depreciation,Budget,-70993.55
2025-05-01,Italy,Southern Europe,Equipment,Other Operating Income,Budget,6099.68
2025-05-01,Italy,Southern Europe,Equipment,Revenue,Forecast,1563232.12
2025-05-01,Italy,Southern Europe,Equipment,Material Costs,Forecast,-689493.18
2025-05-01,Italy,Southern Europe,Equipment,Production Costs,Forecast,-240520.88
2025-05-01,Italy,Southern Europe,Equipment,Personnel Costs,Forecast,-192416.7
2025-05-01,Italy,Southern Europe,Equipment,External Services,Forecast,-64138.9
2025-05-01,Italy,Southern Europe,Equipment,Travel Expenses,Forecast,-18090.45
2025-05-01,Italy,Southern Europe,Equipment,IT Expenses,Forecast,-15729.19
2025-05-01,Italy,Southern Europe,Equipment,Other Operating Expenses,Forecast,-28584.01
2025-05-01,Italy,Southern Europe,Equipment,Depreciation,Forecast,-70345.45
2025-05-01,Italy,Southern Europe,Equipment,Other Operating Income,Forecast,6356.43
2025-05-01,Switzerland,DACH,Industrial Solutions,Revenue,Actual,1874675.11
2025-05-01,Switzerland,DACH,Industrial Solutions,Material Costs,Actual,-691080.67
2025-05-01,Switzerland,DACH,Industrial Solutions,Production Costs,Actual,-224134.27
2025-05-01,Switzerland,DACH,Industrial Solutions,Personnel Costs,Actual,-270828.91
2025-05-01,Switzerland,DACH,Industrial Solutions,External Services,Actual,-93389.28
2025-05-01,Switzerland,DACH,Industrial Solutions,Travel Expenses,Actual,-23146.61
2025-05-01,Switzerland,DACH,Industrial Solutions,IT Expenses,Actual,-19575.55
2025-05-01,Switzerland,DACH,Industrial Solutions,Other Operating Expenses,Actual,-33273.85
2025-05-01,Switzerland,DACH,Industrial Solutions,Depreciation,Actual,-65613.63
2025-05-01,Switzerland,DACH,Industrial Solutions,Other Operating Income,Actual,7087.83
2025-05-01,Switzerland,DACH,Industrial Solutions,Revenue,Budget,1879044.72
2025-05-01,Switzerland,DACH,Industrial Solutions,Material Costs,Budget,-695246.55
2025-05-01,Switzerland,DACH,Industrial Solutions,Production Costs,Budget,-225485.37
2025-05-01,Switzerland,DACH,Industrial Solutions,Personnel Costs,Budget,-272461.49
2025-05-01,Switzerland,DACH,Industrial Solutions,External Services,Budget,-93952.24
2025-05-01,Switzerland,DACH,Industrial Solutions,Travel Expenses,Budget,-22488.82
2025-05-01,Switzerland,DACH,Industrial Solutions,IT Expenses,Budget,-19759.93
2025-05-01,Switzerland,DACH,Industrial Solutions,Other Operating Expenses,Budget,-33143.24
2025-05-01,Switzerland,DACH,Industrial Solutions,Depreciation,Budget,-65766.57
2025-05-01,Switzerland,DACH,Industrial Solutions,Other Operating Income,Budget,8008.97
2025-05-01,Switzerland,DACH,Industrial Solutions,Revenue,Forecast,1877299.19
2025-05-01,Switzerland,DACH,Industrial Solutions,Material Costs,Forecast,-708584.68
2025-05-01,Switzerland,DACH,Industrial Solutions,Production Costs,Forecast,-229811.25
2025-05-01,Switzerland,DACH,Industrial Solutions,Personnel Costs,Forecast,-277688.59
2025-05-01,Switzerland,DACH,Industrial Solutions,External Services,Forecast,-95754.69
2025-05-01,Switzerland,DACH,Industrial Solutions,Travel Expenses,Forecast,-22153.46
2025-05-01,Switzerland,DACH,Industrial Solutions,IT Expenses,Forecast,-18986.62
2025-05-01,Switzerland,DACH,Industrial Solutions,Other Operating Expenses,Forecast,-35167.03
2025-05-01,Switzerland,DACH,Industrial Solutions,Depreciation,Forecast,-65705.47
2025-05-01,Switzerland,DACH,Industrial Solutions,Other Operating Income,Forecast,7395.32
2025-05-01,Switzerland,DACH,Services,Revenue,Actual,1153057.25
2025-05-01,Switzerland,DACH,Services,Material Costs,Actual,-204181.36
2025-05-01,Switzerland,DACH,Services,Production Costs,Actual,-90747.27
2025-05-01,Switzerland,DACH,Services,Personnel Costs,Actual,-266570.11
2025-05-01,Switzerland,DACH,Services,External Services,Actual,-85075.57
2025-05-01,Switzerland,DACH,Services,Travel Expenses,Actual,-13328.63
2025-05-01,Switzerland,DACH,Services,IT Expenses,Actual,-11538.43
2025-05-01,Switzerland,DACH,Services,Other Operating Expenses,Actual,-20355.51
2025-05-01,Switzerland,DACH,Services,Depreciation,Actual,-23061.14
2025-05-01,Switzerland,DACH,Services,Other Operating Income,Actual,4655.36
2025-05-01,Switzerland,DACH,Services,Revenue,Budget,1174144.58
2025-05-01,Switzerland,DACH,Services,Material Costs,Budget,-211346.02
2025-05-01,Switzerland,DACH,Services,Production Costs,Budget,-93931.57
2025-05-01,Switzerland,DACH,Services,Personnel Costs,Budget,-275923.98
2025-05-01,Switzerland,DACH,Services,External Services,Budget,-88060.84
2025-05-01,Switzerland,DACH,Services,Travel Expenses,Budget,-13432.07
2025-05-01,Switzerland,DACH,Services,IT Expenses,Budget,-11819.15
2025-05-01,Switzerland,DACH,Services,Other Operating Expenses,Budget,-21575.01
2025-05-01,Switzerland,DACH,Services,Depreciation,Budget,-23482.89
2025-05-01,Switzerland,DACH,Services,Other Operating Income,Budget,4322.03
2025-05-01,Switzerland,DACH,Services,Revenue,Forecast,1153108.93
2025-05-01,Switzerland,DACH,Services,Material Costs,Forecast,-208491.28
2025-05-01,Switzerland,DACH,Services,Production Costs,Forecast,-92662.79
2025-05-01,Switzerland,DACH,Services,Personnel Costs,Forecast,-272196.94
2025-05-01,Switzerland,DACH,Services,External Services,Forecast,-86871.37
2025-05-01,Switzerland,DACH,Services,Travel Expenses,Forecast,-14346.94
2025-05-01,Switzerland,DACH,Services,IT Expenses,Forecast,-11252.12
2025-05-01,Switzerland,DACH,Services,Other Operating Expenses,Forecast,-21623.86
2025-05-01,Switzerland,DACH,Services,Depreciation,Forecast,-23062.18
2025-05-01,Switzerland,DACH,Services,Other Operating Income,Forecast,4689.74
2025-05-01,Switzerland,DACH,Equipment,Revenue,Actual,1487981.9
2025-05-01,Switzerland,DACH,Equipment,Material Costs,Actual,-641047.99
2025-05-01,Switzerland,DACH,Equipment,Production Costs,Actual,-223621.39
2025-05-01,Switzerland,DACH,Equipment,Personnel Costs,Actual,-178897.11
2025-05-01,Switzerland,DACH,Equipment,External Services,Actual,-59632.37
2025-05-01,Switzerland,DACH,Equipment,Travel Expenses,Actual,-18144.38
2025-05-01,Switzerland,DACH,Equipment,IT Expenses,Actual,-14605.83
2025-05-01,Switzerland,DACH,Equipment,Other Operating Expenses,Actual,-26897.08
2025-05-01,Switzerland,DACH,Equipment,Depreciation,Actual,-66959.19
2025-05-01,Switzerland,DACH,Equipment,Other Operating Income,Actual,5615.35
2025-05-01,Switzerland,DACH,Equipment,Revenue,Budget,1478278.84
2025-05-01,Switzerland,DACH,Equipment,Material Costs,Budget,-635659.9
2025-05-01,Switzerland,DACH,Equipment,Production Costs,Budget,-221741.83
2025-05-01,Switzerland,DACH,Equipment,Personnel Costs,Budget,-177393.46
2025-05-01,Switzerland,DACH,Equipment,External Services,Budget,-59131.15
2025-05-01,Switzerland,DACH,Equipment,Travel Expenses,Budget,-17680.15
2025-05-01,Switzerland,DACH,Equipment,IT Expenses,Budget,-14515.54
2025-05-01,Switzerland,DACH,Equipment,Other Operating Expenses,Budget,-26119.73
2025-05-01,Switzerland,DACH,Equipment,Depreciation,Budget,-66522.55
2025-05-01,Switzerland,DACH,Equipment,Other Operating Income,Budget,6205.48
2025-05-01,Switzerland,DACH,Equipment,Revenue,Forecast,1490242.26
2025-05-01,Switzerland,DACH,Equipment,Material Costs,Forecast,-649195.97
2025-05-01,Switzerland,DACH,Equipment,Production Costs,Forecast,-226463.71
2025-05-01,Switzerland,DACH,Equipment,Personnel Costs,Forecast,-181170.97
2025-05-01,Switzerland,DACH,Equipment,External Services,Forecast,-60390.32
2025-05-01,Switzerland,DACH,Equipment,Travel Expenses,Forecast,-18209.7
2025-05-01,Switzerland,DACH,Equipment,IT Expenses,Forecast,-14576.86
2025-05-01,Switzerland,DACH,Equipment,Other Operating Expenses,Forecast,-26612.17
2025-05-01,Switzerland,DACH,Equipment,Depreciation,Forecast,-67060.9
2025-05-01,Switzerland,DACH,Equipment,Other Operating Income,Forecast,6250.22
2025-06-01,Austria,DACH,Industrial Solutions,Revenue,Actual,2771141.95
2025-06-01,Austria,DACH,Industrial Solutions,Material Costs,Actual,-1066303.92
2025-06-01,Austria,DACH,Industrial Solutions,Production Costs,Actual,-345828.3
2025-06-01,Austria,DACH,Industrial Solutions,Personnel Costs,Actual,-417875.86
2025-06-01,Austria,DACH,Industrial Solutions,External Services,Actual,-144095.12
2025-06-01,Austria,DACH,Industrial Solutions,Travel Expenses,Actual,-32945.33
2025-06-01,Austria,DACH,Industrial Solutions,IT Expenses,Actual,-27785.43
2025-06-01,Austria,DACH,Industrial Solutions,Other Operating Expenses,Actual,-49690.42
2025-06-01,Austria,DACH,Industrial Solutions,Depreciation,Actual,-96989.97
2025-06-01,Austria,DACH,Industrial Solutions,Other Operating Income,Actual,11398.53
2025-06-01,Austria,DACH,Industrial Solutions,Revenue,Budget,2567438.78
2025-06-01,Austria,DACH,Industrial Solutions,Material Costs,Budget,-949952.35
2025-06-01,Austria,DACH,Industrial Solutions,Production Costs,Budget,-308092.65
2025-06-01,Austria,DACH,Industrial Solutions,Personnel Costs,Budget,-372278.62
2025-06-01,Austria,DACH,Industrial Solutions,External Services,Budget,-128371.94
2025-06-01,Austria,DACH,Industrial Solutions,Travel Expenses,Budget,-31693.52
2025-06-01,Austria,DACH,Industrial Solutions,IT Expenses,Budget,-25270.79
2025-06-01,Austria,DACH,Industrial Solutions,Other Operating Expenses,Budget,-44675.86
2025-06-01,Austria,DACH,Industrial Solutions,Depreciation,Budget,-89860.36
2025-06-01,Austria,DACH,Industrial Solutions,Other Operating Income,Budget,9515.46
2025-06-01,Austria,DACH,Industrial Solutions,Revenue,Forecast,2687906.61
2025-06-01,Austria,DACH,Industrial Solutions,Material Costs,Forecast,-1000587.97
2025-06-01,Austria,DACH,Industrial Solutions,Production Costs,Forecast,-324515.02
2025-06-01,Austria,DACH,Industrial Solutions,Personnel Costs,Forecast,-392122.31
2025-06-01,Austria,DACH,Industrial Solutions,External Services,Forecast,-135214.59
2025-06-01,Austria,DACH,Industrial Solutions,Travel Expenses,Forecast,-31187.21
2025-06-01,Austria,DACH,Industrial Solutions,IT Expenses,Forecast,-25721.71
2025-06-01,Austria,DACH,Industrial Solutions,Other Operating Expenses,Forecast,-48852.33
2025-06-01,Austria,DACH,Industrial Solutions,Depreciation,Forecast,-94076.73
2025-06-01,Austria,DACH,Industrial Solutions,Other Operating Income,Forecast,11823.78
2025-06-01,Austria,DACH,Services,Revenue,Actual,1648936.98
2025-06-01,Austria,DACH,Services,Material Costs,Actual,-296074.87
2025-06-01,Austria,DACH,Services,Production Costs,Actual,-131588.83
2025-06-01,Austria,DACH,Services,Personnel Costs,Actual,-386542.2
2025-06-01,Austria,DACH,Services,External Services,Actual,-123364.53
2025-06-01,Austria,DACH,Services,Travel Expenses,Actual,-20332.82
2025-06-01,Austria,DACH,Services,IT Expenses,Actual,-16393.64
2025-06-01,Austria,DACH,Services,Other Operating Expenses,Actual,-29879.28
2025-06-01,Austria,DACH,Services,Depreciation,Actual,-32978.74
2025-06-01,Austria,DACH,Services,Other Operating Income,Actual,6680.62
2025-06-01,Austria,DACH,Services,Revenue,Budget,1601808.3
2025-06-01,Austria,DACH,Services,Material Costs,Budget,-288325.49
2025-06-01,Austria,DACH,Services,Production Costs,Budget,-128144.66
2025-06-01,Austria,DACH,Services,Personnel Costs,Budget,-376424.95
2025-06-01,Austria,DACH,Services,External Services,Budget,-120135.62
2025-06-01,Austria,DACH,Services,Travel Expenses,Budget,-18836.44
2025-06-01,Austria,DACH,Services,IT Expenses,Budget,-16335.9
2025-06-01,Austria,DACH,Services,Other Operating Expenses,Budget,-28706.44
2025-06-01,Austria,DACH,Services,Depreciation,Budget,-32036.17
2025-06-01,Austria,DACH,Services,Other Operating Income,Budget,6213.54
2025-06-01,Austria,DACH,Services,Revenue,Forecast,1628794.64
2025-06-01,Austria,DACH,Services,Material Costs,Forecast,-295070.58
2025-06-01,Austria,DACH,Services,Production Costs,Forecast,-131142.48
2025-06-01,Austria,DACH,Services,Personnel Costs,Forecast,-385231.04
2025-06-01,Austria,DACH,Services,External Services,Forecast,-122946.08
2025-06-01,Austria,DACH,Services,Travel Expenses,Forecast,-19018.7
2025-06-01,Austria,DACH,Services,IT Expenses,Forecast,-16297.13
2025-06-01,Austria,DACH,Services,Other Operating Expenses,Forecast,-29311.62
2025-06-01,Austria,DACH,Services,Depreciation,Forecast,-32575.89
2025-06-01,Austria,DACH,Services,Other Operating Income,Forecast,6798.17
2025-06-01,Austria,DACH,Equipment,Revenue,Actual,2027327.62
2025-06-01,Austria,DACH,Equipment,Material Costs,Actual,-902048.74
2025-06-01,Austria,DACH,Equipment,Production Costs,Actual,-314668.17
2025-06-01,Austria,DACH,Equipment,Personnel Costs,Actual,-251734.53
2025-06-01,Austria,DACH,Equipment,External Services,Actual,-83911.51
2025-06-01,Austria,DACH,Equipment,Travel Expenses,Actual,-24735.04
2025-06-01,Austria,DACH,Equipment,IT Expenses,Actual,-20277.47
2025-06-01,Austria,DACH,Equipment,Other Operating Expenses,Actual,-35295.11
2025-06-01,Austria,DACH,Equipment,Depreciation,Actual,-91229.74
2025-06-01,Austria,DACH,Equipment,Other Operating Income,Actual,7763.82
2025-06-01,Austria,DACH,Equipment,Revenue,Budget,2040663.55
2025-06-01,Austria,DACH,Equipment,Material Costs,Budget,-877485.33
2025-06-01,Austria,DACH,Equipment,Production Costs,Budget,-306099.53
2025-06-01,Austria,DACH,Equipment,Personnel Costs,Budget,-244879.63
2025-06-01,Austria,DACH,Equipment,External Services,Budget,-81626.54
2025-06-01,Austria,DACH,Equipment,Travel Expenses,Budget,-24263.73
2025-06-01,Austria,DACH,Equipment,IT Expenses,Budget,-20157.87
2025-06-01,Austria,DACH,Equipment,Other Operating Expenses,Budget,-36560.25
2025-06-01,Austria,DACH,Equipment,Depreciation,Budget,-91829.86
2025-06-01,Austria,DACH,Equipment,Other Operating Income,Budget,8181.15
2025-06-01,Austria,DACH,Equipment,Revenue,Forecast,2046631.09
2025-06-01,Austria,DACH,Equipment,Material Costs,Forecast,-885645.25
2025-06-01,Austria,DACH,Equipment,Production Costs,Forecast,-308946.02
2025-06-01,Austria,DACH,Equipment,Personnel Costs,Forecast,-247156.81
2025-06-01,Austria,DACH,Equipment,External Services,Forecast,-82385.6
2025-06-01,Austria,DACH,Equipment,Travel Expenses,Forecast,-24507.63
2025-06-01,Austria,DACH,Equipment,IT Expenses,Forecast,-20665.45
2025-06-01,Austria,DACH,Equipment,Other Operating Expenses,Forecast,-36898.74
2025-06-01,Austria,DACH,Equipment,Depreciation,Forecast,-92098.4
2025-06-01,Austria,DACH,Equipment,Other Operating Income,Forecast,7539.64
2025-06-01,Germany,DACH,Industrial Solutions,Revenue,Actual,3442708.2
2025-06-01,Germany,DACH,Industrial Solutions,Material Costs,Actual,-1292906.79
2025-06-01,Germany,DACH,Industrial Solutions,Production Costs,Actual,-419321.12
2025-06-01,Germany,DACH,Industrial Solutions,Personnel Costs,Actual,-506679.69
2025-06-01,Germany,DACH,Industrial Solutions,External Services,Actual,-174717.13
2025-06-01,Germany,DACH,Industrial Solutions,Travel Expenses,Actual,-43209.67
2025-06-01,Germany,DACH,Industrial Solutions,IT Expenses,Actual,-35266.25
2025-06-01,Germany,DACH,Industrial Solutions,Other Operating Expenses,Actual,-61638.08
2025-06-01,Germany,DACH,Industrial Solutions,Depreciation,Actual,-120494.79
2025-06-01,Germany,DACH,Industrial Solutions,Other Operating Income,Actual,14591.97
2025-06-01,Germany,DACH,Industrial Solutions,Revenue,Budget,3421155.01
2025-06-01,Germany,DACH,Industrial Solutions,Material Costs,Budget,-1265827.35
2025-06-01,Germany,DACH,Industrial Solutions,Production Costs,Budget,-410538.6
2025-06-01,Germany,DACH,Industrial Solutions,Personnel Costs,Budget,-496067.48
2025-06-01,Germany,DACH,Industrial Solutions,External Services,Budget,-171057.75
2025-06-01,Germany,DACH,Industrial Solutions,Travel Expenses,Budget,-41236.96
2025-06-01,Germany,DACH,Industrial Solutions,IT Expenses,Budget,-33980.91
2025-06-01,Germany,DACH,Industrial Solutions,Other Operating Expenses,Budget,-60636.44
2025-06-01,Germany,DACH,Industrial Solutions,Depreciation,Budget,-119740.43
2025-06-01,Germany,DACH,Industrial Solutions,Other Operating Income,Budget,13519.05
2025-06-01,Germany,DACH,Industrial Solutions,Revenue,Forecast,3399786.12
2025-06-01,Germany,DACH,Industrial Solutions,Material Costs,Forecast,-1252061.32
2025-06-01,Germany,DACH,Industrial Solutions,Production Costs,Forecast,-406073.94
2025-06-01,Germany,DACH,Industrial Solutions,Personnel Costs,Forecast,-490672.68
2025-06-01,Germany,DACH,Industrial Solutions,External Services,Forecast,-169197.48
2025-06-01,Germany,DACH,Industrial Solutions,Travel Expenses,Forecast,-41006.01
2025-06-01,Germany,DACH,Industrial Solutions,IT Expenses,Forecast,-34107.04
2025-06-01,Germany,DACH,Industrial Solutions,Other Operating Expenses,Forecast,-61200.81
2025-06-01,Germany,DACH,Industrial Solutions,Depreciation,Forecast,-118992.51
2025-06-01,Germany,DACH,Industrial Solutions,Other Operating Income,Forecast,13836.82
2025-06-01,Germany,DACH,Services,Revenue,Actual,2335022.62
2025-06-01,Germany,DACH,Services,Material Costs,Actual,-417076.6
2025-06-01,Germany,DACH,Services,Production Costs,Actual,-185367.38
2025-06-01,Germany,DACH,Services,Personnel Costs,Actual,-544516.67
2025-06-01,Germany,DACH,Services,External Services,Actual,-173781.91
2025-06-01,Germany,DACH,Services,Travel Expenses,Actual,-28805.67
2025-06-01,Germany,DACH,Services,IT Expenses,Actual,-22711.89
2025-06-01,Germany,DACH,Services,Other Operating Expenses,Actual,-41794.23
2025-06-01,Germany,DACH,Services,Depreciation,Actual,-46700.45
2025-06-01,Germany,DACH,Services,Other Operating Income,Actual,8902.93
2025-06-01,Germany,DACH,Services,Revenue,Budget,2193497.43
2025-06-01,Germany,DACH,Services,Material Costs,Budget,-394829.54
2025-06-01,Germany,DACH,Services,Production Costs,Budget,-175479.79
2025-06-01,Germany,DACH,Services,Personnel Costs,Budget,-515471.9
2025-06-01,Germany,DACH,Services,External Services,Budget,-164512.31
2025-06-01,Germany,DACH,Services,Travel Expenses,Budget,-24899.02
2025-06-01,Germany,DACH,Services,IT Expenses,Budget,-22172.51
2025-06-01,Germany,DACH,Services,Other Operating Expenses,Budget,-40232.3
2025-06-01,Germany,DACH,Services,Depreciation,Budget,-43869.95
2025-06-01,Germany,DACH,Services,Other Operating Income,Budget,8571.66
2025-06-01,Germany,DACH,Services,Revenue,Forecast,2244354.67
2025-06-01,Germany,DACH,Services,Material Costs,Forecast,-391422.97
2025-06-01,Germany,DACH,Services,Production Costs,Forecast,-173965.76
2025-06-01,Germany,DACH,Services,Personnel Costs,Forecast,-511024.43
2025-06-01,Germany,DACH,Services,External Services,Forecast,-163092.9
2025-06-01,Germany,DACH,Services,Travel Expenses,Forecast,-26490.91
2025-06-01,Germany,DACH,Services,IT Expenses,Forecast,-22619.42
2025-06-01,Germany,DACH,Services,Other Operating Expenses,Forecast,-38904.74
2025-06-01,Germany,DACH,Services,Depreciation,Forecast,-44887.09
2025-06-01,Germany,DACH,Services,Other Operating Income,Forecast,9043.26
2025-06-01,Germany,DACH,Equipment,Revenue,Actual,2794831.44
2025-06-01,Germany,DACH,Equipment,Material Costs,Actual,-1172542.21
2025-06-01,Germany,DACH,Equipment,Production Costs,Actual,-409026.35
2025-06-01,Germany,DACH,Equipment,Personnel Costs,Actual,-327221.08
2025-06-01,Germany,DACH,Equipment,External Services,Actual,-109073.69
2025-06-01,Germany,DACH,Equipment,Travel Expenses,Actual,-34741.89
2025-06-01,Germany,DACH,Equipment,IT Expenses,Actual,-27859.7
2025-06-01,Germany,DACH,Equipment,Other Operating Expenses,Actual,-50272.63
2025-06-01,Germany,DACH,Equipment,Depreciation,Actual,-125767.42
2025-06-01,Germany,DACH,Equipment,Other Operating Income,Actual,10761.99
2025-06-01,Germany,DACH,Equipment,Revenue,Budget,2738788.49
2025-06-01,Germany,DACH,Equipment,Material Costs,Budget,-1177679.05
2025-06-01,Germany,DACH,Equipment,Production Costs,Budget,-410818.27
2025-06-01,Germany,DACH,Equipment,Personnel Costs,Budget,-328654.62
2025-06-01,Germany,DACH,Equipment,External Services,Budget,-109551.54
2025-06-01,Germany,DACH,Equipment,Travel Expenses,Budget,-32428.4
2025-06-01,Germany,DACH,Equipment,IT Expenses,Budget,-26903.23
2025-06-01,Germany,DACH,Equipment,Other Operating Expenses,Budget,-49085.04
2025-06-01,Germany,DACH,Equipment,Depreciation,Budget,-123245.48
2025-06-01,Germany,DACH,Equipment,Other Operating Income,Budget,11705.24
2025-06-01,Germany,DACH,Equipment,Revenue,Forecast,2772261.65
2025-06-01,Germany,DACH,Equipment,Material Costs,Forecast,-1172447.64
2025-06-01,Germany,DACH,Equipment,Production Costs,Forecast,-408993.36
2025-06-01,Germany,DACH,Equipment,Personnel Costs,Forecast,-327194.69
2025-06-01,Germany,DACH,Equipment,External Services,Forecast,-109064.9
2025-06-01,Germany,DACH,Equipment,Travel Expenses,Forecast,-31656.78
2025-06-01,Germany,DACH,Equipment,IT Expenses,Forecast,-28538.31
2025-06-01,Germany,DACH,Equipment,Other Operating Expenses,Forecast,-49639.57
2025-06-01,Germany,DACH,Equipment,Depreciation,Forecast,-124751.77
2025-06-01,Germany,DACH,Equipment,Other Operating Income,Forecast,10792.27
2025-06-01,France,Western Europe,Industrial Solutions,Revenue,Actual,2759626.72
2025-06-01,France,Western Europe,Industrial Solutions,Material Costs,Actual,-1038366.99
2025-06-01,France,Western Europe,Industrial Solutions,Production Costs,Actual,-336767.67
2025-06-01,France,Western Europe,Industrial Solutions,Personnel Costs,Actual,-406927.61
2025-06-01,France,Western Europe,Industrial Solutions,External Services,Actual,-140319.86
2025-06-01,France,Western Europe,Industrial Solutions,Travel Expenses,Actual,-32630.8
2025-06-01,France,Western Europe,Industrial Solutions,IT Expenses,Actual,-28786.94
2025-06-01,France,Western Europe,Industrial Solutions,Other Operating Expenses,Actual,-48921.08
2025-06-01,France,Western Europe,Industrial Solutions,Depreciation,Actual,-96586.94
2025-06-01,France,Western Europe,Industrial Solutions,Other Operating Income,Actual,11366.17
2025-06-01,France,Western Europe,Industrial Solutions,Revenue,Budget,2854570.74
2025-06-01,France,Western Europe,Industrial Solutions,Material Costs,Budget,-1056191.17
2025-06-01,France,Western Europe,Industrial Solutions,Production Costs,Budget,-342548.49
2025-06-01,France,Western Europe,Industrial Solutions,Personnel Costs,Budget,-413912.76
2025-06-01,France,Western Europe,Industrial Solutions,External Services,Budget,-142728.54
2025-06-01,France,Western Europe,Industrial Solutions,Travel Expenses,Budget,-34562.42
2025-06-01,France,Western Europe,Industrial Solutions,IT Expenses,Budget,-29288.89
2025-06-01,France,Western Europe,Industrial Solutions,Other Operating Expenses,Budget,-53388.12
2025-06-01,France,Western Europe,Industrial Solutions,Depreciation,Budget,-99909.98
2025-06-01,France,Western Europe,Industrial Solutions,Other Operating Income,Budget,11432.9
2025-06-01,France,Western Europe,Industrial Solutions,Revenue,Forecast,2843288.5
2025-06-01,France,Western Europe,Industrial Solutions,Material Costs,Forecast,-1042505.44
2025-06-01,France,Western Europe,Industrial Solutions,Production Costs,Forecast,-338109.87
2025-06-01,France,Western Europe,Industrial Solutions,Personnel Costs,Forecast,-408549.43
2025-06-01,France,Western Europe,Industrial Solutions,External Services,Forecast,-140879.11
2025-06-01,France,Western Europe,Industrial Solutions,Travel Expenses,Forecast,-34590.28
2025-06-01,France,Western Europe,Industrial Solutions,IT Expenses,Forecast,-28047.5
2025-06-01,France,Western Europe,Industrial Solutions,Other Operating Expenses,Forecast,-53755.28
2025-06-01,France,Western Europe,Industrial Solutions,Depreciation,Forecast,-99515.1
2025-06-01,France,Western Europe,Industrial Solutions,Other Operating Income,Forecast,11435.27
2025-06-01,France,Western Europe,Services,Revenue,Actual,1773507.49
2025-06-01,France,Western Europe,Services,Material Costs,Actual,-311477.11
2025-06-01,France,Western Europe,Services,Production Costs,Actual,-138434.27
2025-06-01,France,Western Europe,Services,Personnel Costs,Actual,-406650.67
2025-06-01,France,Western Europe,Services,External Services,Actual,-129782.13
2025-06-01,France,Western Europe,Services,Travel Expenses,Actual,-22048.51
2025-06-01,France,Western Europe,Services,IT Expenses,Actual,-17502.07
2025-06-01,France,Western Europe,Services,Other Operating Expenses,Actual,-31087.62
2025-06-01,France,Western Europe,Services,Depreciation,Actual,-35470.15
2025-06-01,France,Western Europe,Services,Other Operating Income,Actual,7246.31
2025-06-01,France,Western Europe,Services,Revenue,Budget,1754392.63
2025-06-01,France,Western Europe,Services,Material Costs,Budget,-315790.67
2025-06-01,France,Western Europe,Services,Production Costs,Budget,-140351.41
2025-06-01,France,Western Europe,Services,Personnel Costs,Budget,-412282.27
2025-06-01,France,Western Europe,Services,External Services,Budget,-131579.45
2025-06-01,France,Western Europe,Services,Travel Expenses,Budget,-21801.58
2025-06-01,France,Western Europe,Services,IT Expenses,Budget,-17796.19
2025-06-01,France,Western Europe,Services,Other Operating Expenses,Budget,-32365.42
2025-06-01,France,Western Europe,Services,Depreciation,Budget,-35087.85
2025-06-01,France,Western Europe,Services,Other Operating Income,Budget,6805.14
2025-06-01,France,Western Europe,Services,Revenue,Forecast,1745885.4
2025-06-01,France,Western Europe,Services,Material Costs,Forecast,-308897.56
2025-06-01,France,Western Europe,Services,Production Costs,Forecast,-137287.81
2025-06-01,France,Western Europe,Services,Personnel Costs,Forecast,-403282.93
2025-06-01,France,Western Europe,Services,External Services,Forecast,-128707.32
2025-06-01,France,Western Europe,Services,Travel Expenses,Forecast,-21894.24
2025-06-01,France,Western Europe,Services,IT Expenses,Forecast,-17346.18
2025-06-01,France,Western Europe,Services,Other Operating Expenses,Forecast,-31228.87
2025-06-01,France,Western Europe,Services,Depreciation,Forecast,-34917.71
2025-06-01,France,Western Europe,Services,Other Operating Income,Forecast,7354.56
2025-06-01,France,Western Europe,Equipment,Revenue,Actual,2120233.77
2025-06-01,France,Western Europe,Equipment,Material Costs,Actual,-897033.12
2025-06-01,France,Western Europe,Equipment,Production Costs,Actual,-312918.53
2025-06-01,France,Western Europe,Equipment,Personnel Costs,Actual,-250334.83
2025-06-01,France,Western Europe,Equipment,External Services,Actual,-83444.94
2025-06-01,France,Western Europe,Equipment,Travel Expenses,Actual,-26151.01
2025-06-01,France,Western Europe,Equipment,IT Expenses,Actual,-21226.51
2025-06-01,France,Western Europe,Equipment,Other Operating Expenses,Actual,-38420.47
2025-06-01,France,Western Europe,Equipment,Depreciation,Actual,-95410.52
2025-06-01,France,Western Europe,Equipment,Other Operating Income,Actual,8999.45
2025-06-01,France,Western Europe,Equipment,Revenue,Budget,2246913.67
2025-06-01,France,Western Europe,Equipment,Material Costs,Budget,-966172.88
2025-06-01,France,Western Europe,Equipment,Production Costs,Budget,-337037.05
2025-06-01,France,Western Europe,Equipment,Personnel Costs,Budget,-269629.64
2025-06-01,France,Western Europe,Equipment,External Services,Budget,-89876.55
2025-06-01,France,Western Europe,Equipment,Travel Expenses,Budget,-27373.75
2025-06-01,France,Western Europe,Equipment,IT Expenses,Budget,-22711.04
2025-06-01,France,Western Europe,Equipment,Other Operating Expenses,Budget,-41528.87
2025-06-01,France,Western Europe,Equipment,Depreciation,Budget,-101111.12
2025-06-01,France,Western Europe,Equipment,Other Operating Income,Budget,8856.45
2025-06-01,France,Western Europe,Equipment,Revenue,Forecast,2214949.56
2025-06-01,France,Western Europe,Equipment,Material Costs,Forecast,-942836.86
2025-06-01,France,Western Europe,Equipment,Production Costs,Forecast,-328896.58
2025-06-01,France,Western Europe,Equipment,Personnel Costs,Forecast,-263117.26
2025-06-01,France,Western Europe,Equipment,External Services,Forecast,-87705.75
2025-06-01,France,Western Europe,Equipment,Travel Expenses,Forecast,-25746.28
2025-06-01,France,Western Europe,Equipment,IT Expenses,Forecast,-21278.42
2025-06-01,France,Western Europe,Equipment,Other Operating Expenses,Forecast,-41918.57
2025-06-01,France,Western Europe,Equipment,Depreciation,Forecast,-99672.73
2025-06-01,France,Western Europe,Equipment,Other Operating Income,Forecast,8468.83
2025-06-01,Italy,Southern Europe,Industrial Solutions,Revenue,Actual,2030598.15
2025-06-01,Italy,Southern Europe,Industrial Solutions,Material Costs,Actual,-766643.33
2025-06-01,Italy,Southern Europe,Industrial Solutions,Production Costs,Actual,-248641.08
2025-06-01,Italy,Southern Europe,Industrial Solutions,Personnel Costs,Actual,-300441.31
2025-06-01,Italy,Southern Europe,Industrial Solutions,External Services,Actual,-103600.45
2025-06-01,Italy,Southern Europe,Industrial Solutions,Travel Expenses,Actual,-24996.2
2025-06-01,Italy,Southern Europe,Industrial Solutions,IT Expenses,Actual,-20069.18
2025-06-01,Italy,Southern Europe,Industrial Solutions,Other Operating Expenses,Actual,-36398.06
2025-06-01,Italy,Southern Europe,Industrial Solutions,Depreciation,Actual,-71070.94
2025-06-01,Italy,Southern Europe,Industrial Solutions,Other Operating Income,Actual,8214.2
2025-06-01,Italy,Southern Europe,Industrial Solutions,Revenue,Budget,2045019.93
2025-06-01,Italy,Southern Europe,Industrial Solutions,Material Costs,Budget,-756657.37
2025-06-01,Italy,Southern Europe,Industrial Solutions,Production Costs,Budget,-245402.39
2025-06-01,Italy,Southern Europe,Industrial Solutions,Personnel Costs,Budget,-296527.89
2025-06-01,Italy,Southern Europe,Industrial Solutions,External Services,Budget,-102251.0
2025-06-01,Italy,Southern Europe,Industrial Solutions,Travel Expenses,Budget,-24357.15
2025-06-01,Italy,Southern Europe,Industrial Solutions,IT Expenses,Budget,-21107.61
2025-06-01,Italy,Southern Europe,Industrial Solutions,Other Operating Expenses,Budget,-37262.18
2025-06-01,Italy,Southern Europe,Industrial Solutions,Depreciation,Budget,-71575.7
2025-06-01,Italy,Southern Europe,Industrial Solutions,Other Operating Income,Budget,8420.53
2025-06-01,Italy,Southern Europe,Industrial Solutions,Revenue,Forecast,2042097.67
2025-06-01,Italy,Southern Europe,Industrial Solutions,Material Costs,Forecast,-761586.42
2025-06-01,Italy,Southern Europe,Industrial Solutions,Production Costs,Forecast,-247001.0
2025-06-01,Italy,Southern Europe,Industrial Solutions,Personnel Costs,Forecast,-298459.54
2025-06-01,Italy,Southern Europe,Industrial Solutions,External Services,Forecast,-102917.08
2025-06-01,Italy,Southern Europe,Industrial Solutions,Travel Expenses,Forecast,-25367.86
2025-06-01,Italy,Southern Europe,Industrial Solutions,IT Expenses,Forecast,-20494.91
2025-06-01,Italy,Southern Europe,Industrial Solutions,Other Operating Expenses,Forecast,-35566.04
2025-06-01,Italy,Southern Europe,Industrial Solutions,Depreciation,Forecast,-71473.42
2025-06-01,Italy,Southern Europe,Industrial Solutions,Other Operating Income,Forecast,8298.98
2025-06-01,Italy,Southern Europe,Services,Revenue,Actual,1257829.48
2025-06-01,Italy,Southern Europe,Services,Material Costs,Actual,-233418.28
2025-06-01,Italy,Southern Europe,Services,Production Costs,Actual,-103741.46
2025-06-01,Italy,Southern Europe,Services,Personnel Costs,Actual,-304740.53
2025-06-01,Italy,Southern Europe,Services,External Services,Actual,-97257.62
2025-06-01,Italy,Southern Europe,Services,Travel Expenses,Actual,-15103.59
2025-06-01,Italy,Southern Europe,Services,IT Expenses,Actual,-12655.99
2025-06-01,Italy,Southern Europe,Services,Other Operating Expenses,Actual,-23604.42
2025-06-01,Italy,Southern Europe,Services,Depreciation,Actual,-25156.59
2025-06-01,Italy,Southern Europe,Services,Other Operating Income,Actual,5079.77
2025-06-01,Italy,Southern Europe,Services,Revenue,Budget,1271523.12
2025-06-01,Italy,Southern Europe,Services,Material Costs,Budget,-228874.16
2025-06-01,Italy,Southern Europe,Services,Production Costs,Budget,-101721.85
2025-06-01,Italy,Southern Europe,Services,Personnel Costs,Budget,-298807.93
2025-06-01,Italy,Southern Europe,Services,External Services,Budget,-95364.23
2025-06-01,Italy,Southern Europe,Services,Travel Expenses,Budget,-16449.19
2025-06-01,Italy,Southern Europe,Services,IT Expenses,Budget,-12859.04
2025-06-01,Italy,Southern Europe,Services,Other Operating Expenses,Budget,-21879.93
2025-06-01,Italy,Southern Europe,Services,Depreciation,Budget,-25430.46
2025-06-01,Italy,Southern Europe,Services,Other Operating Income,Budget,5239.36
2025-06-01,Italy,Southern Europe,Services,Revenue,Forecast,1269920.89
2025-06-01,Italy,Southern Europe,Services,Material Costs,Forecast,-229631.29
2025-06-01,Italy,Southern Europe,Services,Production Costs,Forecast,-102058.35
2025-06-01,Italy,Southern Europe,Services,Personnel Costs,Forecast,-299796.41
2025-06-01,Italy,Southern Europe,Services,External Services,Forecast,-95679.7
2025-06-01,Italy,Southern Europe,Services,Travel Expenses,Forecast,-15828.69
2025-06-01,Italy,Southern Europe,Services,IT Expenses,Forecast,-12870.19
2025-06-01,Italy,Southern Europe,Services,Other Operating Expenses,Forecast,-22779.45
2025-06-01,Italy,Southern Europe,Services,Depreciation,Forecast,-25398.42
2025-06-01,Italy,Southern Europe,Services,Other Operating Income,Forecast,4830.92
2025-06-01,Italy,Southern Europe,Equipment,Revenue,Actual,1574961.73
2025-06-01,Italy,Southern Europe,Equipment,Material Costs,Actual,-687198.67
2025-06-01,Italy,Southern Europe,Equipment,Production Costs,Actual,-239720.47
2025-06-01,Italy,Southern Europe,Equipment,Personnel Costs,Actual,-191776.37
2025-06-01,Italy,Southern Europe,Equipment,External Services,Actual,-63925.46
2025-06-01,Italy,Southern Europe,Equipment,Travel Expenses,Actual,-19846.35
2025-06-01,Italy,Southern Europe,Equipment,IT Expenses,Actual,-15873.94
2025-06-01,Italy,Southern Europe,Equipment,Other Operating Expenses,Actual,-27501.75
2025-06-01,Italy,Southern Europe,Equipment,Depreciation,Actual,-70873.28
2025-06-01,Italy,Southern Europe,Equipment,Other Operating Income,Actual,6411.88
2025-06-01,Italy,Southern Europe,Equipment,Revenue,Budget,1619212.35
2025-06-01,Italy,Southern Europe,Equipment,Material Costs,Budget,-696261.31
2025-06-01,Italy,Southern Europe,Equipment,Production Costs,Budget,-242881.85
2025-06-01,Italy,Southern Europe,Equipment,Personnel Costs,Budget,-194305.48
2025-06-01,Italy,Southern Europe,Equipment,External Services,Budget,-64768.49
2025-06-01,Italy,Southern Europe,Equipment,Travel Expenses,Budget,-20128.08
2025-06-01,Italy,Southern Europe,Equipment,IT Expenses,Budget,-15994.65
2025-06-01,Italy,Southern Europe,Equipment,Other Operating Expenses,Budget,-29048.17
2025-06-01,Italy,Southern Europe,Equipment,Depreciation,Budget,-72864.56
2025-06-01,Italy,Southern Europe,Equipment,Other Operating Income,Budget,6480.65
2025-06-01,Italy,Southern Europe,Equipment,Revenue,Forecast,1587467.61
2025-06-01,Italy,Southern Europe,Equipment,Material Costs,Forecast,-676181.71
2025-06-01,Italy,Southern Europe,Equipment,Production Costs,Forecast,-235877.34
2025-06-01,Italy,Southern Europe,Equipment,Personnel Costs,Forecast,-188701.87
2025-06-01,Italy,Southern Europe,Equipment,External Services,Forecast,-62900.62
2025-06-01,Italy,Southern Europe,Equipment,Travel Expenses,Forecast,-19420.1
2025-06-01,Italy,Southern Europe,Equipment,IT Expenses,Forecast,-15836.28
2025-06-01,Italy,Southern Europe,Equipment,Other Operating Expenses,Forecast,-28874.11
2025-06-01,Italy,Southern Europe,Equipment,Depreciation,Forecast,-71436.04
2025-06-01,Italy,Southern Europe,Equipment,Other Operating Income,Forecast,6124.45
2025-06-01,Switzerland,DACH,Industrial Solutions,Revenue,Actual,1970912.43
2025-06-01,Switzerland,DACH,Industrial Solutions,Material Costs,Actual,-760721.77
2025-06-01,Switzerland,DACH,Industrial Solutions,Production Costs,Actual,-246720.58
2025-06-01,Switzerland,DACH,Industrial Solutions,Personnel Costs,Actual,-298120.7
2025-06-01,Switzerland,DACH,Industrial Solutions,External Services,Actual,-102800.24
2025-06-01,Switzerland,DACH,Industrial Solutions,Travel Expenses,Actual,-23367.4
2025-06-01,Switzerland,DACH,Industrial Solutions,IT Expenses,Actual,-19797.69
2025-06-01,Switzerland,DACH,Industrial Solutions,Other Operating Expenses,Actual,-36303.55
2025-06-01,Switzerland,DACH,Industrial Solutions,Depreciation,Actual,-68981.94
2025-06-01,Switzerland,DACH,Industrial Solutions,Other Operating Income,Actual,7436.37
2025-06-01,Switzerland,DACH,Industrial Solutions,Revenue,Budget,1912218.83
2025-06-01,Switzerland,DACH,Industrial Solutions,Material Costs,Budget,-707520.97
2025-06-01,Switzerland,DACH,Industrial Solutions,Production Costs,Budget,-229466.26
2025-06-01,Switzerland,DACH,Industrial Solutions,Personnel Costs,Budget,-277271.73
2025-06-01,Switzerland,DACH,Industrial Solutions,External Services,Budget,-95610.94
2025-06-01,Switzerland,DACH,Industrial Solutions,Travel Expenses,Budget,-21734.49
2025-06-01,Switzerland,DACH,Industrial Solutions,IT Expenses,Budget,-18538.71
2025-06-01,Switzerland,DACH,Industrial Solutions,Other Operating Expenses,Budget,-35506.39
2025-06-01,Switzerland,DACH,Industrial Solutions,Depreciation,Budget,-66927.66
2025-06-01,Switzerland,DACH,Industrial Solutions,Other Operating Income,Budget,7480.03
2025-06-01,Switzerland,DACH,Industrial Solutions,Revenue,Forecast,1938700.52
2025-06-01,Switzerland,DACH,Industrial Solutions,Material Costs,Forecast,-739339.74
2025-06-01,Switzerland,DACH,Industrial Solutions,Production Costs,Forecast,-239785.86
2025-06-01,Switzerland,DACH,Industrial Solutions,Personnel Costs,Forecast,-289741.25
2025-06-01,Switzerland,DACH,Industrial Solutions,External Services,Forecast,-99910.78
2025-06-01,Switzerland,DACH,Industrial Solutions,Travel Expenses,Forecast,-22870.6
2025-06-01,Switzerland,DACH,Industrial Solutions,IT Expenses,Forecast,-19458.56
2025-06-01,Switzerland,DACH,Industrial Solutions,Other Operating Expenses,Forecast,-36241.97
2025-06-01,Switzerland,DACH,Industrial Solutions,Depreciation,Forecast,-67854.52
2025-06-01,Switzerland,DACH,Industrial Solutions,Other Operating Income,Forecast,8377.08
2025-06-01,Switzerland,DACH,Services,Revenue,Actual,1252256.19
2025-06-01,Switzerland,DACH,Services,Material Costs,Actual,-228745.09
2025-06-01,Switzerland,DACH,Services,Production Costs,Actual,-101664.49
2025-06-01,Switzerland,DACH,Services,Personnel Costs,Actual,-298639.43
2025-06-01,Switzerland,DACH,Services,External Services,Actual,-95310.46
2025-06-01,Switzerland,DACH,Services,Travel Expenses,Actual,-15377.97
2025-06-01,Switzerland,DACH,Services,IT Expenses,Actual,-12384.52
2025-06-01,Switzerland,DACH,Services,Other Operating Expenses,Actual,-22079.54
2025-06-01,Switzerland,DACH,Services,Depreciation,Actual,-25045.12
2025-06-01,Switzerland,DACH,Services,Other Operating Income,Actual,5008.35
2025-06-01,Switzerland,DACH,Services,Revenue,Budget,1231165.12
2025-06-01,Switzerland,DACH,Services,Material Costs,Budget,-221609.72
2025-06-01,Switzerland,DACH,Services,Production Costs,Budget,-98493.21
2025-06-01,Switzerland,DACH,Services,Personnel Costs,Budget,-289323.8
2025-06-01,Switzerland,DACH,Services,External Services,Budget,-92337.38
2025-06-01,Switzerland,DACH,Services,Travel Expenses,Budget,-14698.55
2025-06-01,Switzerland,DACH,Services,IT Expenses,Budget,-12200.05
2025-06-01,Switzerland,DACH,Services,Other Operating Expenses,Budget,-22546.79
2025-06-01,Switzerland,DACH,Services,Depreciation,Budget,-24623.3
2025-06-01,Switzerland,DACH,Services,Other Operating Income,Budget,5112.84
2025-06-01,Switzerland,DACH,Services,Revenue,Forecast,1252946.56
2025-06-01,Switzerland,DACH,Services,Material Costs,Forecast,-225769.64
2025-06-01,Switzerland,DACH,Services,Production Costs,Forecast,-100342.06
2025-06-01,Switzerland,DACH,Services,Personnel Costs,Forecast,-294754.81
2025-06-01,Switzerland,DACH,Services,External Services,Forecast,-94070.68
2025-06-01,Switzerland,DACH,Services,Travel Expenses,Forecast,-15701.81
2025-06-01,Switzerland,DACH,Services,IT Expenses,Forecast,-12243.37
2025-06-01,Switzerland,DACH,Services,Other Operating Expenses,Forecast,-22443.85
2025-06-01,Switzerland,DACH,Services,Depreciation,Forecast,-25058.93
2025-06-01,Switzerland,DACH,Services,Other Operating Income,Forecast,4868.08
2025-06-01,Switzerland,DACH,Equipment,Revenue,Actual,1517424.85
2025-06-01,Switzerland,DACH,Equipment,Material Costs,Actual,-677180.56
2025-06-01,Switzerland,DACH,Equipment,Production Costs,Actual,-236225.78
2025-06-01,Switzerland,DACH,Equipment,Personnel Costs,Actual,-188980.62
2025-06-01,Switzerland,DACH,Equipment,External Services,Actual,-62993.54
2025-06-01,Switzerland,DACH,Equipment,Travel Expenses,Actual,-18553.69
2025-06-01,Switzerland,DACH,Equipment,IT Expenses,Actual,-14863.42
2025-06-01,Switzerland,DACH,Equipment,Other Operating Expenses,Actual,-28579.7
2025-06-01,Switzerland,DACH,Equipment,Depreciation,Actual,-68284.12
2025-06-01,Switzerland,DACH,Equipment,Other Operating Income,Actual,6366.15
2025-06-01,Switzerland,DACH,Equipment,Revenue,Budget,1487742.16
2025-06-01,Switzerland,DACH,Equipment,Material Costs,Budget,-639729.13
2025-06-01,Switzerland,DACH,Equipment,Production Costs,Budget,-223161.32
2025-06-01,Switzerland,DACH,Equipment,Personnel Costs,Budget,-178529.06
2025-06-01,Switzerland,DACH,Equipment,External Services,Budget,-59509.69
2025-06-01,Switzerland,DACH,Equipment,Travel Expenses,Budget,-18164.67
2025-06-01,Switzerland,DACH,Equipment,IT Expenses,Budget,-14810.03
2025-06-01,Switzerland,DACH,Equipment,Other Operating Expenses,Budget,-26137.03
2025-06-01,Switzerland,DACH,Equipment,Depreciation,Budget,-66948.4
2025-06-01,Switzerland,DACH,Equipment,Other Operating Income,Budget,5862.37
2025-06-01,Switzerland,DACH,Equipment,Revenue,Forecast,1502602.71
2025-06-01,Switzerland,DACH,Equipment,Material Costs,Forecast,-654560.7
2025-06-01,Switzerland,DACH,Equipment,Production Costs,Forecast,-228335.13
2025-06-01,Switzerland,DACH,Equipment,Personnel Costs,Forecast,-182668.1
2025-06-01,Switzerland,DACH,Equipment,External Services,Forecast,-60889.37
2025-06-01,Switzerland,DACH,Equipment,Travel Expenses,Forecast,-19050.67
2025-06-01,Switzerland,DACH,Equipment,IT Expenses,Forecast,-15489.8
2025-06-01,Switzerland,DACH,Equipment,Other Operating Expenses,Forecast,-26716.3
2025-06-01,Switzerland,DACH,Equipment,Depreciation,Forecast,-67617.12
2025-06-01,Switzerland,DACH,Equipment,Other Operating Income,Forecast,5741.24
2025-07-01,Austria,DACH,Industrial Solutions,Revenue,Actual,1999108.45
2025-07-01,Austria,DACH,Industrial Solutions,Material Costs,Actual,-762733.62
2025-07-01,Austria,DACH,Industrial Solutions,Production Costs,Actual,-247373.07
2025-07-01,Austria,DACH,Industrial Solutions,Personnel Costs,Actual,-298909.12
2025-07-01,Austria,DACH,Industrial Solutions,External Services,Actual,-103072.11
2025-07-01,Austria,DACH,Industrial Solutions,Travel Expenses,Actual,-23653.9
2025-07-01,Austria,DACH,Industrial Solutions,IT Expenses,Actual,-19353.49
2025-07-01,Austria,DACH,Industrial Solutions,Other Operating Expenses,Actual,-36445.99
2025-07-01,Austria,DACH,Industrial Solutions,Depreciation,Actual,-69968.8
2025-07-01,Austria,DACH,Industrial Solutions,Other Operating Income,Actual,7826.05
2025-07-01,Austria,DACH,Industrial Solutions,Revenue,Budget,2134610.76
2025-07-01,Austria,DACH,Industrial Solutions,Material Costs,Budget,-789805.98
2025-07-01,Austria,DACH,Industrial Solutions,Production Costs,Budget,-256153.29
2025-07-01,Austria,DACH,Industrial Solutions,Personnel Costs,Budget,-309518.56
2025-07-01,Austria,DACH,Industrial Solutions,External Services,Budget,-106730.54
2025-07-01,Austria,DACH,Industrial Solutions,Travel Expenses,Budget,-24716.29
2025-07-01,Austria,DACH,Industrial Solutions,IT Expenses,Budget,-20119.88
2025-07-01,Austria,DACH,Industrial Solutions,Other Operating Expenses,Budget,-38396.56
2025-07-01,Austria,DACH,Industrial Solutions,Depreciation,Budget,-74711.38
2025-07-01,Austria,DACH,Industrial Solutions,Other Operating Income,Budget,9143.73
2025-07-01,Austria,DACH,Industrial Solutions,Revenue,Forecast,2065410.51
2025-07-01,Austria,DACH,Industrial Solutions,Material Costs,Forecast,-779436.34
2025-07-01,Austria,DACH,Industrial Solutions,Production Costs,Forecast,-252790.16
2025-07-01,Austria,DACH,Industrial Solutions,Personnel Costs,Forecast,-305454.78
2025-07-01,Austria,DACH,Industrial Solutions,External Services,Forecast,-105329.23
2025-07-01,Austria,DACH,Industrial Solutions,Travel Expenses,Forecast,-24445.05
2025-07-01,Austria,DACH,Industrial Solutions,IT Expenses,Forecast,-20405.34
2025-07-01,Austria,DACH,Industrial Solutions,Other Operating Expenses,Forecast,-37613.08
2025-07-01,Austria,DACH,Industrial Solutions,Depreciation,Forecast,-72289.37
2025-07-01,Austria,DACH,Industrial Solutions,Other Operating Income,Forecast,7931.71
2025-07-01,Austria,DACH,Services,Revenue,Actual,1367591.45
2025-07-01,Austria,DACH,Services,Material Costs,Actual,-245550.1
2025-07-01,Austria,DACH,Services,Production Costs,Actual,-109133.38
2025-07-01,Austria,DACH,Services,Personnel Costs,Actual,-320579.29
2025-07-01,Austria,DACH,Services,External Services,Actual,-102312.54
2025-07-01,Austria,DACH,Services,Travel Expenses,Actual,-16310.82
2025-07-01,Austria,DACH,Services,IT Expenses,Actual,-13435.77
2025-07-01,Austria,DACH,Services,Other Operating Expenses,Actual,-24107.77
2025-07-01,Austria,DACH,Services,Depreciation,Actual,-27351.83
2025-07-01,Austria,DACH,Services,Other Operating Income,Actual,5420.81
2025-07-01,Austria,DACH,Services,Revenue,Budget,1336703.41
2025-07-01,Austria,DACH,Services,Material Costs,Budget,-240606.61
2025-07-01,Austria,DACH,Services,Production Costs,Budget,-106936.27
2025-07-01,Austria,DACH,Services,Personnel Costs,Budget,-314125.3
2025-07-01,Austria,DACH,Services,External Services,Budget,-100252.76
2025-07-01,Austria,DACH,Services,Travel Expenses,Budget,-16217.22
2025-07-01,Austria,DACH,Services,IT Expenses,Budget,-13611.27
2025-07-01,Austria,DACH,Services,Other Operating Expenses,Budget,-23577.54
2025-07-01,Austria,DACH,Services,Depreciation,Budget,-26734.07
2025-07-01,Austria,DACH,Services,Other Operating Income,Budget,5666.06
2025-07-01,Austria,DACH,Services,Revenue,Forecast,1366978.94
2025-07-01,Austria,DACH,Services,Material Costs,Forecast,-245255.67
2025-07-01,Austria,DACH,Services,Production Costs,Forecast,-109002.52
2025-07-01,Austria,DACH,Services,Personnel Costs,Forecast,-320194.9
2025-07-01,Austria,DACH,Services,External Services,Forecast,-102189.86
2025-07-01,Austria,DACH,Services,Travel Expenses,Forecast,-16393.23
2025-07-01,Austria,DACH,Services,IT Expenses,Forecast,-13465.5
2025-07-01,Austria,DACH,Services,Other Operating Expenses,Forecast,-23114.37
2025-07-01,Austria,DACH,Services,Depreciation,Forecast,-27339.58
2025-07-01,Austria,DACH,Services,Other Operating Income,Forecast,5661.27
2025-07-01,Austria,DACH,Equipment,Revenue,Actual,1670436.54
2025-07-01,Austria,DACH,Equipment,Material Costs,Actual,-727552.53
2025-07-01,Austria,DACH,Equipment,Production Costs,Actual,-253797.4
2025-07-01,Austria,DACH,Equipment,Personnel Costs,Actual,-203037.92
2025-07-01,Austria,DACH,Equipment,External Services,Actual,-67679.31
2025-07-01,Austria,DACH,Equipment,Travel Expenses,Actual,-19105.59
2025-07-01,Austria,DACH,Equipment,IT Expenses,Actual,-16527.62
2025-07-01,Austria,DACH,Equipment,Other Operating Expenses,Actual,-30664.9
2025-07-01,Austria,DACH,Equipment,Depreciation,Actual,-75169.64
2025-07-01,Austria,DACH,Equipment,Other Operating Income,Actual,6346.51
2025-07-01,Austria,DACH,Equipment,Revenue,Budget,1701965.09
2025-07-01,Austria,DACH,Equipment,Material Costs,Budget,-731844.99
2025-07-01,Austria,DACH,Equipment,Production Costs,Budget,-255294.76
2025-07-01,Austria,DACH,Equipment,Personnel Costs,Budget,-204235.81
2025-07-01,Austria,DACH,Equipment,External Services,Budget,-68078.6
2025-07-01,Austria,DACH,Equipment,Travel Expenses,Budget,-20603.45
2025-07-01,Austria,DACH,Equipment,IT Expenses,Budget,-16557.88
2025-07-01,Austria,DACH,Equipment,Other Operating Expenses,Budget,-30992.6
2025-07-01,Austria,DACH,Equipment,Depreciation,Budget,-76588.43
2025-07-01,Austria,DACH,Equipment,Other Operating Income,Budget,6798.15
2025-07-01,Austria,DACH,Equipment,Revenue,Forecast,1685527.22
2025-07-01,Austria,DACH,Equipment,Material Costs,Forecast,-710729.39
2025-07-01,Austria,DACH,Equipment,Production Costs,Forecast,-247928.86
2025-07-01,Austria,DACH,Equipment,Personnel Costs,Forecast,-198343.08
2025-07-01,Austria,DACH,Equipment,External Services,Forecast,-66114.36
2025-07-01,Austria,DACH,Equipment,Travel Expenses,Forecast,-20933.08
2025-07-01,Austria,DACH,Equipment,IT Expenses,Forecast,-16607.64
2025-07-01,Austria,DACH,Equipment,Other Operating Expenses,Forecast,-29724.92
2025-07-01,Austria,DACH,Equipment,Depreciation,Forecast,-75848.73
2025-07-01,Austria,DACH,Equipment,Other Operating Income,Forecast,6796.2
2025-07-01,Germany,DACH,Industrial Solutions,Revenue,Actual,2774577.57
2025-07-01,Germany,DACH,Industrial Solutions,Material Costs,Actual,-1037599.21
2025-07-01,Germany,DACH,Industrial Solutions,Production Costs,Actual,-336518.66
2025-07-01,Germany,DACH,Industrial Solutions,Personnel Costs,Actual,-406626.72
2025-07-01,Germany,DACH,Industrial Solutions,External Services,Actual,-140216.11
2025-07-01,Germany,DACH,Industrial Solutions,Travel Expenses,Actual,-33987.24
2025-07-01,Germany,DACH,Industrial Solutions,IT Expenses,Actual,-27843.69
2025-07-01,Germany,DACH,Industrial Solutions,Other Operating Expenses,Actual,-49484.14
2025-07-01,Germany,DACH,Industrial Solutions,Depreciation,Actual,-97110.21
2025-07-01,Germany,DACH,Industrial Solutions,Other Operating Income,Actual,10730.92
2025-07-01,Germany,DACH,Industrial Solutions,Revenue,Budget,2916514.44
2025-07-01,Germany,DACH,Industrial Solutions,Material Costs,Budget,-1079110.34
2025-07-01,Germany,DACH,Industrial Solutions,Production Costs,Budget,-349981.73
2025-07-01,Germany,DACH,Industrial Solutions,Personnel Costs,Budget,-422894.59
2025-07-01,Germany,DACH,Industrial Solutions,External Services,Budget,-145825.72
2025-07-01,Germany,DACH,Industrial Solutions,Travel Expenses,Budget,-35088.62
2025-07-01,Germany,DACH,Industrial Solutions,IT Expenses,Budget,-28539.76
2025-07-01,Germany,DACH,Industrial Solutions,Other Operating Expenses,Budget,-48663.19
2025-07-01,Germany,DACH,Industrial Solutions,Depreciation,Budget,-102078.01
2025-07-01,Germany,DACH,Industrial Solutions,Other Operating Income,Budget,11869.78
2025-07-01,Germany,DACH,Industrial Solutions,Revenue,Forecast,2839849.76
2025-07-01,Germany,DACH,Industrial Solutions,Material Costs,Forecast,-1062142.07
2025-07-01,Germany,DACH,Industrial Solutions,Production Costs,Forecast,-344478.51
2025-07-01,Germany,DACH,Industrial Solutions,Personnel Costs,Forecast,-416244.86
2025-07-01,Germany,DACH,Industrial Solutions,External Services,Forecast,-143532.71
2025-07-01,Germany,DACH,Industrial Solutions,Travel Expenses,Forecast,-31662.46
2025-07-01,Germany,DACH,Industrial Solutions,IT Expenses,Forecast,-27825.0
2025-07-01,Germany,DACH,Industrial Solutions,Other Operating Expenses,Forecast,-51908.53
2025-07-01,Germany,DACH,Industrial Solutions,Depreciation,Forecast,-99394.74
2025-07-01,Germany,DACH,Industrial Solutions,Other Operating Income,Forecast,12294.28
2025-07-01,Germany,DACH,Services,Revenue,Actual,1831073.88
2025-07-01,Germany,DACH,Services,Material Costs,Actual,-361377.37
2025-07-01,Germany,DACH,Services,Production Costs,Actual,-160612.17
2025-07-01,Germany,DACH,Services,Personnel Costs,Actual,-471798.24
2025-07-01,Germany,DACH,Services,External Services,Actual,-150573.91
2025-07-01,Germany,DACH,Services,Travel Expenses,Actual,-21547.08
2025-07-01,Germany,DACH,Services,IT Expenses,Actual,-18018.06
2025-07-01,Germany,DACH,Services,Other Operating Expenses,Actual,-32561.56
2025-07-01,Germany,DACH,Services,Depreciation,Actual,-36621.48
2025-07-01,Germany,DACH,Services,Other Operating Income,Actual,7045.0
2025-07-01,Germany,DACH,Services,Revenue,Budget,1798486.65
2025-07-01,Germany,DACH,Services,Material Costs,Budget,-323727.6
2025-07-01,Germany,DACH,Services,Production Costs,Budget,-143878.93
2025-07-01,Germany,DACH,Services,Personnel Costs,Budget,-422644.36
2025-07-01,Germany,DACH,Services,External Services,Budget,-134886.5
2025-07-01,Germany,DACH,Services,Travel Expenses,Budget,-21661.26
2025-07-01,Germany,DACH,Services,IT Expenses,Budget,-18569.26
2025-07-01,Germany,DACH,Services,Other Operating Expenses,Budget,-32634.23
2025-07-01,Germany,DACH,Services,Depreciation,Budget,-35969.73
2025-07-01,Germany,DACH,Services,Other Operating Income,Budget,7121.33
2025-07-01,Germany,DACH,Services,Revenue,Forecast,1813751.91
2025-07-01,Germany,DACH,Services,Material Costs,Forecast,-325332.11
2025-07-01,Germany,DACH,Services,Production Costs,Forecast,-144592.05
2025-07-01,Germany,DACH,Services,Personnel Costs,Forecast,-424739.15
2025-07-01,Germany,DACH,Services,External Services,Forecast,-135555.05
2025-07-01,Germany,DACH,Services,Travel Expenses,Forecast,-20744.34
2025-07-01,Germany,DACH,Services,IT Expenses,Forecast,-18457.87
2025-07-01,Germany,DACH,Services,Other Operating Expenses,Forecast,-32584.0
2025-07-01,Germany,DACH,Services,Depreciation,Forecast,-36275.04
2025-07-01,Germany,DACH,Services,Other Operating Income,Forecast,7202.63
2025-07-01,Germany,DACH,Equipment,Revenue,Actual,2301329.3
2025-07-01,Germany,DACH,Equipment,Material Costs,Actual,-979023.81
2025-07-01,Germany,DACH,Equipment,Production Costs,Actual,-341519.93
2025-07-01,Germany,DACH,Equipment,Personnel Costs,Actual,-273215.95
2025-07-01,Germany,DACH,Equipment,External Services,Actual,-91071.98
2025-07-01,Germany,DACH,Equipment,Travel Expenses,Actual,-28567.41
2025-07-01,Germany,DACH,Equipment,IT Expenses,Actual,-23065.43
2025-07-01,Germany,DACH,Equipment,Other Operating Expenses,Actual,-39934.45
2025-07-01,Germany,DACH,Equipment,Depreciation,Actual,-103559.82
2025-07-01,Germany,DACH,Equipment,Other Operating Income,Actual,9543.79
2025-07-01,Germany,DACH,Equipment,Revenue,Budget,2364783.0
2025-07-01,Germany,DACH,Equipment,Material Costs,Budget,-1016856.69
2025-07-01,Germany,DACH,Equipment,Production Costs,Budget,-354717.45
2025-07-01,Germany,DACH,Equipment,Personnel Costs,Budget,-283773.96
2025-07-01,Germany,DACH,Equipment,External Services,Budget,-94591.32
2025-07-01,Germany,DACH,Equipment,Travel Expenses,Budget,-27808.59
2025-07-01,Germany,DACH,Equipment,IT Expenses,Budget,-24533.82
2025-07-01,Germany,DACH,Equipment,Other Operating Expenses,Budget,-43715.43
2025-07-01,Germany,DACH,Equipment,Depreciation,Budget,-106415.23
2025-07-01,Germany,DACH,Equipment,Other Operating Income,Budget,9289.88
2025-07-01,Germany,DACH,Equipment,Revenue,Forecast,2315870.78
2025-07-01,Germany,DACH,Equipment,Material Costs,Forecast,-1011132.44
2025-07-01,Germany,DACH,Equipment,Production Costs,Forecast,-352720.62
2025-07-01,Germany,DACH,Equipment,Personnel Costs,Forecast,-282176.5
2025-07-01,Germany,DACH,Equipment,External Services,Forecast,-94058.83
2025-07-01,Germany,DACH,Equipment,Travel Expenses,Forecast,-27847.02
2025-07-01,Germany,DACH,Equipment,IT Expenses,Forecast,-23553.69
2025-07-01,Germany,DACH,Equipment,Other Operating Expenses,Forecast,-42190.83
2025-07-01,Germany,DACH,Equipment,Depreciation,Forecast,-104214.18
2025-07-01,Germany,DACH,Equipment,Other Operating Income,Forecast,8949.87
2025-07-01,France,Western Europe,Industrial Solutions,Revenue,Actual,2428610.71
2025-07-01,France,Western Europe,Industrial Solutions,Material Costs,Actual,-889518.14
2025-07-01,France,Western Europe,Industrial Solutions,Production Costs,Actual,-288492.37
2025-07-01,France,Western Europe,Industrial Solutions,Personnel Costs,Actual,-348594.95
2025-07-01,France,Western Europe,Industrial Solutions,External Services,Actual,-120205.15
2025-07-01,France,Western Europe,Industrial Solutions,Travel Expenses,Actual,-28308.26
2025-07-01,France,Western Europe,Industrial Solutions,IT Expenses,Actual,-24491.86
2025-07-01,France,Western Europe,Industrial Solutions,Other Operating Expenses,Actual,-45969.07
2025-07-01,France,Western Europe,Industrial Solutions,Depreciation,Actual,-85001.37
2025-07-01,France,Western Europe,Industrial Solutions,Other Operating Income,Actual,9299.62
2025-07-01,France,Western Europe,Industrial Solutions,Revenue,Budget,2326006.19
2025-07-01,France,Western Europe,Industrial Solutions,Material Costs,Budget,-860622.29
2025-07-01,France,Western Europe,Industrial Solutions,Production Costs,Budget,-279120.74
2025-07-01,France,Western Europe,Industrial Solutions,Personnel Costs,Budget,-337270.9
2025-07-01,France,Western Europe,Industrial Solutions,External Services,Budget,-116300.31
2025-07-01,France,Western Europe,Industrial Solutions,Travel Expenses,Budget,-27932.35
2025-07-01,France,Western Europe,Industrial Solutions,IT Expenses,Budget,-23917.03
2025-07-01,France,Western Europe,Industrial Solutions,Other Operating Expenses,Budget,-41784.75
2025-07-01,France,Western Europe,Industrial Solutions,Depreciation,Budget,-81410.22
2025-07-01,France,Western Europe,Industrial Solutions,Other Operating Income,Budget,9472.38
2025-07-01,France,Western Europe,Industrial Solutions,Revenue,Forecast,2376058.02
2025-07-01,France,Western Europe,Industrial Solutions,Material Costs,Forecast,-867933.54
2025-07-01,France,Western Europe,Industrial Solutions,Production Costs,Forecast,-281491.96
2025-07-01,France,Western Europe,Industrial Solutions,Personnel Costs,Forecast,-340136.12
2025-07-01,France,Western Europe,Industrial Solutions,External Services,Forecast,-117288.32
2025-07-01,France,Western Europe,Industrial Solutions,Travel Expenses,Forecast,-28879.06
2025-07-01,France,Western Europe,Industrial Solutions,IT Expenses,Forecast,-23671.65
2025-07-01,France,Western Europe,Industrial Solutions,Other Operating Expenses,Forecast,-43823.01
2025-07-01,France,Western Europe,Industrial Solutions,Depreciation,Forecast,-83162.03
2025-07-01,France,Western Europe,Industrial Solutions,Other Operating Income,Forecast,9955.64
2025-07-01,France,Western Europe,Services,Revenue,Actual,1494790.07
2025-07-01,France,Western Europe,Services,Material Costs,Actual,-270369.75
2025-07-01,France,Western Europe,Services,Production Costs,Actual,-120164.33
2025-07-01,France,Western Europe,Services,Personnel Costs,Actual,-352982.73
2025-07-01,France,Western Europe,Services,External Services,Actual,-112654.06
2025-07-01,France,Western Europe,Services,Travel Expenses,Actual,-17747.43
2025-07-01,France,Western Europe,Services,IT Expenses,Actual,-15049.09
2025-07-01,France,Western Europe,Services,Other Operating Expenses,Actual,-26707.52
2025-07-01,France,Western Europe,Services,Depreciation,Actual,-29895.8
2025-07-01,France,Western Europe,Services,Other Operating Income,Actual,6019.45
2025-07-01,France,Western Europe,Services,Revenue,Budget,1510594.64
2025-07-01,France,Western Europe,Services,Material Costs,Budget,-271907.04
2025-07-01,France,Western Europe,Services,Production Costs,Budget,-120847.57
2025-07-01,France,Western Europe,Services,Personnel Costs,Budget,-354989.74
2025-07-01,France,Western Europe,Services,External Services,Budget,-113294.6
2025-07-01,France,Western Europe,Services,Travel Expenses,Budget,-18843.66
2025-07-01,France,Western Europe,Services,IT Expenses,Budget,-14801.85
2025-07-01,France,Western Europe,Services,Other Operating Expenses,Budget,-27965.56
2025-07-01,France,Western Europe,Services,Depreciation,Budget,-30211.89
2025-07-01,France,Western Europe,Services,Other Operating Income,Budget,6360.72
2025-07-01,France,Western Europe,Services,Revenue,Forecast,1505816.64
2025-07-01,France,Western Europe,Services,Material Costs,Forecast,-270662.97
2025-07-01,France,Western Europe,Services,Production Costs,Forecast,-120294.65
2025-07-01,France,Western Europe,Services,Personnel Costs,Forecast,-353365.54
2025-07-01,France,Western Europe,Services,External Services,Forecast,-112776.24
2025-07-01,France,Western Europe,Services,Travel Expenses,Forecast,-16919.55
2025-07-01,France,Western Europe,Services,IT Expenses,Forecast,-14875.11
2025-07-01,France,Western Europe,Services,Other Operating Expenses,Forecast,-27983.57
2025-07-01,France,Western Europe,Services,Depreciation,Forecast,-30116.33
2025-07-01,France,Western Europe,Services,Other Operating Income,Forecast,6017.76
2025-07-01,France,Western Europe,Equipment,Revenue,Actual,1704474.13
2025-07-01,France,Western Europe,Equipment,Material Costs,Actual,-742941.73
2025-07-01,France,Western Europe,Equipment,Production Costs,Actual,-259165.72
2025-07-01,France,Western Europe,Equipment,Personnel Costs,Actual,-207332.58
2025-07-01,France,Western Europe,Equipment,External Services,Actual,-69110.86
2025-07-01,France,Western Europe,Equipment,Travel Expenses,Actual,-20307.08
2025-07-01,France,Western Europe,Equipment,IT Expenses,Actual,-16919.69
2025-07-01,France,Western Europe,Equipment,Other Operating Expenses,Actual,-30380.05
2025-07-01,France,Western Europe,Equipment,Depreciation,Actual,-76701.34
2025-07-01,France,Western Europe,Equipment,Other Operating Income,Actual,6566.34
2025-07-01,France,Western Europe,Equipment,Revenue,Budget,1833499.31
2025-07-01,France,Western Europe,Equipment,Material Costs,Budget,-788404.7
2025-07-01,France,Western Europe,Equipment,Production Costs,Budget,-275024.9
2025-07-01,France,Western Europe,Equipment,Personnel Costs,Budget,-220019.92
2025-07-01,France,Western Europe,Equipment,External Services,Budget,-73339.97
2025-07-01,France,Western Europe,Equipment,Travel Expenses,Budget,-23068.24
2025-07-01,France,Western Europe,Equipment,IT Expenses,Budget,-18216.8
2025-07-01,France,Western Europe,Equipment,Other Operating Expenses,Budget,-34007.23
2025-07-01,France,Western Europe,Equipment,Depreciation,Budget,-82507.47
2025-07-01,France,Western Europe,Equipment,Other Operating Income,Budget,7780.29
2025-07-01,France,Western Europe,Equipment,Revenue,Forecast,1774388.44
2025-07-01,France,Western Europe,Equipment,Material Costs,Forecast,-772127.41
2025-07-01,France,Western Europe,Equipment,Production Costs,Forecast,-269346.77
2025-07-01,France,Western Europe,Equipment,Personnel Costs,Forecast,-215477.42
2025-07-01,France,Western Europe,Equipment,External Services,Forecast,-71825.81
2025-07-01,France,Western Europe,Equipment,Travel Expenses,Forecast,-21016.95
2025-07-01,France,Western Europe,Equipment,IT Expenses,Forecast,-17887.16
2025-07-01,France,Western Europe,Equipment,Other Operating Expenses,Forecast,-31919.67
2025-07-01,France,Western Europe,Equipment,Depreciation,Forecast,-79847.48
2025-07-01,France,Western Europe,Equipment,Other Operating Income,Forecast,6840.99
2025-07-01,Italy,Southern Europe,Industrial Solutions,Revenue,Actual,1634455.19
2025-07-01,Italy,Southern Europe,Industrial Solutions,Material Costs,Actual,-597724.01
2025-07-01,Italy,Southern Europe,Industrial Solutions,Production Costs,Actual,-193856.43
2025-07-01,Italy,Southern Europe,Industrial Solutions,Personnel Costs,Actual,-234243.19
2025-07-01,Italy,Southern Europe,Industrial Solutions,External Services,Actual,-80773.51
2025-07-01,Italy,Southern Europe,Industrial Solutions,Travel Expenses,Actual,-19731.83
2025-07-01,Italy,Southern Europe,Industrial Solutions,IT Expenses,Actual,-16437.16
2025-07-01,Italy,Southern Europe,Industrial Solutions,Other Operating Expenses,Actual,-29229.77
2025-07-01,Italy,Southern Europe,Industrial Solutions,Depreciation,Actual,-57205.93
2025-07-01,Italy,Southern Europe,Industrial Solutions,Other Operating Income,Actual,6691.25
2025-07-01,Italy,Southern Europe,Industrial Solutions,Revenue,Budget,1711442.04
2025-07-01,Italy,Southern Europe,Industrial Solutions,Material Costs,Budget,-633233.55
2025-07-01,Italy,Southern Europe,Industrial Solutions,Production Costs,Budget,-205373.04
2025-07-01,Italy,Southern Europe,Industrial Solutions,Personnel Costs,Budget,-248159.1
2025-07-01,Italy,Southern Europe,Industrial Solutions,External Services,Budget,-85572.1
2025-07-01,Italy,Southern Europe,Industrial Solutions,Travel Expenses,Budget,-20244.71
2025-07-01,Italy,Southern Europe,Industrial Solutions,IT Expenses,Budget,-17412.66
2025-07-01,Italy,Southern Europe,Industrial Solutions,Other Operating Expenses,Budget,-29769.35
2025-07-01,Italy,Southern Europe,Industrial Solutions,Depreciation,Budget,-59900.47
2025-07-01,Italy,Southern Europe,Industrial Solutions,Other Operating Income,Budget,6880.37
2025-07-01,Italy,Southern Europe,Industrial Solutions,Revenue,Forecast,1684958.11
2025-07-01,Italy,Southern Europe,Industrial Solutions,Material Costs,Forecast,-637940.04
2025-07-01,Italy,Southern Europe,Industrial Solutions,Production Costs,Forecast,-206899.47
2025-07-01,Italy,Southern Europe,Industrial Solutions,Personnel Costs,Forecast,-250003.53
2025-07-01,Italy,Southern Europe,Industrial Solutions,External Services,Forecast,-86208.11
2025-07-01,Italy,Southern Europe,Industrial Solutions,Travel Expenses,Forecast,-19612.71
2025-07-01,Italy,Southern Europe,Industrial Solutions,IT Expenses,Forecast,-16621.19
2025-07-01,Italy,Southern Europe,Industrial Solutions,Other Operating Expenses,Forecast,-30718.91
2025-07-01,Italy,Southern Europe,Industrial Solutions,Depreciation,Forecast,-58973.53
2025-07-01,Italy,Southern Europe,Industrial Solutions,Other Operating Income,Forecast,6788.25
2025-07-01,Italy,Southern Europe,Services,Revenue,Actual,1083747.08
2025-07-01,Italy,Southern Europe,Services,Material Costs,Actual,-200486.33
2025-07-01,Italy,Southern Europe,Services,Production Costs,Actual,-89105.03
2025-07-01,Italy,Southern Europe,Services,Personnel Costs,Actual,-261746.04
2025-07-01,Italy,Southern Europe,Services,External Services,Actual,-83535.97
2025-07-01,Italy,Southern Europe,Services,Travel Expenses,Actual,-13164.86
2025-07-01,Italy,Southern Europe,Services,IT Expenses,Actual,-10785.18
2025-07-01,Italy,Southern Europe,Services,Other Operating Expenses,Actual,-19835.45
2025-07-01,Italy,Southern Europe,Services,Depreciation,Actual,-21674.94
2025-07-01,Italy,Southern Europe,Services,Other Operating Income,Actual,4664.43
2025-07-01,Italy,Southern Europe,Services,Revenue,Budget,1069987.17
2025-07-01,Italy,Southern Europe,Services,Material Costs,Budget,-192597.69
2025-07-01,Italy,Southern Europe,Services,Production Costs,Budget,-85598.97
2025-07-01,Italy,Southern Europe,Services,Personnel Costs,Budget,-251446.99
2025-07-01,Italy,Southern Europe,Services,External Services,Budget,-80249.04
2025-07-01,Italy,Southern Europe,Services,Travel Expenses,Budget,-12788.76
2025-07-01,Italy,Southern Europe,Services,IT Expenses,Budget,-10491.32
2025-07-01,Italy,Southern Europe,Services,Other Operating Expenses,Budget,-19792.82
2025-07-01,Italy,Southern Europe,Services,Depreciation,Budget,-21399.74
2025-07-01,Italy,Southern Europe,Services,Other Operating Income,Budget,4259.34
2025-07-01,Italy,Southern Europe,Services,Revenue,Forecast,1083026.7
2025-07-01,Italy,Southern Europe,Services,Material Costs,Forecast,-189862.2
2025-07-01,Italy,Southern Europe,Services,Production Costs,Forecast,-84383.2
2025-07-01,Italy,Southern Europe,Services,Personnel Costs,Forecast,-247875.65
2025-07-01,Italy,Southern Europe,Services,External Services,Forecast,-79109.25
2025-07-01,Italy,Southern Europe,Services,Travel Expenses,Forecast,-13326.72
2025-07-01,Italy,Southern Europe,Services,IT Expenses,Forecast,-10714.31
2025-07-01,Italy,Southern Europe,Services,Other Operating Expenses,Forecast,-19450.36
2025-07-01,Italy,Southern Europe,Services,Depreciation,Forecast,-21660.53
2025-07-01,Italy,Southern Europe,Services,Other Operating Income,Forecast,4389.63
2025-07-01,Italy,Southern Europe,Equipment,Revenue,Actual,1383151.02
2025-07-01,Italy,Southern Europe,Equipment,Material Costs,Actual,-602384.24
2025-07-01,Italy,Southern Europe,Equipment,Production Costs,Actual,-210134.04
2025-07-01,Italy,Southern Europe,Equipment,Personnel Costs,Actual,-168107.23
2025-07-01,Italy,Southern Europe,Equipment,External Services,Actual,-56035.74
2025-07-01,Italy,Southern Europe,Equipment,Travel Expenses,Actual,-16468.58
2025-07-01,Italy,Southern Europe,Equipment,IT Expenses,Actual,-14035.89
2025-07-01,Italy,Southern Europe,Equipment,Other Operating Expenses,Actual,-25279.73
2025-07-01,Italy,Southern Europe,Equipment,Depreciation,Actual,-62241.8
2025-07-01,Italy,Southern Europe,Equipment,Other Operating Income,Actual,5325.59
2025-07-01,Italy,Southern Europe,Equipment,Revenue,Budget,1352723.67
2025-07-01,Italy,Southern Europe,Equipment,Material Costs,Budget,-581671.18
2025-07-01,Italy,Southern Europe,Equipment,Production Costs,Budget,-202908.55
2025-07-01,Italy,Southern Europe,Equipment,Personnel Costs,Budget,-162326.84
2025-07-01,Italy,Southern Europe,Equipment,External Services,Budget,-54108.95
2025-07-01,Italy,Southern Europe,Equipment,Travel Expenses,Budget,-16761.54
2025-07-01,Italy,Southern Europe,Equipment,IT Expenses,Budget,-13382.23
2025-07-01,Italy,Southern Europe,Equipment,Other Operating Expenses,Budget,-24840.91
2025-07-01,Italy,Southern Europe,Equipment,Depreciation,Budget,-60872.57
2025-07-01,Italy,Southern Europe,Equipment,Other Operating Income,Budget,5490.39
2025-07-01,Italy,Southern Europe,Equipment,Revenue,Forecast,1364687.67
2025-07-01,Italy,Southern Europe,Equipment,Material Costs,Forecast,-599759.8
2025-07-01,Italy,Southern Europe,Equipment,Production Costs,Forecast,-209218.53
2025-07-01,Italy,Southern Europe,Equipment,Personnel Costs,Forecast,-167374.83
2025-07-01,Italy,Southern Europe,Equipment,External Services,Forecast,-55791.61
2025-07-01,Italy,Southern Europe,Equipment,Travel Expenses,Forecast,-16266.47
2025-07-01,Italy,Southern Europe,Equipment,IT Expenses,Forecast,-13551.54
2025-07-01,Italy,Southern Europe,Equipment,Other Operating Expenses,Forecast,-24552.45
2025-07-01,Italy,Southern Europe,Equipment,Depreciation,Forecast,-61410.94
2025-07-01,Italy,Southern Europe,Equipment,Other Operating Income,Forecast,5392.55
2025-07-01,Switzerland,DACH,Industrial Solutions,Revenue,Actual,1507841.27
2025-07-01,Switzerland,DACH,Industrial Solutions,Material Costs,Actual,-543008.05
2025-07-01,Switzerland,DACH,Industrial Solutions,Production Costs,Actual,-176110.72
2025-07-01,Switzerland,DACH,Industrial Solutions,Personnel Costs,Actual,-212800.45
2025-07-01,Switzerland,DACH,Industrial Solutions,External Services,Actual,-73379.47
2025-07-01,Switzerland,DACH,Industrial Solutions,Travel Expenses,Actual,-18609.94
2025-07-01,Switzerland,DACH,Industrial Solutions,IT Expenses,Actual,-15594.28
2025-07-01,Switzerland,DACH,Industrial Solutions,Other Operating Expenses,Actual,-27070.27
2025-07-01,Switzerland,DACH,Industrial Solutions,Depreciation,Actual,-52774.44
2025-07-01,Switzerland,DACH,Industrial Solutions,Other Operating Income,Actual,5990.64
2025-07-01,Switzerland,DACH,Industrial Solutions,Revenue,Budget,1613598.14
2025-07-01,Switzerland,DACH,Industrial Solutions,Material Costs,Budget,-597031.31
2025-07-01,Switzerland,DACH,Industrial Solutions,Production Costs,Budget,-193631.78
2025-07-01,Switzerland,DACH,Industrial Solutions,Personnel Costs,Budget,-233971.73
2025-07-01,Switzerland,DACH,Industrial Solutions,External Services,Budget,-80679.91
2025-07-01,Switzerland,DACH,Industrial Solutions,Travel Expenses,Budget,-19403.87
2025-07-01,Switzerland,DACH,Industrial Solutions,IT Expenses,Budget,-16510.94
2025-07-01,Switzerland,DACH,Industrial Solutions,Other Operating Expenses,Budget,-28371.4
2025-07-01,Switzerland,DACH,Industrial Solutions,Depreciation,Budget,-56475.94
2025-07-01,Switzerland,DACH,Industrial Solutions,Other Operating Income,Budget,6515.93
2025-07-01,Switzerland,DACH,Industrial Solutions,Revenue,Forecast,1542320.41
2025-07-01,Switzerland,DACH,Industrial Solutions,Material Costs,Forecast,-577336.61
2025-07-01,Switzerland,DACH,Industrial Solutions,Production Costs,Forecast,-187244.31
2025-07-01,Switzerland,DACH,Industrial Solutions,Personnel Costs,Forecast,-226253.54
2025-07-01,Switzerland,DACH,Industrial Solutions,External Services,Forecast,-78018.46
2025-07-01,Switzerland,DACH,Industrial Solutions,Travel Expenses,Forecast,-18786.07
2025-07-01,Switzerland,DACH,Industrial Solutions,IT Expenses,Forecast,-15481.68
2025-07-01,Switzerland,DACH,Industrial Solutions,Other Operating Expenses,Forecast,-28456.54
2025-07-01,Switzerland,DACH,Industrial Solutions,Depreciation,Forecast,-53981.21
2025-07-01,Switzerland,DACH,Industrial Solutions,Other Operating Income,Forecast,5502.2
2025-07-01,Switzerland,DACH,Services,Revenue,Actual,976042.3
2025-07-01,Switzerland,DACH,Services,Material Costs,Actual,-177932.91
2025-07-01,Switzerland,DACH,Services,Production Costs,Actual,-79081.3
2025-07-01,Switzerland,DACH,Services,Personnel Costs,Actual,-232301.3
2025-07-01,Switzerland,DACH,Services,External Services,Actual,-74138.71
2025-07-01,Switzerland,DACH,Services,Travel Expenses,Actual,-12195.18
2025-07-01,Switzerland,DACH,Services,IT Expenses,Actual,-9733.59
2025-07-01,Switzerland,DACH,Services,Other Operating Expenses,Actual,-17987.28
2025-07-01,Switzerland,DACH,Services,Depreciation,Actual,-19520.85
2025-07-01,Switzerland,DACH,Services,Other Operating Income,Actual,4155.95
2025-07-01,Switzerland,DACH,Services,Revenue,Budget,1007035.64
2025-07-01,Switzerland,DACH,Services,Material Costs,Budget,-181266.41
2025-07-01,Switzerland,DACH,Services,Production Costs,Budget,-80562.85
2025-07-01,Switzerland,DACH,Services,Personnel Costs,Budget,-236653.37
2025-07-01,Switzerland,DACH,Services,External Services,Budget,-75527.67
2025-07-01,Switzerland,DACH,Services,Travel Expenses,Budget,-12561.13
2025-07-01,Switzerland,DACH,Services,IT Expenses,Budget,-10400.66
2025-07-01,Switzerland,DACH,Services,Other Operating Expenses,Budget,-18462.95
2025-07-01,Switzerland,DACH,Services,Depreciation,Budget,-20140.71
2025-07-01,Switzerland,DACH,Services,Other Operating Income,Budget,4040.3
2025-07-01,Switzerland,DACH,Services,Revenue,Forecast,975490.85
2025-07-01,Switzerland,DACH,Services,Material Costs,Forecast,-172212.91
2025-07-01,Switzerland,DACH,Services,Production Costs,Forecast,-76539.07
2025-07-01,Switzerland,DACH,Services,Personnel Costs,Forecast,-224833.53
2025-07-01,Switzerland,DACH,Services,External Services,Forecast,-71755.38
2025-07-01,Switzerland,DACH,Services,Travel Expenses,Forecast,-11619.48
2025-07-01,Switzerland,DACH,Services,IT Expenses,Forecast,-9590.39
2025-07-01,Switzerland,DACH,Services,Other Operating Expenses,Forecast,-18511.82
2025-07-01,Switzerland,DACH,Services,Depreciation,Forecast,-19509.82
2025-07-01,Switzerland,DACH,Services,Other Operating Income,Forecast,3874.51
2025-07-01,Switzerland,DACH,Equipment,Revenue,Actual,1289708.54
2025-07-01,Switzerland,DACH,Equipment,Material Costs,Actual,-578075.48
2025-07-01,Switzerland,DACH,Equipment,Production Costs,Actual,-201654.24
2025-07-01,Switzerland,DACH,Equipment,Personnel Costs,Actual,-161323.39
2025-07-01,Switzerland,DACH,Equipment,External Services,Actual,-53774.46
2025-07-01,Switzerland,DACH,Equipment,Travel Expenses,Actual,-15187.41
2025-07-01,Switzerland,DACH,Equipment,IT Expenses,Actual,-12947.28
2025-07-01,Switzerland,DACH,Equipment,Other Operating Expenses,Actual,-22783.85
2025-07-01,Switzerland,DACH,Equipment,Depreciation,Actual,-58036.88
2025-07-01,Switzerland,DACH,Equipment,Other Operating Income,Actual,4886.44
2025-07-01,Switzerland,DACH,Equipment,Revenue,Budget,1267156.67
2025-07-01,Switzerland,DACH,Equipment,Material Costs,Budget,-544877.37
2025-07-01,Switzerland,DACH,Equipment,Production Costs,Budget,-190073.5
2025-07-01,Switzerland,DACH,Equipment,Personnel Costs,Budget,-152058.8
2025-07-01,Switzerland,DACH,Equipment,External Services,Budget,-50686.27
2025-07-01,Switzerland,DACH,Equipment,Travel Expenses,Budget,-14926.81
2025-07-01,Switzerland,DACH,Equipment,IT Expenses,Budget,-12662.18
2025-07-01,Switzerland,DACH,Equipment,Other Operating Expenses,Budget,-22564.02
2025-07-01,Switzerland,DACH,Equipment,Depreciation,Budget,-57022.05
2025-07-01,Switzerland,DACH,Equipment,Other Operating Income,Budget,4928.24
2025-07-01,Switzerland,DACH,Equipment,Revenue,Forecast,1280006.53
2025-07-01,Switzerland,DACH,Equipment,Material Costs,Forecast,-541114.32
2025-07-01,Switzerland,DACH,Equipment,Production Costs,Forecast,-188760.81
2025-07-01,Switzerland,DACH,Equipment,Personnel Costs,Forecast,-151008.65
2025-07-01,Switzerland,DACH,Equipment,External Services,Forecast,-50336.22
2025-07-01,Switzerland,DACH,Equipment,Travel Expenses,Forecast,-15321.78
2025-07-01,Switzerland,DACH,Equipment,IT Expenses,Forecast,-12414.85
2025-07-01,Switzerland,DACH,Equipment,Other Operating Expenses,Forecast,-23477.91
2025-07-01,Switzerland,DACH,Equipment,Depreciation,Forecast,-57600.29
2025-07-01,Switzerland,DACH,Equipment,Other Operating Income,Forecast,5136.91
2025-08-01,Austria,DACH,Industrial Solutions,Revenue,Actual,1967142.05
2025-08-01,Austria,DACH,Industrial Solutions,Material Costs,Actual,-759328.04
2025-08-01,Austria,DACH,Industrial Solutions,Production Costs,Actual,-246268.55
2025-08-01,Austria,DACH,Industrial Solutions,Personnel Costs,Actual,-297574.5
2025-08-01,Austria,DACH,Industrial Solutions,External Services,Actual,-102611.9
2025-08-01,Austria,DACH,Industrial Solutions,Travel Expenses,Actual,-24554.97
2025-08-01,Austria,DACH,Industrial Solutions,IT Expenses,Actual,-18933.67
2025-08-01,Austria,DACH,Industrial Solutions,Other Operating Expenses,Actual,-35510.38
2025-08-01,Austria,DACH,Industrial Solutions,Depreciation,Actual,-68849.97
2025-08-01,Austria,DACH,Industrial Solutions,Other Operating Income,Actual,7818.17
2025-08-01,Austria,DACH,Industrial Solutions,Revenue,Budget,1953881.04
2025-08-01,Austria,DACH,Industrial Solutions,Material Costs,Budget,-722935.98
2025-08-01,Austria,DACH,Industrial Solutions,Production Costs,Budget,-234465.72
2025-08-01,Austria,DACH,Industrial Solutions,Personnel Costs,Budget,-283312.75
2025-08-01,Austria,DACH,Industrial Solutions,External Services,Budget,-97694.05
2025-08-01,Austria,DACH,Industrial Solutions,Travel Expenses,Budget,-23918.79
2025-08-01,Austria,DACH,Industrial Solutions,IT Expenses,Budget,-19622.12
2025-08-01,Austria,DACH,Industrial Solutions,Other Operating Expenses,Budget,-34508.69
2025-08-01,Austria,DACH,Industrial Solutions,Depreciation,Budget,-68385.84
2025-08-01,Austria,DACH,Industrial Solutions,Other Operating Income,Budget,7715.78
2025-08-01,Austria,DACH,Industrial Solutions,Revenue,Forecast,1949373.71
2025-08-01,Austria,DACH,Industrial Solutions,Material Costs,Forecast,-714378.5
2025-08-01,Austria,DACH,Industrial Solutions,Production Costs,Forecast,-231690.32
2025-08-01,Austria,DACH,Industrial Solutions,Personnel Costs,Forecast,-279959.14
2025-08-01,Austria,DACH,Industrial Solutions,External Services,Forecast,-96537.63
2025-08-01,Austria,DACH,Industrial Solutions,Travel Expenses,Forecast,-24147.6
2025-08-01,Austria,DACH,Industrial Solutions,IT Expenses,Forecast,-19502.05
2025-08-01,Austria,DACH,Industrial Solutions,Other Operating Expenses,Forecast,-36756.49
2025-08-01,Austria,DACH,Industrial Solutions,Depreciation,Forecast,-68228.08
2025-08-01,Austria,DACH,Industrial Solutions,Other Operating Income,Forecast,7778.57
2025-08-01,Austria,DACH,Services,Revenue,Actual,1177065.36
2025-08-01,Austria,DACH,Services,Material Costs,Actual,-203480.92
2025-08-01,Austria,DACH,Services,Production Costs,Actual,-90435.97
2025-08-01,Austria,DACH,Services,Personnel Costs,Actual,-265655.65
2025-08-01,Austria,DACH,Services,External Services,Actual,-84783.72
2025-08-01,Austria,DACH,Services,Travel Expenses,Actual,-14237.98
2025-08-01,Austria,DACH,Services,IT Expenses,Actual,-11890.41
2025-08-01,Austria,DACH,Services,Other Operating Expenses,Actual,-20349.65
2025-08-01,Austria,DACH,Services,Depreciation,Actual,-23541.31
2025-08-01,Austria,DACH,Services,Other Operating Income,Actual,4876.82
2025-08-01,Austria,DACH,Services,Revenue,Budget,1232349.13
2025-08-01,Austria,DACH,Services,Material Costs,Budget,-221822.84
2025-08-01,Austria,DACH,Services,Production Costs,Budget,-98587.93
2025-08-01,Austria,DACH,Services,Personnel Costs,Budget,-289602.04
2025-08-01,Austria,DACH,Services,External Services,Budget,-92426.18
2025-08-01,Austria,DACH,Services,Travel Expenses,Budget,-14573.88
2025-08-01,Austria,DACH,Services,IT Expenses,Budget,-12359.67
2025-08-01,Austria,DACH,Services,Other Operating Expenses,Budget,-23076.35
2025-08-01,Austria,DACH,Services,Depreciation,Budget,-24646.98
2025-08-01,Austria,DACH,Services,Other Operating Income,Budget,5106.23
2025-08-01,Austria,DACH,Services,Revenue,Forecast,1184604.88
2025-08-01,Austria,DACH,Services,Material Costs,Forecast,-212541.78
2025-08-01,Austria,DACH,Services,Production Costs,Forecast,-94463.01
2025-08-01,Austria,DACH,Services,Personnel Costs,Forecast,-277485.1
2025-08-01,Austria,DACH,Services,External Services,Forecast,-88559.07
2025-08-01,Austria,DACH,Services,Travel Expenses,Forecast,-13835.2
2025-08-01,Austria,DACH,Services,IT Expenses,Forecast,-11336.24
2025-08-01,Austria,DACH,Services,Other Operating Expenses,Forecast,-20939.53
2025-08-01,Austria,DACH,Services,Depreciation,Forecast,-23692.1
2025-08-01,Austria,DACH,Services,Other Operating Income,Forecast,4698.4
2025-08-01,Austria,DACH,Equipment,Revenue,Actual,1567126.4
2025-08-01,Austria,DACH,Equipment,Material Costs,Actual,-670076.29
2025-08-01,Austria,DACH,Equipment,Production Costs,Actual,-233747.54
2025-08-01,Austria,DACH,Equipment,Personnel Costs,Actual,-186998.04
2025-08-01,Austria,DACH,Equipment,External Services,Actual,-62332.68
2025-08-01,Austria,DACH,Equipment,Travel Expenses,Actual,-18438.81
2025-08-01,Austria,DACH,Equipment,IT Expenses,Actual,-15724.12
2025-08-01,Austria,DACH,Equipment,Other Operating Expenses,Actual,-28519.93
2025-08-01,Austria,DACH,Equipment,Depreciation,Actual,-70520.69
2025-08-01,Austria,DACH,Equipment,Other Operating Income,Actual,5995.1
2025-08-01,Austria,DACH,Equipment,Revenue,Budget,1555708.9
2025-08-01,Austria,DACH,Equipment,Material Costs,Budget,-668954.83
2025-08-01,Austria,DACH,Equipment,Production Costs,Budget,-233356.34
2025-08-01,Austria,DACH,Equipment,Personnel Costs,Budget,-186685.07
2025-08-01,Austria,DACH,Equipment,External Services,Budget,-62228.36
2025-08-01,Austria,DACH,Equipment,Travel Expenses,Budget,-19458.71
2025-08-01,Austria,DACH,Equipment,IT Expenses,Budget,-15526.41
2025-08-01,Austria,DACH,Equipment,Other Operating Expenses,Budget,-28015.96
2025-08-01,Austria,DACH,Equipment,Depreciation,Budget,-70006.9
2025-08-01,Austria,DACH,Equipment,Other Operating Income,Budget,6399.12
2025-08-01,Austria,DACH,Equipment,Revenue,Forecast,1562948.86
2025-08-01,Austria,DACH,Equipment,Material Costs,Forecast,-673948.86
2025-08-01,Austria,DACH,Equipment,Production Costs,Forecast,-235098.44
2025-08-01,Austria,DACH,Equipment,Personnel Costs,Forecast,-188078.75
2025-08-01,Austria,DACH,Equipment,External Services,Forecast,-62692.92
2025-08-01,Austria,DACH,Equipment,Travel Expenses,Forecast,-19291.68
2025-08-01,Austria,DACH,Equipment,IT Expenses,Forecast,-15719.24
2025-08-01,Austria,DACH,Equipment,Other Operating Expenses,Forecast,-27702.34
2025-08-01,Austria,DACH,Equipment,Depreciation,Forecast,-70332.7
2025-08-01,Austria,DACH,Equipment,Other Operating Income,Forecast,6342.2
2025-08-01,Germany,DACH,Industrial Solutions,Revenue,Actual,2694897.14
2025-08-01,Germany,DACH,Industrial Solutions,Material Costs,Actual,-991924.05
2025-08-01,Germany,DACH,Industrial Solutions,Production Costs,Actual,-321705.1
2025-08-01,Germany,DACH,Industrial Solutions,Personnel Costs,Actual,-388726.99
2025-08-01,Germany,DACH,Industrial Solutions,External Services,Actual,-134043.79
2025-08-01,Germany,DACH,Industrial Solutions,Travel Expenses,Actual,-32214.06
2025-08-01,Germany,DACH,Industrial Solutions,IT Expenses,Actual,-25934.69
2025-08-01,Germany,DACH,Industrial Solutions,Other Operating Expenses,Actual,-47842.71
2025-08-01,Germany,DACH,Industrial Solutions,Depreciation,Actual,-94321.4
2025-08-01,Germany,DACH,Industrial Solutions,Other Operating Income,Actual,10819.62
2025-08-01,Germany,DACH,Industrial Solutions,Revenue,Budget,2647849.71
2025-08-01,Germany,DACH,Industrial Solutions,Material Costs,Budget,-979704.39
2025-08-01,Germany,DACH,Industrial Solutions,Production Costs,Budget,-317741.97
2025-08-01,Germany,DACH,Industrial Solutions,Personnel Costs,Budget,-383938.21
2025-08-01,Germany,DACH,Industrial Solutions,External Services,Budget,-132392.49
2025-08-01,Germany,DACH,Industrial Solutions,Travel Expenses,Budget,-31926.58
2025-08-01,Germany,DACH,Industrial Solutions,IT Expenses,Budget,-25934.27
2025-08-01,Germany,DACH,Industrial Solutions,Other Operating Expenses,Budget,-49169.43
2025-08-01,Germany,DACH,Industrial Solutions,Depreciation,Budget,-92674.74
2025-08-01,Germany,DACH,Industrial Solutions,Other Operating Income,Budget,10224.44
2025-08-01,Germany,DACH,Industrial Solutions,Revenue,Forecast,2673015.02
2025-08-01,Germany,DACH,Industrial Solutions,Material Costs,Forecast,-1000521.25
2025-08-01,Germany,DACH,Industrial Solutions,Production Costs,Forecast,-324493.38
2025-08-01,Germany,DACH,Industrial Solutions,Personnel Costs,Forecast,-392096.17
2025-08-01,Germany,DACH,Industrial Solutions,External Services,Forecast,-135205.57
2025-08-01,Germany,DACH,Industrial Solutions,Travel Expenses,Forecast,-32487.26
2025-08-01,Germany,DACH,Industrial Solutions,IT Expenses,Forecast,-26384.68
2025-08-01,Germany,DACH,Industrial Solutions,Other Operating Expenses,Forecast,-50249.71
2025-08-01,Germany,DACH,Industrial Solutions,Depreciation,Forecast,-93555.53
2025-08-01,Germany,DACH,Industrial Solutions,Other Operating Income,Forecast,10181.56
2025-08-01,Germany,DACH,Services,Revenue,Actual,1814848.56
2025-08-01,Germany,DACH,Services,Material Costs,Actual,-358327.44
2025-08-01,Germany,DACH,Services,Production Costs,Actual,-159256.64
2025-08-01,Germany,DACH,Services,Personnel Costs,Actual,-467816.38
2025-08-01,Germany,DACH,Services,External Services,Actual,-149303.1
2025-08-01,Germany,DACH,Services,Travel Expenses,Actual,-21614.82
2025-08-01,Germany,DACH,Services,IT Expenses,Actual,-18253.27
2025-08-01,Germany,DACH,Services,Other Operating Expenses,Actual,-32879.87
2025-08-01,Germany,DACH,Services,Depreciation,Actual,-36296.97
2025-08-01,Germany,DACH,Services,Other Operating Income,Actual,7220.39
2025-08-01,Germany,DACH,Services,Revenue,Budget,1696442.62
2025-08-01,Germany,DACH,Services,Material Costs,Budget,-305359.67
2025-08-01,Germany,DACH,Services,Production Costs,Budget,-135715.41
2025-08-01,Germany,DACH,Services,Personnel Costs,Budget,-398664.02
2025-08-01,Germany,DACH,Services,External Services,Budget,-127233.2
2025-08-01,Germany,DACH,Services,Travel Expenses,Budget,-20852.49
2025-08-01,Germany,DACH,Services,IT Expenses,Budget,-17233.65
2025-08-01,Germany,DACH,Services,Other Operating Expenses,Budget,-29201.14
2025-08-01,Germany,DACH,Services,Depreciation,Budget,-33928.85
2025-08-01,Germany,DACH,Services,Other Operating Income,Budget,7139.81
2025-08-01,Germany,DACH,Services,Revenue,Forecast,1752115.15
2025-08-01,Germany,DACH,Services,Material Costs,Forecast,-309088.91
2025-08-01,Germany,DACH,Services,Production Costs,Forecast,-137372.85
2025-08-01,Germany,DACH,Services,Personnel Costs,Forecast,-403532.75
2025-08-01,Germany,DACH,Services,External Services,Forecast,-128787.05
2025-08-01,Germany,DACH,Services,Travel Expenses,Forecast,-21676.67
2025-08-01,Germany,DACH,Services,IT Expenses,Forecast,-17915.97
2025-08-01,Germany,DACH,Services,Other Operating Expenses,Forecast,-30677.9
2025-08-01,Germany,DACH,Services,Depreciation,Forecast,-35042.3
2025-08-01,Germany,DACH,Services,Other Operating Income,Forecast,6893.29
2025-08-01,Germany,DACH,Equipment,Revenue,Actual,2109397.0
2025-08-01,Germany,DACH,Equipment,Material Costs,Actual,-924720.31
2025-08-01,Germany,DACH,Equipment,Production Costs,Actual,-322576.85
2025-08-01,Germany,DACH,Equipment,Personnel Costs,Actual,-258061.48
2025-08-01,Germany,DACH,Equipment,External Services,Actual,-86020.49
2025-08-01,Germany,DACH,Equipment,Travel Expenses,Actual,-26307.79
2025-08-01,Germany,DACH,Equipment,IT Expenses,Actual,-21682.78
2025-08-01,Germany,DACH,Equipment,Other Operating Expenses,Actual,-37435.52
2025-08-01,Germany,DACH,Equipment,Depreciation,Actual,-94922.87
2025-08-01,Germany,DACH,Equipment,Other Operating Income,Actual,8366.97
2025-08-01,Germany,DACH,Equipment,Revenue,Budget,2097184.08
2025-08-01,Germany,DACH,Equipment,Material Costs,Budget,-901789.15
2025-08-01,Germany,DACH,Equipment,Production Costs,Budget,-314577.61
2025-08-01,Germany,DACH,Equipment,Personnel Costs,Budget,-251662.09
2025-08-01,Germany,DACH,Equipment,External Services,Budget,-83887.36
2025-08-01,Germany,DACH,Equipment,Travel Expenses,Budget,-23895.24
2025-08-01,Germany,DACH,Equipment,IT Expenses,Budget,-20633.83
2025-08-01,Germany,DACH,Equipment,Other Operating Expenses,Budget,-38659.88
2025-08-01,Germany,DACH,Equipment,Depreciation,Budget,-94373.28
2025-08-01,Germany,DACH,Equipment,Other Operating Income,Budget,8930.84
2025-08-01,Germany,DACH,Equipment,Revenue,Forecast,2098716.6
2025-08-01,Germany,DACH,Equipment,Material Costs,Forecast,-889080.91
2025-08-01,Germany,DACH,Equipment,Production Costs,Forecast,-310144.5
2025-08-01,Germany,DACH,Equipment,Personnel Costs,Forecast,-248115.6
2025-08-01,Germany,DACH,Equipment,External Services,Forecast,-82705.2
2025-08-01,Germany,DACH,Equipment,Travel Expenses,Forecast,-24736.97
2025-08-01,Germany,DACH,Equipment,IT Expenses,Forecast,-20976.08
2025-08-01,Germany,DACH,Equipment,Other Operating Expenses,Forecast,-38041.49
2025-08-01,Germany,DACH,Equipment,Depreciation,Forecast,-94442.25
2025-08-01,Germany,DACH,Equipment,Other Operating Income,Forecast,8123.01
2025-08-01,France,Western Europe,Industrial Solutions,Revenue,Actual,2151251.57
2025-08-01,France,Western Europe,Industrial Solutions,Material Costs,Actual,-806833.63
2025-08-01,France,Western Europe,Industrial Solutions,Production Costs,Actual,-261675.77
2025-08-01,France,Western Europe,Industrial Solutions,Personnel Costs,Actual,-316191.56
2025-08-01,France,Western Europe,Industrial Solutions,External Services,Actual,-109031.57
2025-08-01,France,Western Europe,Industrial Solutions,Travel Expenses,Actual,-25819.99
2025-08-01,France,Western Europe,Industrial Solutions,IT Expenses,Actual,-21324.76
2025-08-01,France,Western Europe,Industrial Solutions,Other Operating Expenses,Actual,-38616.42
2025-08-01,France,Western Europe,Industrial Solutions,Depreciation,Actual,-75293.8
2025-08-01,France,Western Europe,Industrial Solutions,Other Operating Income,Actual,8574.59
2025-08-01,France,Western Europe,Industrial Solutions,Revenue,Budget,2198662.16
2025-08-01,France,Western Europe,Industrial Solutions,Material Costs,Budget,-813505.0
2025-08-01,France,Western Europe,Industrial Solutions,Production Costs,Budget,-263839.46
2025-08-01,France,Western Europe,Industrial Solutions,Personnel Costs,Budget,-318806.01
2025-08-01,France,Western Europe,Industrial Solutions,External Services,Budget,-109933.11
2025-08-01,France,Western Europe,Industrial Solutions,Travel Expenses,Budget,-26091.08
2025-08-01,France,Western Europe,Industrial Solutions,IT Expenses,Budget,-21872.82
2025-08-01,France,Western Europe,Industrial Solutions,Other Operating Expenses,Budget,-41157.62
2025-08-01,France,Western Europe,Industrial Solutions,Depreciation,Budget,-76953.18
2025-08-01,France,Western Europe,Industrial Solutions,Other Operating Income,Budget,8991.97
2025-08-01,France,Western Europe,Industrial Solutions,Revenue,Forecast,2172335.14
2025-08-01,France,Western Europe,Industrial Solutions,Material Costs,Forecast,-800914.05
2025-08-01,France,Western Europe,Industrial Solutions,Production Costs,Forecast,-259755.91
2025-08-01,France,Western Europe,Industrial Solutions,Personnel Costs,Forecast,-313871.72
2025-08-01,France,Western Europe,Industrial Solutions,External Services,Forecast,-108231.63
2025-08-01,France,Western Europe,Industrial Solutions,Travel Expenses,Forecast,-26613.07
2025-08-01,France,Western Europe,Industrial Solutions,IT Expenses,Forecast,-21578.32
2025-08-01,France,Western Europe,Industrial Solutions,Other Operating Expenses,Forecast,-40248.82
2025-08-01,France,Western Europe,Industrial Solutions,Depreciation,Forecast,-76031.73
2025-08-01,France,Western Europe,Industrial Solutions,Other Operating Income,Forecast,8817.82
2025-08-01,France,Western Europe,Services,Revenue,Actual,1388630.75
2025-08-01,France,Western Europe,Services,Material Costs,Actual,-242912.55
2025-08-01,France,Western Europe,Services,Production Costs,Actual,-107961.13
2025-08-01,France,Western Europe,Services,Personnel Costs,Actual,-317135.83
2025-08-01,France,Western Europe,Services,External Services,Actual,-101213.56
2025-08-01,France,Western Europe,Services,Travel Expenses,Actual,-16066.72
2025-08-01,France,Western Europe,Services,IT Expenses,Actual,-13926.01
2025-08-01,France,Western Europe,Services,Other Operating Expenses,Actual,-26077.97
2025-08-01,France,Western Europe,Services,Depreciation,Actual,-27772.62
2025-08-01,France,Western Europe,Services,Other Operating Income,Actual,6050.28
2025-08-01,France,Western Europe,Services,Revenue,Budget,1365446.05
2025-08-01,France,Western Europe,Services,Material Costs,Budget,-245780.29
2025-08-01,France,Western Europe,Services,Production Costs,Budget,-109235.68
2025-08-01,France,Western Europe,Services,Personnel Costs,Budget,-320879.82
2025-08-01,France,Western Europe,Services,External Services,Budget,-102408.45
2025-08-01,France,Western Europe,Services,Travel Expenses,Budget,-16698.99
2025-08-01,France,Western Europe,Services,IT Expenses,Budget,-13791.24
2025-08-01,France,Western Europe,Services,Other Operating Expenses,Budget,-23471.37
2025-08-01,France,Western Europe,Services,Depreciation,Budget,-27308.92
2025-08-01,France,Western Europe,Services,Other Operating Income,Budget,5343.23
2025-08-01,France,Western Europe,Services,Revenue,Forecast,1360877.81
2025-08-01,France,Western Europe,Services,Material Costs,Forecast,-242642.32
2025-08-01,France,Western Europe,Services,Production Costs,Forecast,-107841.03
2025-08-01,France,Western Europe,Services,Personnel Costs,Forecast,-316783.03
2025-08-01,France,Western Europe,Services,External Services,Forecast,-101100.97
2025-08-01,France,Western Europe,Services,Travel Expenses,Forecast,-16026.37
2025-08-01,France,Western Europe,Services,IT Expenses,Forecast,-13563.01
2025-08-01,France,Western Europe,Services,Other Operating Expenses,Forecast,-24206.69
2025-08-01,France,Western Europe,Services,Depreciation,Forecast,-27217.56
2025-08-01,France,Western Europe,Services,Other Operating Income,Forecast,5012.54
2025-08-01,France,Western Europe,Equipment,Revenue,Actual,1558432.68
2025-08-01,France,Western Europe,Equipment,Material Costs,Actual,-704873.47
2025-08-01,France,Western Europe,Equipment,Production Costs,Actual,-245886.1
2025-08-01,France,Western Europe,Equipment,Personnel Costs,Actual,-196708.88
2025-08-01,France,Western Europe,Equipment,External Services,Actual,-65569.63
2025-08-01,France,Western Europe,Equipment,Travel Expenses,Actual,-18185.38
2025-08-01,France,Western Europe,Equipment,IT Expenses,Actual,-14795.67
2025-08-01,France,Western Europe,Equipment,Other Operating Expenses,Actual,-27851.21
2025-08-01,France,Western Europe,Equipment,Depreciation,Actual,-70129.47
2025-08-01,France,Western Europe,Equipment,Other Operating Income,Actual,6508.25
2025-08-01,France,Western Europe,Equipment,Revenue,Budget,1747337.63
2025-08-01,France,Western Europe,Equipment,Material Costs,Budget,-751355.18
2025-08-01,France,Western Europe,Equipment,Production Costs,Budget,-262100.64
2025-08-01,France,Western Europe,Equipment,Personnel Costs,Budget,-209680.52
2025-08-01,France,Western Europe,Equipment,External Services,Budget,-69893.51
2025-08-01,France,Western Europe,Equipment,Travel Expenses,Budget,-22199.93
2025-08-01,France,Western Europe,Equipment,IT Expenses,Budget,-17043.69
2025-08-01,France,Western Europe,Equipment,Other Operating Expenses,Budget,-31842.63
2025-08-01,France,Western Europe,Equipment,Depreciation,Budget,-78630.19
2025-08-01,France,Western Europe,Equipment,Other Operating Income,Budget,6859.26
2025-08-01,France,Western Europe,Equipment,Revenue,Forecast,1646585.41
2025-08-01,France,Western Europe,Equipment,Material Costs,Forecast,-707131.55
2025-08-01,France,Western Europe,Equipment,Production Costs,Forecast,-246673.8
2025-08-01,France,Western Europe,Equipment,Personnel Costs,Forecast,-197339.04
2025-08-01,France,Western Europe,Equipment,External Services,Forecast,-65779.68
2025-08-01,France,Western Europe,Equipment,Travel Expenses,Forecast,-21326.51
2025-08-01,France,Western Europe,Equipment,IT Expenses,Forecast,-15970.9
2025-08-01,France,Western Europe,Equipment,Other Operating Expenses,Forecast,-29826.55
2025-08-01,France,Western Europe,Equipment,Depreciation,Forecast,-74096.34
2025-08-01,France,Western Europe,Equipment,Other Operating Income,Forecast,6709.56
2025-08-01,Italy,Southern Europe,Industrial Solutions,Revenue,Actual,1596387.16
2025-08-01,Italy,Southern Europe,Industrial Solutions,Material Costs,Actual,-584879.94
2025-08-01,Italy,Southern Europe,Industrial Solutions,Production Costs,Actual,-189690.79
2025-08-01,Italy,Southern Europe,Industrial Solutions,Personnel Costs,Actual,-229209.71
2025-08-01,Italy,Southern Europe,Industrial Solutions,External Services,Actual,-79037.83
2025-08-01,Italy,Southern Europe,Industrial Solutions,Travel Expenses,Actual,-19311.31
2025-08-01,Italy,Southern Europe,Industrial Solutions,IT Expenses,Actual,-15854.3
2025-08-01,Italy,Southern Europe,Industrial Solutions,Other Operating Expenses,Actual,-29181.49
2025-08-01,Italy,Southern Europe,Industrial Solutions,Depreciation,Actual,-55873.55
2025-08-01,Italy,Southern Europe,Industrial Solutions,Other Operating Income,Actual,6291.14
2025-08-01,Italy,Southern Europe,Industrial Solutions,Revenue,Budget,1611660.14
2025-08-01,Italy,Southern Europe,Industrial Solutions,Material Costs,Budget,-596314.25
2025-08-01,Italy,Southern Europe,Industrial Solutions,Production Costs,Budget,-193399.22
2025-08-01,Italy,Southern Europe,Industrial Solutions,Personnel Costs,Budget,-233690.72
2025-08-01,Italy,Southern Europe,Industrial Solutions,External Services,Budget,-80583.01
2025-08-01,Italy,Southern Europe,Industrial Solutions,Travel Expenses,Budget,-19558.71
2025-08-01,Italy,Southern Europe,Industrial Solutions,IT Expenses,Budget,-16107.17
2025-08-01,Italy,Southern Europe,Industrial Solutions,Other Operating Expenses,Budget,-29826.55
2025-08-01,Italy,Southern Europe,Industrial Solutions,Depreciation,Budget,-56408.1
2025-08-01,Italy,Southern Europe,Industrial Solutions,Other Operating Income,Budget,6433.39
2025-08-01,Italy,Southern Europe,Industrial Solutions,Revenue,Forecast,1607211.08
2025-08-01,Italy,Southern Europe,Industrial Solutions,Material Costs,Forecast,-582015.71
2025-08-01,Italy,Southern Europe,Industrial Solutions,Production Costs,Forecast,-188761.85
2025-08-01,Italy,Southern Europe,Industrial Solutions,Personnel Costs,Forecast,-228087.24
2025-08-01,Italy,Southern Europe,Industrial Solutions,External Services,Forecast,-78650.77
2025-08-01,Italy,Southern Europe,Industrial Solutions,Travel Expenses,Forecast,-20016.68
2025-08-01,Italy,Southern Europe,Industrial Solutions,IT Expenses,Forecast,-15780.97
2025-08-01,Italy,Southern Europe,Industrial Solutions,Other Operating Expenses,Forecast,-28456.97
2025-08-01,Italy,Southern Europe,Industrial Solutions,Depreciation,Forecast,-56252.39
2025-08-01,Italy,Southern Europe,Industrial Solutions,Other Operating Income,Forecast,6275.67
2025-08-01,Italy,Southern Europe,Services,Revenue,Actual,920007.08
2025-08-01,Italy,Southern Europe,Services,Material Costs,Actual,-169973.38
2025-08-01,Italy,Southern Europe,Services,Production Costs,Actual,-75543.73
2025-08-01,Italy,Southern Europe,Services,Personnel Costs,Actual,-221909.69
2025-08-01,Italy,Southern Europe,Services,External Services,Actual,-70822.24
2025-08-01,Italy,Southern Europe,Services,Travel Expenses,Actual,-11114.02
2025-08-01,Italy,Southern Europe,Services,IT Expenses,Actual,-9189.97
2025-08-01,Italy,Southern Europe,Services,Other Operating Expenses,Actual,-16678.35
2025-08-01,Italy,Southern Europe,Services,Depreciation,Actual,-18400.14
2025-08-01,Italy,Southern Europe,Services,Other Operating Income,Actual,3756.74
2025-08-01,Italy,Southern Europe,Services,Revenue,Budget,1010731.77
2025-08-01,Italy,Southern Europe,Services,Material Costs,Budget,-181931.72
2025-08-01,Italy,Southern Europe,Services,Production Costs,Budget,-80858.54
2025-08-01,Italy,Southern Europe,Services,Personnel Costs,Budget,-237521.97
2025-08-01,Italy,Southern Europe,Services,External Services,Budget,-75804.88
2025-08-01,Italy,Southern Europe,Services,Travel Expenses,Budget,-12363.55
2025-08-01,Italy,Southern Europe,Services,IT Expenses,Budget,-10219.63
2025-08-01,Italy,Southern Europe,Services,Other Operating Expenses,Budget,-18233.92
2025-08-01,Italy,Southern Europe,Services,Depreciation,Budget,-20214.64
2025-08-01,Italy,Southern Europe,Services,Other Operating Income,Budget,4011.01
2025-08-01,Italy,Southern Europe,Services,Revenue,Forecast,984952.01
2025-08-01,Italy,Southern Europe,Services,Material Costs,Forecast,-176969.53
2025-08-01,Italy,Southern Europe,Services,Production Costs,Forecast,-78653.12
2025-08-01,Italy,Southern Europe,Services,Personnel Costs,Forecast,-231043.55
2025-08-01,Italy,Southern Europe,Services,External Services,Forecast,-73737.3
2025-08-01,Italy,Southern Europe,Services,Travel Expenses,Forecast,-11750.31
2025-08-01,Italy,Southern Europe,Services,IT Expenses,Forecast,-10072.86
2025-08-01,Italy,Southern Europe,Services,Other Operating Expenses,Forecast,-17992.22
2025-08-01,Italy,Southern Europe,Services,Depreciation,Forecast,-19699.04
2025-08-01,Italy,Southern Europe,Services,Other Operating Income,Forecast,3476.43
2025-08-01,Italy,Southern Europe,Equipment,Revenue,Actual,1268071.57
2025-08-01,Italy,Southern Europe,Equipment,Material Costs,Actual,-539974.58
2025-08-01,Italy,Southern Europe,Equipment,Production Costs,Actual,-188363.23
2025-08-01,Italy,Southern Europe,Equipment,Personnel Costs,Actual,-150690.58
2025-08-01,Italy,Southern Europe,Equipment,External Services,Actual,-50230.19
2025-08-01,Italy,Southern Europe,Equipment,Travel Expenses,Actual,-15730.02
2025-08-01,Italy,Southern Europe,Equipment,IT Expenses,Actual,-12921.02
2025-08-01,Italy,Southern Europe,Equipment,Other Operating Expenses,Actual,-22384.26
2025-08-01,Italy,Southern Europe,Equipment,Depreciation,Actual,-57063.22
2025-08-01,Italy,Southern Europe,Equipment,Other Operating Income,Actual,5154.87
2025-08-01,Italy,Southern Europe,Equipment,Revenue,Budget,1269400.38
2025-08-01,Italy,Southern Europe,Equipment,Material Costs,Budget,-545842.16
2025-08-01,Italy,Southern Europe,Equipment,Production Costs,Budget,-190410.06
2025-08-01,Italy,Southern Europe,Equipment,Personnel Costs,Budget,-152328.05
2025-08-01,Italy,Southern Europe,Equipment,External Services,Budget,-50776.02
2025-08-01,Italy,Southern Europe,Equipment,Travel Expenses,Budget,-14788.77
2025-08-01,Italy,Southern Europe,Equipment,IT Expenses,Budget,-12343.75
2025-08-01,Italy,Southern Europe,Equipment,Other Operating Expenses,Budget,-22491.21
2025-08-01,Italy,Southern Europe,Equipment,Depreciation,Budget,-57123.02
2025-08-01,Italy,Southern Europe,Equipment,Other Operating Income,Budget,5252.76
2025-08-01,Italy,Southern Europe,Equipment,Revenue,Forecast,1268479.65
2025-08-01,Italy,Southern Europe,Equipment,Material Costs,Forecast,-551684.79
2025-08-01,Italy,Southern Europe,Equipment,Production Costs,Forecast,-192448.18
2025-08-01,Italy,Southern Europe,Equipment,Personnel Costs,Forecast,-153958.55
2025-08-01,Italy,Southern Europe,Equipment,External Services,Forecast,-51319.52
2025-08-01,Italy,Southern Europe,Equipment,Travel Expenses,Forecast,-15456.06
2025-08-01,Italy,Southern Europe,Equipment,IT Expenses,Forecast,-12868.75
2025-08-01,Italy,Southern Europe,Equipment,Other Operating Expenses,Forecast,-23127.28
2025-08-01,Italy,Southern Europe,Equipment,Depreciation,Forecast,-57081.58
2025-08-01,Italy,Southern Europe,Equipment,Other Operating Income,Forecast,4943.73
2025-08-01,Switzerland,DACH,Industrial Solutions,Revenue,Actual,1533281.32
2025-08-01,Switzerland,DACH,Industrial Solutions,Material Costs,Actual,-584176.27
2025-08-01,Switzerland,DACH,Industrial Solutions,Production Costs,Actual,-189462.57
2025-08-01,Switzerland,DACH,Industrial Solutions,Personnel Costs,Actual,-228933.94
2025-08-01,Switzerland,DACH,Industrial Solutions,External Services,Actual,-78942.74
2025-08-01,Switzerland,DACH,Industrial Solutions,Travel Expenses,Actual,-18790.35
2025-08-01,Switzerland,DACH,Industrial Solutions,IT Expenses,Actual,-15440.59
2025-08-01,Switzerland,DACH,Industrial Solutions,Other Operating Expenses,Actual,-28337.44
2025-08-01,Switzerland,DACH,Industrial Solutions,Depreciation,Actual,-53664.85
2025-08-01,Switzerland,DACH,Industrial Solutions,Other Operating Income,Actual,6126.62
2025-08-01,Switzerland,DACH,Industrial Solutions,Revenue,Budget,1499228.54
2025-08-01,Switzerland,DACH,Industrial Solutions,Material Costs,Budget,-554714.56
2025-08-01,Switzerland,DACH,Industrial Solutions,Production Costs,Budget,-179907.42
2025-08-01,Switzerland,DACH,Industrial Solutions,Personnel Costs,Budget,-217388.14
2025-08-01,Switzerland,DACH,Industrial Solutions,External Services,Budget,-74961.43
2025-08-01,Switzerland,DACH,Industrial Solutions,Travel Expenses,Budget,-17514.78
2025-08-01,Switzerland,DACH,Industrial Solutions,IT Expenses,Budget,-14943.39
2025-08-01,Switzerland,DACH,Industrial Solutions,Other Operating Expenses,Budget,-26483.56
2025-08-01,Switzerland,DACH,Industrial Solutions,Depreciation,Budget,-52473.0
2025-08-01,Switzerland,DACH,Industrial Solutions,Other Operating Income,Budget,5834.95
2025-08-01,Switzerland,DACH,Industrial Solutions,Revenue,Forecast,1527117.43
2025-08-01,Switzerland,DACH,Industrial Solutions,Material Costs,Forecast,-564053.55
2025-08-01,Switzerland,DACH,Industrial Solutions,Production Costs,Forecast,-182936.29
2025-08-01,Switzerland,DACH,Industrial Solutions,Personnel Costs,Forecast,-221048.01
2025-08-01,Switzerland,DACH,Industrial Solutions,External Services,Forecast,-76223.45
2025-08-01,Switzerland,DACH,Industrial Solutions,Travel Expenses,Forecast,-17889.77
2025-08-01,Switzerland,DACH,Industrial Solutions,IT Expenses,Forecast,-15177.12
2025-08-01,Switzerland,DACH,Industrial Solutions,Other Operating Expenses,Forecast,-26186.82
2025-08-01,Switzerland,DACH,Industrial Solutions,Depreciation,Forecast,-53449.11
2025-08-01,Switzerland,DACH,Industrial Solutions,Other Operating Income,Forecast,6160.59
2025-08-01,Switzerland,DACH,Services,Revenue,Actual,905527.49
2025-08-01,Switzerland,DACH,Services,Material Costs,Actual,-166815.43
2025-08-01,Switzerland,DACH,Services,Production Costs,Actual,-74140.19
2025-08-01,Switzerland,DACH,Services,Personnel Costs,Actual,-217786.81
2025-08-01,Switzerland,DACH,Services,External Services,Actual,-69506.43
2025-08-01,Switzerland,DACH,Services,Travel Expenses,Actual,-10342.28
2025-08-01,Switzerland,DACH,Services,IT Expenses,Actual,-8917.14
2025-08-01,Switzerland,DACH,Services,Other Operating Expenses,Actual,-15986.08
2025-08-01,Switzerland,DACH,Services,Depreciation,Actual,-18110.55
2025-08-01,Switzerland,DACH,Services,Other Operating Income,Actual,3485.93
2025-08-01,Switzerland,DACH,Services,Revenue,Budget,932199.73
2025-08-01,Switzerland,DACH,Services,Material Costs,Budget,-167795.95
2025-08-01,Switzerland,DACH,Services,Production Costs,Budget,-74575.98
2025-08-01,Switzerland,DACH,Services,Personnel Costs,Budget,-219066.94
2025-08-01,Switzerland,DACH,Services,External Services,Budget,-69914.98
2025-08-01,Switzerland,DACH,Services,Travel Expenses,Budget,-11464.76
2025-08-01,Switzerland,DACH,Services,IT Expenses,Budget,-9285.86
2025-08-01,Switzerland,DACH,Services,Other Operating Expenses,Budget,-16668.63
2025-08-01,Switzerland,DACH,Services,Depreciation,Budget,-18643.99
2025-08-01,Switzerland,DACH,Services,Other Operating Income,Budget,3429.92
2025-08-01,Switzerland,DACH,Services,Revenue,Forecast,922369.02
2025-08-01,Switzerland,DACH,Services,Material Costs,Forecast,-167292.38
2025-08-01,Switzerland,DACH,Services,Production Costs,Forecast,-74352.17
2025-08-01,Switzerland,DACH,Services,Personnel Costs,Forecast,-218409.49
2025-08-01,Switzerland,DACH,Services,External Services,Forecast,-69705.16
2025-08-01,Switzerland,DACH,Services,Travel Expenses,Forecast,-10656.93
2025-08-01,Switzerland,DACH,Services,IT Expenses,Forecast,-9234.75
2025-08-01,Switzerland,DACH,Services,Other Operating Expenses,Forecast,-16717.77
2025-08-01,Switzerland,DACH,Services,Depreciation,Forecast,-18447.38
2025-08-01,Switzerland,DACH,Services,Other Operating Income,Forecast,3890.28
2025-08-01,Switzerland,DACH,Equipment,Revenue,Actual,1055982.1
2025-08-01,Switzerland,DACH,Equipment,Material Costs,Actual,-474511.36
2025-08-01,Switzerland,DACH,Equipment,Production Costs,Actual,-165527.22
2025-08-01,Switzerland,DACH,Equipment,Personnel Costs,Actual,-132421.77
2025-08-01,Switzerland,DACH,Equipment,External Services,Actual,-44140.59
2025-08-01,Switzerland,DACH,Equipment,Travel Expenses,Actual,-13142.78
2025-08-01,Switzerland,DACH,Equipment,IT Expenses,Actual,-10604.1
2025-08-01,Switzerland,DACH,Equipment,Other Operating Expenses,Actual,-18774.06
2025-08-01,Switzerland,DACH,Equipment,Depreciation,Actual,-47519.19
2025-08-01,Switzerland,DACH,Equipment,Other Operating Income,Actual,4360.3
2025-08-01,Switzerland,DACH,Equipment,Revenue,Budget,1162224.27
2025-08-01,Switzerland,DACH,Equipment,Material Costs,Budget,-499756.44
2025-08-01,Switzerland,DACH,Equipment,Production Costs,Budget,-174333.64
2025-08-01,Switzerland,DACH,Equipment,Personnel Costs,Budget,-139466.91
2025-08-01,Switzerland,DACH,Equipment,External Services,Budget,-46488.97
2025-08-01,Switzerland,DACH,Equipment,Travel Expenses,Budget,-13539.36
2025-08-01,Switzerland,DACH,Equipment,IT Expenses,Budget,-11732.97
2025-08-01,Switzerland,DACH,Equipment,Other Operating Expenses,Budget,-21184.4
2025-08-01,Switzerland,DACH,Equipment,Depreciation,Budget,-52300.09
2025-08-01,Switzerland,DACH,Equipment,Other Operating Income,Budget,4846.05
2025-08-01,Switzerland,DACH,Equipment,Revenue,Forecast,1105414.53
2025-08-01,Switzerland,DACH,Equipment,Material Costs,Forecast,-491069.18
2025-08-01,Switzerland,DACH,Equipment,Production Costs,Forecast,-171303.2
2025-08-01,Switzerland,DACH,Equipment,Personnel Costs,Forecast,-137042.56
2025-08-01,Switzerland,DACH,Equipment,External Services,Forecast,-45680.85
2025-08-01,Switzerland,DACH,Equipment,Travel Expenses,Forecast,-13421.14
2025-08-01,Switzerland,DACH,Equipment,IT Expenses,Forecast,-10941.62
2025-08-01,Switzerland,DACH,Equipment,Other Operating Expenses,Forecast,-19884.74
2025-08-01,Switzerland,DACH,Equipment,Depreciation,Forecast,-49743.65
2025-08-01,Switzerland,DACH,Equipment,Other Operating Income,Forecast,4108.77
2025-09-01,Austria,DACH,Industrial Solutions,Revenue,Actual,2513708.1
2025-09-01,Austria,DACH,Industrial Solutions,Material Costs,Actual,-966291.03
2025-09-01,Austria,DACH,Industrial Solutions,Production Costs,Actual,-313391.69
2025-09-01,Austria,DACH,Industrial Solutions,Personnel Costs,Actual,-378681.62
2025-09-01,Austria,DACH,Industrial Solutions,External Services,Actual,-130579.87
2025-09-01,Austria,DACH,Industrial Solutions,Travel Expenses,Actual,-29420.26
2025-09-01,Austria,DACH,Industrial Solutions,IT Expenses,Actual,-25700.67
2025-09-01,Austria,DACH,Industrial Solutions,Other Operating Expenses,Actual,-45246.98
2025-09-01,Austria,DACH,Industrial Solutions,Depreciation,Actual,-87979.78
2025-09-01,Austria,DACH,Industrial Solutions,Other Operating Income,Actual,10051.09
2025-09-01,Austria,DACH,Industrial Solutions,Revenue,Budget,2528979.78
2025-09-01,Austria,DACH,Industrial Solutions,Material Costs,Budget,-935722.52
2025-09-01,Austria,DACH,Industrial Solutions,Production Costs,Budget,-303477.57
2025-09-01,Austria,DACH,Industrial Solutions,Personnel Costs,Budget,-366702.07
2025-09-01,Austria,DACH,Industrial Solutions,External Services,Budget,-126448.99
2025-09-01,Austria,DACH,Industrial Solutions,Travel Expenses,Budget,-30049.23
2025-09-01,Austria,DACH,Industrial Solutions,IT Expenses,Budget,-25368.29
2025-09-01,Austria,DACH,Industrial Solutions,Other Operating Expenses,Budget,-46460.63
2025-09-01,Austria,DACH,Industrial Solutions,Depreciation,Budget,-88514.29
2025-09-01,Austria,DACH,Industrial Solutions,Other Operating Income,Budget,9765.05
2025-09-01,Austria,DACH,Industrial Solutions,Revenue,Forecast,2510012.3
2025-09-01,Austria,DACH,Industrial Solutions,Material Costs,Forecast,-921370.2
2025-09-01,Austria,DACH,Industrial Solutions,Production Costs,Forecast,-298822.77
2025-09-01,Austria,DACH,Industrial Solutions,Personnel Costs,Forecast,-361077.51
2025-09-01,Austria,DACH,Industrial Solutions,External Services,Forecast,-124509.49
2025-09-01,Austria,DACH,Industrial Solutions,Travel Expenses,Forecast,-29845.7
2025-09-01,Austria,DACH,Industrial Solutions,IT Expenses,Forecast,-24424.49
2025-09-01,Austria,DACH,Industrial Solutions,Other Operating Expenses,Forecast,-44254.87
2025-09-01,Austria,DACH,Industrial Solutions,Depreciation,Forecast,-87850.43
2025-09-01,Austria,DACH,Industrial Solutions,Other Operating Income,Forecast,9848.8
2025-09-01,Austria,DACH,Services,Revenue,Actual,1608547.38
2025-09-01,Austria,DACH,Services,Material Costs,Actual,-295697.72
2025-09-01,Austria,DACH,Services,Production Costs,Actual,-131421.21
2025-09-01,Austria,DACH,Services,Personnel Costs,Actual,-386049.8
2025-09-01,Austria,DACH,Services,External Services,Actual,-123207.38
2025-09-01,Austria,DACH,Services,Travel Expenses,Actual,-19223.02
2025-09-01,Austria,DACH,Services,IT Expenses,Actual,-16211.09
2025-09-01,Austria,DACH,Services,Other Operating Expenses,Actual,-28879.14
2025-09-01,Austria,DACH,Services,Depreciation,Actual,-32170.95
2025-09-01,Austria,DACH,Services,Other Operating Income,Actual,6502.49
2025-09-01,Austria,DACH,Services,Revenue,Budget,1610624.27
2025-09-01,Austria,DACH,Services,Material Costs,Budget,-289912.37
2025-09-01,Austria,DACH,Services,Production Costs,Budget,-128849.94
2025-09-01,Austria,DACH,Services,Personnel Costs,Budget,-378496.7
2025-09-01,Austria,DACH,Services,External Services,Budget,-120796.82
2025-09-01,Austria,DACH,Services,Travel Expenses,Budget,-18989.59
2025-09-01,Austria,DACH,Services,IT Expenses,Budget,-15320.64
2025-09-01,Austria,DACH,Services,Other Operating Expenses,Budget,-28893.91
2025-09-01,Austria,DACH,Services,Depreciation,Budget,-32212.49
2025-09-01,Austria,DACH,Services,Other Operating Income,Budget,6809.14
2025-09-01,Austria,DACH,Services,Revenue,Forecast,1611974.61
2025-09-01,Austria,DACH,Services,Material Costs,Forecast,-293380.39
2025-09-01,Austria,DACH,Services,Production Costs,Forecast,-130391.28
2025-09-01,Austria,DACH,Services,Personnel Costs,Forecast,-383024.39
2025-09-01,Austria,DACH,Services,External Services,Forecast,-122241.83
2025-09-01,Austria,DACH,Services,Travel Expenses,Forecast,-19903.93
2025-09-01,Austria,DACH,Services,IT Expenses,Forecast,-16518.27
2025-09-01,Austria,DACH,Services,Other Operating Expenses,Forecast,-29079.85
2025-09-01,Austria,DACH,Services,Depreciation,Forecast,-32239.49
2025-09-01,Austria,DACH,Services,Other Operating Income,Forecast,6498.79
2025-09-01,Austria,DACH,Equipment,Revenue,Actual,1996605.38
2025-09-01,Austria,DACH,Equipment,Material Costs,Actual,-884379.89
2025-09-01,Austria,DACH,Equipment,Production Costs,Actual,-308504.61
2025-09-01,Austria,DACH,Equipment,Personnel Costs,Actual,-246803.69
2025-09-01,Austria,DACH,Equipment,External Services,Actual,-82267.9
2025-09-01,Austria,DACH,Equipment,Travel Expenses,Actual,-23859.03
2025-09-01,Austria,DACH,Equipment,IT Expenses,Actual,-19786.28
2025-09-01,Austria,DACH,Equipment,Other Operating Expenses,Actual,-35939.37
2025-09-01,Austria,DACH,Equipment,Depreciation,Actual,-89847.24
2025-09-01,Austria,DACH,Equipment,Other Operating Income,Actual,8178.48
2025-09-01,Austria,DACH,Equipment,Revenue,Budget,2003975.97
2025-09-01,Austria,DACH,Equipment,Material Costs,Budget,-861709.67
2025-09-01,Austria,DACH,Equipment,Production Costs,Budget,-300596.4
2025-09-01,Austria,DACH,Equipment,Personnel Costs,Budget,-240477.12
2025-09-01,Austria,DACH,Equipment,External Services,Budget,-80159.04
2025-09-01,Austria,DACH,Equipment,Travel Expenses,Budget,-23006.07
2025-09-01,Austria,DACH,Equipment,IT Expenses,Budget,-19119.46
2025-09-01,Austria,DACH,Equipment,Other Operating Expenses,Budget,-35575.1
2025-09-01,Austria,DACH,Equipment,Depreciation,Budget,-90178.92
2025-09-01,Austria,DACH,Equipment,Other Operating Income,Budget,7624.5
2025-09-01,Austria,DACH,Equipment,Revenue,Forecast,2009774.1
2025-09-01,Austria,DACH,Equipment,Material Costs,Forecast,-858933.23
2025-09-01,Austria,DACH,Equipment,Production Costs,Forecast,-299627.87
2025-09-01,Austria,DACH,Equipment,Personnel Costs,Forecast,-239702.3
2025-09-01,Austria,DACH,Equipment,External Services,Forecast,-79900.77
2025-09-01,Austria,DACH,Equipment,Travel Expenses,Forecast,-24010.37
2025-09-01,Austria,DACH,Equipment,IT Expenses,Forecast,-19915.56
2025-09-01,Austria,DACH,Equipment,Other Operating Expenses,Forecast,-37489.54
2025-09-01,Austria,DACH,Equipment,Depreciation,Forecast,-90439.83
2025-09-01,Austria,DACH,Equipment,Other Operating Income,Forecast,8144.17
2025-09-01,Germany,DACH,Industrial Solutions,Revenue,Actual,3517799.24
2025-09-01,Germany,DACH,Industrial Solutions,Material Costs,Actual,-1335398.05
2025-09-01,Germany,DACH,Industrial Solutions,Production Costs,Actual,-433102.07
2025-09-01,Germany,DACH,Industrial Solutions,Personnel Costs,Actual,-523331.67
2025-09-01,Germany,DACH,Industrial Solutions,External Services,Actual,-180459.2
2025-09-01,Germany,DACH,Industrial Solutions,Travel Expenses,Actual,-42117.64
2025-09-01,Germany,DACH,Industrial Solutions,IT Expenses,Actual,-35649.72
2025-09-01,Germany,DACH,Industrial Solutions,Other Operating Expenses,Actual,-61623.63
2025-09-01,Germany,DACH,Industrial Solutions,Depreciation,Actual,-123122.97
2025-09-01,Germany,DACH,Industrial Solutions,Other Operating Income,Actual,13196.67
2025-09-01,Germany,DACH,Industrial Solutions,Revenue,Budget,3455237.76
2025-09-01,Germany,DACH,Industrial Solutions,Material Costs,Budget,-1278437.97
2025-09-01,Germany,DACH,Industrial Solutions,Production Costs,Budget,-414628.53
2025-09-01,Germany,DACH,Industrial Solutions,Personnel Costs,Budget,-501009.48
2025-09-01,Germany,DACH,Industrial Solutions,External Services,Budget,-172761.89
2025-09-01,Germany,DACH,Industrial Solutions,Travel Expenses,Budget,-42480.21
2025-09-01,Germany,DACH,Industrial Solutions,IT Expenses,Budget,-34812.49
2025-09-01,Germany,DACH,Industrial Solutions,Other Operating Expenses,Budget,-60791.72
2025-09-01,Germany,DACH,Industrial Solutions,Depreciation,Budget,-120933.32
2025-09-01,Germany,DACH,Industrial Solutions,Other Operating Income,Budget,13340.17
2025-09-01,Germany,DACH,Industrial Solutions,Revenue,Forecast,3457853.57
2025-09-01,Germany,DACH,Industrial Solutions,Material Costs,Forecast,-1296684.48
2025-09-01,Germany,DACH,Industrial Solutions,Production Costs,Forecast,-420546.32
2025-09-01,Germany,DACH,Industrial Solutions,Personnel Costs,Forecast,-508160.13
2025-09-01,Germany,DACH,Industrial Solutions,External Services,Forecast,-175227.63
2025-09-01,Germany,DACH,Industrial Solutions,Travel Expenses,Forecast,-40013.63
2025-09-01,Germany,DACH,Industrial Solutions,IT Expenses,Forecast,-35714.56
2025-09-01,Germany,DACH,Industrial Solutions,Other Operating Expenses,Forecast,-60839.97
2025-09-01,Germany,DACH,Industrial Solutions,Depreciation,Forecast,-121024.88
2025-09-01,Germany,DACH,Industrial Solutions,Other Operating Income,Forecast,14184.61
2025-09-01,Germany,DACH,Services,Revenue,Actual,2296065.76
2025-09-01,Germany,DACH,Services,Material Costs,Actual,-436306.4
2025-09-01,Germany,DACH,Services,Production Costs,Actual,-193913.96
2025-09-01,Germany,DACH,Services,Personnel Costs,Actual,-569622.25
2025-09-01,Germany,DACH,Services,External Services,Actual,-181794.33
2025-09-01,Germany,DACH,Services,Travel Expenses,Actual,-27586.61
2025-09-01,Germany,DACH,Services,IT Expenses,Actual,-22500.44
2025-09-01,Germany,DACH,Services,Other Operating Expenses,Actual,-42094.63
2025-09-01,Germany,DACH,Services,Depreciation,Actual,-45921.32
2025-09-01,Germany,DACH,Services,Other Operating Income,Actual,8995.72
2025-09-01,Germany,DACH,Services,Revenue,Budget,2143279.68
2025-09-01,Germany,DACH,Services,Material Costs,Budget,-385790.34
2025-09-01,Germany,DACH,Services,Production Costs,Budget,-171462.37
2025-09-01,Germany,DACH,Services,Personnel Costs,Budget,-503670.73
2025-09-01,Germany,DACH,Services,External Services,Budget,-160745.98
2025-09-01,Germany,DACH,Services,Travel Expenses,Budget,-25542.97
2025-09-01,Germany,DACH,Services,IT Expenses,Budget,-21006.56
2025-09-01,Germany,DACH,Services,Other Operating Expenses,Budget,-36107.73
2025-09-01,Germany,DACH,Services,Depreciation,Budget,-42865.59
2025-09-01,Germany,DACH,Services,Other Operating Income,Budget,8507.61
2025-09-01,Germany,DACH,Services,Revenue,Forecast,2217616.73
2025-09-01,Germany,DACH,Services,Material Costs,Forecast,-410727.57
2025-09-01,Germany,DACH,Services,Production Costs,Forecast,-182545.58
2025-09-01,Germany,DACH,Services,Personnel Costs,Forecast,-536227.66
2025-09-01,Germany,DACH,Services,External Services,Forecast,-171136.49
2025-09-01,Germany,DACH,Services,Travel Expenses,Forecast,-27237.78
2025-09-01,Germany,DACH,Services,IT Expenses,Forecast,-22167.62
2025-09-01,Germany,DACH,Services,Other Operating Expenses,Forecast,-39654.76
2025-09-01,Germany,DACH,Services,Depreciation,Forecast,-44352.33
2025-09-01,Germany,DACH,Services,Other Operating Income,Forecast,8878.44
2025-09-01,Germany,DACH,Equipment,Revenue,Actual,2612925.46
2025-09-01,Germany,DACH,Equipment,Material Costs,Actual,-1143652.26
2025-09-01,Germany,DACH,Equipment,Production Costs,Actual,-398948.46
2025-09-01,Germany,DACH,Equipment,Personnel Costs,Actual,-319158.77
2025-09-01,Germany,DACH,Equipment,External Services,Actual,-106386.26
2025-09-01,Germany,DACH,Equipment,Travel Expenses,Actual,-32030.67
2025-09-01,Germany,DACH,Equipment,IT Expenses,Actual,-26358.4
2025-09-01,Germany,DACH,Equipment,Other Operating Expenses,Actual,-47055.72
2025-09-01,Germany,DACH,Equipment,Depreciation,Actual,-117581.65
2025-09-01,Germany,DACH,Equipment,Other Operating Income,Actual,10733.0
2025-09-01,Germany,DACH,Equipment,Revenue,Budget,2743463.53
2025-09-01,Germany,DACH,Equipment,Material Costs,Budget,-1179689.32
2025-09-01,Germany,DACH,Equipment,Production Costs,Budget,-411519.53
2025-09-01,Germany,DACH,Equipment,Personnel Costs,Budget,-329215.62
2025-09-01,Germany,DACH,Equipment,External Services,Budget,-109738.54
2025-09-01,Germany,DACH,Equipment,Travel Expenses,Budget,-33506.07
2025-09-01,Germany,DACH,Equipment,IT Expenses,Budget,-27240.38
2025-09-01,Germany,DACH,Equipment,Other Operating Expenses,Budget,-48674.2
2025-09-01,Germany,DACH,Equipment,Depreciation,Budget,-123455.86
2025-09-01,Germany,DACH,Equipment,Other Operating Income,Budget,11018.56
2025-09-01,Germany,DACH,Equipment,Revenue,Forecast,2695484.37
2025-09-01,Germany,DACH,Equipment,Material Costs,Forecast,-1180603.13
2025-09-01,Germany,DACH,Equipment,Production Costs,Forecast,-411838.3
2025-09-01,Germany,DACH,Equipment,Personnel Costs,Forecast,-329470.64
2025-09-01,Germany,DACH,Equipment,External Services,Forecast,-109823.55
2025-09-01,Germany,DACH,Equipment,Travel Expenses,Forecast,-31143.41
2025-09-01,Germany,DACH,Equipment,IT Expenses,Forecast,-26163.71
2025-09-01,Germany,DACH,Equipment,Other Operating Expenses,Forecast,-48718.57
2025-09-01,Germany,DACH,Equipment,Depreciation,Forecast,-121296.8
2025-09-01,Germany,DACH,Equipment,Other Operating Income,Forecast,10803.88
2025-09-01,France,Western Europe,Industrial Solutions,Revenue,Actual,2829216.36
2025-09-01,France,Western Europe,Industrial Solutions,Material Costs,Actual,-1085800.15
2025-09-01,France,Western Europe,Industrial Solutions,Production Costs,Actual,-352151.4
2025-09-01,France,Western Europe,Industrial Solutions,Personnel Costs,Actual,-425516.28
2025-09-01,France,Western Europe,Industrial Solutions,External Services,Actual,-146729.75
2025-09-01,France,Western Europe,Industrial Solutions,Travel Expenses,Actual,-32320.05
2025-09-01,France,Western Europe,Industrial Solutions,IT Expenses,Actual,-27823.36
2025-09-01,France,Western Europe,Industrial Solutions,Other Operating Expenses,Actual,-50794.44
2025-09-01,France,Western Europe,Industrial Solutions,Depreciation,Actual,-99022.57
2025-09-01,France,Western Europe,Industrial Solutions,Other Operating Income,Actual,10573.04
2025-09-01,France,Western Europe,Industrial Solutions,Revenue,Budget,2811099.23
2025-09-01,France,Western Europe,Industrial Solutions,Material Costs,Budget,-1040106.71
2025-09-01,France,Western Europe,Industrial Solutions,Production Costs,Budget,-337331.91
2025-09-01,France,Western Europe,Industrial Solutions,Personnel Costs,Budget,-407609.39
2025-09-01,France,Western Europe,Industrial Solutions,External Services,Budget,-140554.96
2025-09-01,France,Western Europe,Industrial Solutions,Travel Expenses,Budget,-33555.23
2025-09-01,France,Western Europe,Industrial Solutions,IT Expenses,Budget,-29045.1
2025-09-01,France,Western Europe,Industrial Solutions,Other Operating Expenses,Budget,-50626.21
2025-09-01,France,Western Europe,Industrial Solutions,Depreciation,Budget,-98388.47
2025-09-01,France,Western Europe,Industrial Solutions,Other Operating Income,Budget,11348.16
2025-09-01,France,Western Europe,Industrial Solutions,Revenue,Forecast,2816026.31
2025-09-01,France,Western Europe,Industrial Solutions,Material Costs,Forecast,-1026173.7
2025-09-01,France,Western Europe,Industrial Solutions,Production Costs,Forecast,-332813.09
2025-09-01,France,Western Europe,Industrial Solutions,Personnel Costs,Forecast,-402149.15
2025-09-01,France,Western Europe,Industrial Solutions,External Services,Forecast,-138672.12
2025-09-01,France,Western Europe,Industrial Solutions,Travel Expenses,Forecast,-33167.47
2025-09-01,France,Western Europe,Industrial Solutions,IT Expenses,Forecast,-27948.95
2025-09-01,France,Western Europe,Industrial Solutions,Other Operating Expenses,Forecast,-50285.86
2025-09-01,France,Western Europe,Industrial Solutions,Depreciation,Forecast,-98560.92
2025-09-01,France,Western Europe,Industrial Solutions,Other Operating Income,Forecast,11841.57
2025-09-01,France,Western Europe,Services,Revenue,Actual,1685085.22
2025-09-01,France,Western Europe,Services,Material Costs,Actual,-307093.3
2025-09-01,France,Western Europe,Services,Production Costs,Actual,-136485.91
2025-09-01,France,Western Europe,Services,Personnel Costs,Actual,-400927.36
2025-09-01,France,Western Europe,Services,External Services,Actual,-127955.54
2025-09-01,France,Western Europe,Services,Travel Expenses,Actual,-20912.67
2025-09-01,France,Western Europe,Services,IT Expenses,Actual,-17383.52
2025-09-01,France,Western Europe,Services,Other Operating Expenses,Actual,-29561.8
2025-09-01,France,Western Europe,Services,Depreciation,Actual,-33701.7
2025-09-01,France,Western Europe,Services,Other Operating Income,Actual,6521.72
2025-09-01,France,Western Europe,Services,Revenue,Budget,1765023.53
2025-09-01,France,Western Europe,Services,Material Costs,Budget,-317704.24
2025-09-01,France,Western Europe,Services,Production Costs,Budget,-141201.88
2025-09-01,France,Western Europe,Services,Personnel Costs,Budget,-414780.53
2025-09-01,France,Western Europe,Services,External Services,Budget,-132376.76
2025-09-01,France,Western Europe,Services,Travel Expenses,Budget,-20381.21
2025-09-01,France,Western Europe,Services,IT Expenses,Budget,-17567.63
2025-09-01,France,Western Europe,Services,Other Operating Expenses,Budget,-32140.83
2025-09-01,France,Western Europe,Services,Depreciation,Budget,-35300.47
2025-09-01,France,Western Europe,Services,Other Operating Income,Budget,7338.92
2025-09-01,France,Western Europe,Services,Revenue,Forecast,1724451.45
2025-09-01,France,Western Europe,Services,Material Costs,Forecast,-310118.36
2025-09-01,France,Western Europe,Services,Production Costs,Forecast,-137830.38
2025-09-01,France,Western Europe,Services,Personnel Costs,Forecast,-404876.74
2025-09-01,France,Western Europe,Services,External Services,Forecast,-129215.98
2025-09-01,France,Western Europe,Services,Travel Expenses,Forecast,-20494.86
2025-09-01,France,Western Europe,Services,IT Expenses,Forecast,-17296.85
2025-09-01,France,Western Europe,Services,Other Operating Expenses,Forecast,-30392.05
2025-09-01,France,Western Europe,Services,Depreciation,Forecast,-34489.03
2025-09-01,France,Western Europe,Services,Other Operating Income,Forecast,7474.34
2025-09-01,France,Western Europe,Equipment,Revenue,Actual,2089906.14
2025-09-01,France,Western Europe,Equipment,Material Costs,Actual,-898812.41
2025-09-01,France,Western Europe,Equipment,Production Costs,Actual,-313539.21
2025-09-01,France,Western Europe,Equipment,Personnel Costs,Actual,-250831.37
2025-09-01,France,Western Europe,Equipment,External Services,Actual,-83610.46
2025-09-01,France,Western Europe,Equipment,Travel Expenses,Actual,-24935.89
2025-09-01,France,Western Europe,Equipment,IT Expenses,Actual,-20749.66
2025-09-01,France,Western Europe,Equipment,Other Operating Expenses,Actual,-37448.66
2025-09-01,France,Western Europe,Equipment,Depreciation,Actual,-94045.78
2025-09-01,France,Western Europe,Equipment,Other Operating Income,Actual,8818.68
2025-09-01,France,Western Europe,Equipment,Revenue,Budget,2177989.82
2025-09-01,France,Western Europe,Equipment,Material Costs,Budget,-936535.62
2025-09-01,France,Western Europe,Equipment,Production Costs,Budget,-326698.47
2025-09-01,France,Western Europe,Equipment,Personnel Costs,Budget,-261358.78
2025-09-01,France,Western Europe,Equipment,External Services,Budget,-87119.59
2025-09-01,France,Western Europe,Equipment,Travel Expenses,Budget,-24401.61
2025-09-01,France,Western Europe,Equipment,IT Expenses,Budget,-22447.86
2025-09-01,France,Western Europe,Equipment,Other Operating Expenses,Budget,-37808.2
2025-09-01,France,Western Europe,Equipment,Depreciation,Budget,-98009.54
2025-09-01,France,Western Europe,Equipment,Other Operating Income,Budget,8619.04
2025-09-01,France,Western Europe,Equipment,Revenue,Forecast,2164018.66
2025-09-01,France,Western Europe,Equipment,Material Costs,Forecast,-925734.94
2025-09-01,France,Western Europe,Equipment,Production Costs,Forecast,-322930.79
2025-09-01,France,Western Europe,Equipment,Personnel Costs,Forecast,-258344.63
2025-09-01,France,Western Europe,Equipment,External Services,Forecast,-86114.88
2025-09-01,France,Western Europe,Equipment,Travel Expenses,Forecast,-26426.73
2025-09-01,France,Western Europe,Equipment,IT Expenses,Forecast,-20948.51
2025-09-01,France,Western Europe,Equipment,Other Operating Expenses,Forecast,-39402.4
2025-09-01,France,Western Europe,Equipment,Depreciation,Forecast,-97380.84
2025-09-01,France,Western Europe,Equipment,Other Operating Income,Forecast,9356.98
2025-09-01,Italy,Southern Europe,Industrial Solutions,Revenue,Actual,2053738.3
2025-09-01,Italy,Southern Europe,Industrial Solutions,Material Costs,Actual,-767973.78
2025-09-01,Italy,Southern Europe,Industrial Solutions,Production Costs,Actual,-249072.58
2025-09-01,Italy,Southern Europe,Industrial Solutions,Personnel Costs,Actual,-300962.7
2025-09-01,Italy,Southern Europe,Industrial Solutions,External Services,Actual,-103780.24
2025-09-01,Italy,Southern Europe,Industrial Solutions,Travel Expenses,Actual,-24659.02
2025-09-01,Italy,Southern Europe,Industrial Solutions,IT Expenses,Actual,-20273.89
2025-09-01,Italy,Southern Europe,Industrial Solutions,Other Operating Expenses,Actual,-37418.17
2025-09-01,Italy,Southern Europe,Industrial Solutions,Depreciation,Actual,-71880.84
2025-09-01,Italy,Southern Europe,Industrial Solutions,Other Operating Income,Actual,8807.86
2025-09-01,Italy,Southern Europe,Industrial Solutions,Revenue,Budget,2006818.36
2025-09-01,Italy,Southern Europe,Industrial Solutions,Material Costs,Budget,-742522.79
2025-09-01,Italy,Southern Europe,Industrial Solutions,Production Costs,Budget,-240818.2
2025-09-01,Italy,Southern Europe,Industrial Solutions,Personnel Costs,Budget,-290988.66
2025-09-01,Italy,Southern Europe,Industrial Solutions,External Services,Budget,-100340.92
2025-09-01,Italy,Southern Europe,Industrial Solutions,Travel Expenses,Budget,-23943.9
2025-09-01,Italy,Southern Europe,Industrial Solutions,IT Expenses,Budget,-20357.07
2025-09-01,Italy,Southern Europe,Industrial Solutions,Other Operating Expenses,Budget,-34954.82
2025-09-01,Italy,Southern Europe,Industrial Solutions,Depreciation,Budget,-70238.64
2025-09-01,Italy,Southern Europe,Industrial Solutions,Other Operating Income,Budget,7720.17
2025-09-01,Italy,Southern Europe,Industrial Solutions,Revenue,Forecast,2021859.84
2025-09-01,Italy,Southern Europe,Industrial Solutions,Material Costs,Forecast,-752328.96
2025-09-01,Italy,Southern Europe,Industrial Solutions,Production Costs,Forecast,-243998.58
2025-09-01,Italy,Southern Europe,Industrial Solutions,Personnel Costs,Forecast,-294831.62
2025-09-01,Italy,Southern Europe,Industrial Solutions,External Services,Forecast,-101666.08
2025-09-01,Italy,Southern Europe,Industrial Solutions,Travel Expenses,Forecast,-25342.56
2025-09-01,Italy,Southern Europe,Industrial Solutions,IT Expenses,Forecast,-20362.4
2025-09-01,Italy,Southern Europe,Industrial Solutions,Other Operating Expenses,Forecast,-36108.65
2025-09-01,Italy,Southern Europe,Industrial Solutions,Depreciation,Forecast,-70765.09
2025-09-01,Italy,Southern Europe,Industrial Solutions,Other Operating Income,Forecast,8087.21
2025-09-01,Italy,Southern Europe,Services,Revenue,Actual,1302099.04
2025-09-01,Italy,Southern Europe,Services,Material Costs,Actual,-231728.83
2025-09-01,Italy,Southern Europe,Services,Production Costs,Actual,-102990.59
2025-09-01,Italy,Southern Europe,Services,Personnel Costs,Actual,-302534.86
2025-09-01,Italy,Southern Europe,Services,External Services,Actual,-96553.68
2025-09-01,Italy,Southern Europe,Services,Travel Expenses,Actual,-15404.85
2025-09-01,Italy,Southern Europe,Services,IT Expenses,Actual,-13090.23
2025-09-01,Italy,Southern Europe,Services,Other Operating Expenses,Actual,-23181.89
2025-09-01,Italy,Southern Europe,Services,Depreciation,Actual,-26041.98
2025-09-01,Italy,Southern Europe,Services,Other Operating Income,Actual,5194.62
2025-09-01,Italy,Southern Europe,Services,Revenue,Budget,1255986.96
2025-09-01,Italy,Southern Europe,Services,Material Costs,Budget,-226077.65
2025-09-01,Italy,Southern Europe,Services,Production Costs,Budget,-100478.96
2025-09-01,Italy,Southern Europe,Services,Personnel Costs,Budget,-295156.94
2025-09-01,Italy,Southern Europe,Services,External Services,Budget,-94199.02
2025-09-01,Italy,Southern Europe,Services,Travel Expenses,Budget,-16021.24
2025-09-01,Italy,Southern Europe,Services,IT Expenses,Budget,-12497.82
2025-09-01,Italy,Southern Europe,Services,Other Operating Expenses,Budget,-22405.23
2025-09-01,Italy,Southern Europe,Services,Depreciation,Budget,-25119.74
2025-09-01,Italy,Southern Europe,Services,Other Operating Income,Budget,4893.82
2025-09-01,Italy,Southern Europe,Services,Revenue,Forecast,1290393.21
2025-09-01,Italy,Southern Europe,Services,Material Costs,Forecast,-234345.03
2025-09-01,Italy,Southern Europe,Services,Production Costs,Forecast,-104153.35
2025-09-01,Italy,Southern Europe,Services,Personnel Costs,Forecast,-305950.45
2025-09-01,Italy,Southern Europe,Services,External Services,Forecast,-97643.76
2025-09-01,Italy,Southern Europe,Services,Travel Expenses,Forecast,-15400.53
2025-09-01,Italy,Southern Europe,Services,IT Expenses,Forecast,-12736.34
2025-09-01,Italy,Southern Europe,Services,Other Operating Expenses,Forecast,-23994.33
2025-09-01,Italy,Southern Europe,Services,Depreciation,Forecast,-25807.86
2025-09-01,Italy,Southern Europe,Services,Other Operating Income,Forecast,5454.67
2025-09-01,Italy,Southern Europe,Equipment,Revenue,Actual,1509635.9
2025-09-01,Italy,Southern Europe,Equipment,Material Costs,Actual,-638032.86
2025-09-01,Italy,Southern Europe,Equipment,Production Costs,Actual,-222569.6
2025-09-01,Italy,Southern Europe,Equipment,Personnel Costs,Actual,-178055.68
2025-09-01,Italy,Southern Europe,Equipment,External Services,Actual,-59351.89
2025-09-01,Italy,Southern Europe,Equipment,Travel Expenses,Actual,-18545.31
2025-09-01,Italy,Southern Europe,Equipment,IT Expenses,Actual,-14501.53
2025-09-01,Italy,Southern Europe,Equipment,Other Operating Expenses,Actual,-27779.82
2025-09-01,Italy,Southern Europe,Equipment,Depreciation,Actual,-67933.62
2025-09-01,Italy,Southern Europe,Equipment,Other Operating Income,Actual,5746.0
2025-09-01,Italy,Southern Europe,Equipment,Revenue,Budget,1603514.7
2025-09-01,Italy,Southern Europe,Equipment,Material Costs,Budget,-689511.32
2025-09-01,Italy,Southern Europe,Equipment,Production Costs,Budget,-240527.2
2025-09-01,Italy,Southern Europe,Equipment,Personnel Costs,Budget,-192421.76
2025-09-01,Italy,Southern Europe,Equipment,External Services,Budget,-64140.59
2025-09-01,Italy,Southern Europe,Equipment,Travel Expenses,Budget,-19664.02
2025-09-01,Italy,Southern Europe,Equipment,IT Expenses,Budget,-16039.72
2025-09-01,Italy,Southern Europe,Equipment,Other Operating Expenses,Budget,-28174.92
2025-09-01,Italy,Southern Europe,Equipment,Depreciation,Budget,-72158.16
2025-09-01,Italy,Southern Europe,Equipment,Other Operating Income,Budget,6309.63
2025-09-01,Italy,Southern Europe,Equipment,Revenue,Forecast,1564389.69
2025-09-01,Italy,Southern Europe,Equipment,Material Costs,Forecast,-678227.7
2025-09-01,Italy,Southern Europe,Equipment,Production Costs,Forecast,-236591.06
2025-09-01,Italy,Southern Europe,Equipment,Personnel Costs,Forecast,-189272.85
2025-09-01,Italy,Southern Europe,Equipment,External Services,Forecast,-63090.95
2025-09-01,Italy,Southern Europe,Equipment,Travel Expenses,Forecast,-18832.31
2025-09-01,Italy,Southern Europe,Equipment,IT Expenses,Forecast,-15826.75
2025-09-01,Italy,Southern Europe,Equipment,Other Operating Expenses,Forecast,-29550.38
2025-09-01,Italy,Southern Europe,Equipment,Depreciation,Forecast,-70397.54
2025-09-01,Italy,Southern Europe,Equipment,Other Operating Income,Forecast,5866.03
2025-09-01,Switzerland,DACH,Industrial Solutions,Revenue,Actual,1919665.98
2025-09-01,Switzerland,DACH,Industrial Solutions,Material Costs,Actual,-686654.15
2025-09-01,Switzerland,DACH,Industrial Solutions,Production Costs,Actual,-222698.64
2025-09-01,Switzerland,DACH,Industrial Solutions,Personnel Costs,Actual,-269094.2
2025-09-01,Switzerland,DACH,Industrial Solutions,External Services,Actual,-92791.1
2025-09-01,Switzerland,DACH,Industrial Solutions,Travel Expenses,Actual,-22905.29
2025-09-01,Switzerland,DACH,Industrial Solutions,IT Expenses,Actual,-19550.51
2025-09-01,Switzerland,DACH,Industrial Solutions,Other Operating Expenses,Actual,-34443.8
2025-09-01,Switzerland,DACH,Industrial Solutions,Depreciation,Actual,-67188.31
2025-09-01,Switzerland,DACH,Industrial Solutions,Other Operating Income,Actual,8142.81
2025-09-01,Switzerland,DACH,Industrial Solutions,Revenue,Budget,1949798.52
2025-09-01,Switzerland,DACH,Industrial Solutions,Material Costs,Budget,-721425.45
2025-09-01,Switzerland,DACH,Industrial Solutions,Production Costs,Budget,-233975.82
2025-09-01,Switzerland,DACH,Industrial Solutions,Personnel Costs,Budget,-282720.79
2025-09-01,Switzerland,DACH,Industrial Solutions,External Services,Budget,-97489.93
2025-09-01,Switzerland,DACH,Industrial Solutions,Travel Expenses,Budget,-22378.96
2025-09-01,Switzerland,DACH,Industrial Solutions,IT Expenses,Budget,-19493.27
2025-09-01,Switzerland,DACH,Industrial Solutions,Other Operating Expenses,Budget,-33997.51
2025-09-01,Switzerland,DACH,Industrial Solutions,Depreciation,Budget,-68242.95
2025-09-01,Switzerland,DACH,Industrial Solutions,Other Operating Income,Budget,7912.64
2025-09-01,Switzerland,DACH,Industrial Solutions,Revenue,Forecast,1919325.21
2025-09-01,Switzerland,DACH,Industrial Solutions,Material Costs,Forecast,-717708.21
2025-09-01,Switzerland,DACH,Industrial Solutions,Production Costs,Forecast,-232770.23
2025-09-01,Switzerland,DACH,Industrial Solutions,Personnel Costs,Forecast,-281264.03
2025-09-01,Switzerland,DACH,Industrial Solutions,External Services,Forecast,-96987.6
2025-09-01,Switzerland,DACH,Industrial Solutions,Travel Expenses,Forecast,-22741.17
2025-09-01,Switzerland,DACH,Industrial Solutions,IT Expenses,Forecast,-18193.59
2025-09-01,Switzerland,DACH,Industrial Solutions,Other Operating Expenses,Forecast,-34719.68
2025-09-01,Switzerland,DACH,Industrial Solutions,Depreciation,Forecast,-67176.38
2025-09-01,Switzerland,DACH,Industrial Solutions,Other Operating Income,Forecast,7811.42
2025-09-01,Switzerland,DACH,Services,Revenue,Actual,1247129.97
2025-09-01,Switzerland,DACH,Services,Material Costs,Actual,-228300.83
2025-09-01,Switzerland,DACH,Services,Production Costs,Actual,-101467.03
2025-09-01,Switzerland,DACH,Services,Personnel Costs,Actual,-298059.41
2025-09-01,Switzerland,DACH,Services,External Services,Actual,-95125.34
2025-09-01,Switzerland,DACH,Services,Travel Expenses,Actual,-15500.96
2025-09-01,Switzerland,DACH,Services,IT Expenses,Actual,-12027.67
2025-09-01,Switzerland,DACH,Services,Other Operating Expenses,Actual,-22627.73
2025-09-01,Switzerland,DACH,Services,Depreciation,Actual,-24942.6
2025-09-01,Switzerland,DACH,Services,Other Operating Income,Actual,4887.92
2025-09-01,Switzerland,DACH,Services,Revenue,Budget,1201224.65
2025-09-01,Switzerland,DACH,Services,Material Costs,Budget,-216220.44
2025-09-01,Switzerland,DACH,Services,Production Costs,Budget,-96097.97
2025-09-01,Switzerland,DACH,Services,Personnel Costs,Budget,-282287.79
2025-09-01,Switzerland,DACH,Services,External Services,Budget,-90091.85
2025-09-01,Switzerland,DACH,Services,Travel Expenses,Budget,-14379.44
2025-09-01,Switzerland,DACH,Services,IT Expenses,Budget,-12095.77
2025-09-01,Switzerland,DACH,Services,Other Operating Expenses,Budget,-21358.67
2025-09-01,Switzerland,DACH,Services,Depreciation,Budget,-24024.49
2025-09-01,Switzerland,DACH,Services,Other Operating Income,Budget,4675.03
2025-09-01,Switzerland,DACH,Services,Revenue,Forecast,1215963.63
2025-09-01,Switzerland,DACH,Services,Material Costs,Forecast,-218963.15
2025-09-01,Switzerland,DACH,Services,Production Costs,Forecast,-97316.96
2025-09-01,Switzerland,DACH,Services,Personnel Costs,Forecast,-285868.56
2025-09-01,Switzerland,DACH,Services,External Services,Forecast,-91234.65
2025-09-01,Switzerland,DACH,Services,Travel Expenses,Forecast,-14115.63
2025-09-01,Switzerland,DACH,Services,IT Expenses,Forecast,-11895.57
2025-09-01,Switzerland,DACH,Services,Other Operating Expenses,Forecast,-22259.09
2025-09-01,Switzerland,DACH,Services,Depreciation,Forecast,-24319.27
2025-09-01,Switzerland,DACH,Services,Other Operating Income,Forecast,4640.35
2025-09-01,Switzerland,DACH,Equipment,Revenue,Actual,1538721.03
2025-09-01,Switzerland,DACH,Equipment,Material Costs,Actual,-650442.28
2025-09-01,Switzerland,DACH,Equipment,Production Costs,Actual,-226898.47
2025-09-01,Switzerland,DACH,Equipment,Personnel Costs,Actual,-181518.77
2025-09-01,Switzerland,DACH,Equipment,External Services,Actual,-60506.26
2025-09-01,Switzerland,DACH,Equipment,Travel Expenses,Actual,-19126.12
2025-09-01,Switzerland,DACH,Equipment,IT Expenses,Actual,-15085.26
2025-09-01,Switzerland,DACH,Equipment,Other Operating Expenses,Actual,-27375.41
2025-09-01,Switzerland,DACH,Equipment,Depreciation,Actual,-69242.45
2025-09-01,Switzerland,DACH,Equipment,Other Operating Income,Actual,6268.64
2025-09-01,Switzerland,DACH,Equipment,Revenue,Budget,1526312.2
2025-09-01,Switzerland,DACH,Equipment,Material Costs,Budget,-656314.25
2025-09-01,Switzerland,DACH,Equipment,Production Costs,Budget,-228946.83
2025-09-01,Switzerland,DACH,Equipment,Personnel Costs,Budget,-183157.46
2025-09-01,Switzerland,DACH,Equipment,External Services,Budget,-61052.49
2025-09-01,Switzerland,DACH,Equipment,Travel Expenses,Budget,-18746.2
2025-09-01,Switzerland,DACH,Equipment,IT Expenses,Budget,-15186.34
2025-09-01,Switzerland,DACH,Equipment,Other Operating Expenses,Budget,-27063.23
2025-09-01,Switzerland,DACH,Equipment,Depreciation,Budget,-68684.05
2025-09-01,Switzerland,DACH,Equipment,Other Operating Income,Budget,6452.61
2025-09-01,Switzerland,DACH,Equipment,Revenue,Forecast,1511969.87
2025-09-01,Switzerland,DACH,Equipment,Material Costs,Forecast,-663713.53
2025-09-01,Switzerland,DACH,Equipment,Production Costs,Forecast,-231527.98
2025-09-01,Switzerland,DACH,Equipment,Personnel Costs,Forecast,-185222.38
2025-09-01,Switzerland,DACH,Equipment,External Services,Forecast,-61740.79
2025-09-01,Switzerland,DACH,Equipment,Travel Expenses,Forecast,-18676.44
2025-09-01,Switzerland,DACH,Equipment,IT Expenses,Forecast,-15145.5
2025-09-01,Switzerland,DACH,Equipment,Other Operating Expenses,Forecast,-26665.52
2025-09-01,Switzerland,DACH,Equipment,Depreciation,Forecast,-68038.64
2025-09-01,Switzerland,DACH,Equipment,Other Operating Income,Forecast,5846.98
2025-10-01,Austria,DACH,Industrial Solutions,Revenue,Actual,2665461.51
2025-10-01,Austria,DACH,Industrial Solutions,Material Costs,Actual,-1037336.97
2025-10-01,Austria,DACH,Industrial Solutions,Production Costs,Actual,-336433.61
2025-10-01,Austria,DACH,Industrial Solutions,Personnel Costs,Actual,-406523.95
2025-10-01,Austria,DACH,Industrial Solutions,External Services,Actual,-140180.67
2025-10-01,Austria,DACH,Industrial Solutions,Travel Expenses,Actual,-30543.23
2025-10-01,Austria,DACH,Industrial Solutions,IT Expenses,Actual,-27215.4
2025-10-01,Austria,DACH,Industrial Solutions,Other Operating Expenses,Actual,-46781.18
2025-10-01,Austria,DACH,Industrial Solutions,Depreciation,Actual,-93291.15
2025-10-01,Austria,DACH,Industrial Solutions,Other Operating Income,Actual,10498.09
2025-10-01,Austria,DACH,Industrial Solutions,Revenue,Budget,2643463.68
2025-10-01,Austria,DACH,Industrial Solutions,Material Costs,Budget,-978081.56
2025-10-01,Austria,DACH,Industrial Solutions,Production Costs,Budget,-317215.64
2025-10-01,Austria,DACH,Industrial Solutions,Personnel Costs,Budget,-383302.23
2025-10-01,Austria,DACH,Industrial Solutions,External Services,Budget,-132173.18
2025-10-01,Austria,DACH,Industrial Solutions,Travel Expenses,Budget,-31959.67
2025-10-01,Austria,DACH,Industrial Solutions,IT Expenses,Budget,-27489.73
2025-10-01,Austria,DACH,Industrial Solutions,Other Operating Expenses,Budget,-51281.78
2025-10-01,Austria,DACH,Industrial Solutions,Depreciation,Budget,-92521.23
2025-10-01,Austria,DACH,Industrial Solutions,Other Operating Income,Budget,10830.47
2025-10-01,Austria,DACH,Industrial Solutions,Revenue,Forecast,2685338.75
2025-10-01,Austria,DACH,Industrial Solutions,Material Costs,Forecast,-991391.1
2025-10-01,Austria,DACH,Industrial Solutions,Production Costs,Forecast,-321532.25
2025-10-01,Austria,DACH,Industrial Solutions,Personnel Costs,Forecast,-388518.13
2025-10-01,Austria,DACH,Industrial Solutions,External Services,Forecast,-133971.77
2025-10-01,Austria,DACH,Industrial Solutions,Travel Expenses,Forecast,-32740.78
2025-10-01,Austria,DACH,Industrial Solutions,IT Expenses,Forecast,-27330.12
2025-10-01,Austria,DACH,Industrial Solutions,Other Operating Expenses,Forecast,-47948.6
2025-10-01,Austria,DACH,Industrial Solutions,Depreciation,Forecast,-93986.86
2025-10-01,Austria,DACH,Industrial Solutions,Other Operating Income,Forecast,11512.68
2025-10-01,Austria,DACH,Services,Revenue,Actual,1670473.03
2025-10-01,Austria,DACH,Services,Material Costs,Actual,-303854.27
2025-10-01,Austria,DACH,Services,Production Costs,Actual,-135046.34
2025-10-01,Austria,DACH,Services,Personnel Costs,Actual,-396698.63
2025-10-01,Austria,DACH,Services,External Services,Actual,-126605.94
2025-10-01,Austria,DACH,Services,Travel Expenses,Actual,-20550.19
2025-10-01,Austria,DACH,Services,IT Expenses,Actual,-16498.51
2025-10-01,Austria,DACH,Services,Other Operating Expenses,Actual,-29648.83
2025-10-01,Austria,DACH,Services,Depreciation,Actual,-33409.46
2025-10-01,Austria,DACH,Services,Other Operating Income,Actual,6387.85
2025-10-01,Austria,DACH,Services,Revenue,Budget,1646402.96
2025-10-01,Austria,DACH,Services,Material Costs,Budget,-296352.53
2025-10-01,Austria,DACH,Services,Production Costs,Budget,-131712.24
2025-10-01,Austria,DACH,Services,Personnel Costs,Budget,-386904.69
2025-10-01,Austria,DACH,Services,External Services,Budget,-123480.22
2025-10-01,Austria,DACH,Services,Travel Expenses,Budget,-20017.33
2025-10-01,Austria,DACH,Services,IT Expenses,Budget,-16720.52
2025-10-01,Austria,DACH,Services,Other Operating Expenses,Budget,-29974.41
2025-10-01,Austria,DACH,Services,Depreciation,Budget,-32928.06
2025-10-01,Austria,DACH,Services,Other Operating Income,Budget,7026.71
2025-10-01,Austria,DACH,Services,Revenue,Forecast,1668483.06
2025-10-01,Austria,DACH,Services,Material Costs,Forecast,-300306.78
2025-10-01,Austria,DACH,Services,Production Costs,Forecast,-133469.68
2025-10-01,Austria,DACH,Services,Personnel Costs,Forecast,-392067.19
2025-10-01,Austria,DACH,Services,External Services,Forecast,-125127.83
2025-10-01,Austria,DACH,Services,Travel Expenses,Forecast,-20423.48
2025-10-01,Austria,DACH,Services,IT Expenses,Forecast,-16320.53
2025-10-01,Austria,DACH,Services,Other Operating Expenses,Forecast,-29742.05
2025-10-01,Austria,DACH,Services,Depreciation,Forecast,-33369.66
2025-10-01,Austria,DACH,Services,Other Operating Income,Forecast,6859.61
2025-10-01,Austria,DACH,Equipment,Revenue,Actual,2058304.27
2025-10-01,Austria,DACH,Equipment,Material Costs,Actual,-851485.19
2025-10-01,Austria,DACH,Equipment,Production Costs,Actual,-297029.72
2025-10-01,Austria,DACH,Equipment,Personnel Costs,Actual,-237623.77
2025-10-01,Austria,DACH,Equipment,External Services,Actual,-79207.92
2025-10-01,Austria,DACH,Equipment,Travel Expenses,Actual,-24435.1
2025-10-01,Austria,DACH,Equipment,IT Expenses,Actual,-20949.58
2025-10-01,Austria,DACH,Equipment,Other Operating Expenses,Actual,-37582.25
2025-10-01,Austria,DACH,Equipment,Depreciation,Actual,-92623.69
2025-10-01,Austria,DACH,Equipment,Other Operating Income,Actual,8398.1
2025-10-01,Austria,DACH,Equipment,Revenue,Budget,2100892.55
2025-10-01,Austria,DACH,Equipment,Material Costs,Budget,-903383.8
2025-10-01,Austria,DACH,Equipment,Production Costs,Budget,-315133.88
2025-10-01,Austria,DACH,Equipment,Personnel Costs,Budget,-252107.11
2025-10-01,Austria,DACH,Equipment,External Services,Budget,-84035.7
2025-10-01,Austria,DACH,Equipment,Travel Expenses,Budget,-25248.36
2025-10-01,Austria,DACH,Equipment,IT Expenses,Budget,-21011.89
2025-10-01,Austria,DACH,Equipment,Other Operating Expenses,Budget,-37191.8
2025-10-01,Austria,DACH,Equipment,Depreciation,Budget,-94540.16
2025-10-01,Austria,DACH,Equipment,Other Operating Income,Budget,8638.48
2025-10-01,Austria,DACH,Equipment,Revenue,Forecast,2076279.04
2025-10-01,Austria,DACH,Equipment,Material Costs,Forecast,-897310.12
2025-10-01,Austria,DACH,Equipment,Production Costs,Forecast,-313015.16
2025-10-01,Austria,DACH,Equipment,Personnel Costs,Forecast,-250412.13
2025-10-01,Austria,DACH,Equipment,External Services,Forecast,-83470.71
2025-10-01,Austria,DACH,Equipment,Travel Expenses,Forecast,-25283.11
2025-10-01,Austria,DACH,Equipment,IT Expenses,Forecast,-20544.35
2025-10-01,Austria,DACH,Equipment,Other Operating Expenses,Forecast,-35361.1
2025-10-01,Austria,DACH,Equipment,Depreciation,Forecast,-93432.56
2025-10-01,Austria,DACH,Equipment,Other Operating Income,Forecast,8669.6
2025-10-01,Germany,DACH,Industrial Solutions,Revenue,Actual,3439346.84
2025-10-01,Germany,DACH,Industrial Solutions,Material Costs,Actual,-1260086.86
2025-10-01,Germany,DACH,Industrial Solutions,Production Costs,Actual,-408676.82
2025-10-01,Germany,DACH,Industrial Solutions,Personnel Costs,Actual,-493817.82
2025-10-01,Germany,DACH,Industrial Solutions,External Services,Actual,-170282.01
2025-10-01,Germany,DACH,Industrial Solutions,Travel Expenses,Actual,-42584.54
2025-10-01,Germany,DACH,Industrial Solutions,IT Expenses,Actual,-34817.89
2025-10-01,Germany,DACH,Industrial Solutions,Other Operating Expenses,Actual,-62966.21
2025-10-01,Germany,DACH,Industrial Solutions,Depreciation,Actual,-120377.14
2025-10-01,Germany,DACH,Industrial Solutions,Other Operating Income,Actual,13005.71
2025-10-01,Germany,DACH,Industrial Solutions,Revenue,Budget,3526061.18
2025-10-01,Germany,DACH,Industrial Solutions,Material Costs,Budget,-1304642.64
2025-10-01,Germany,DACH,Industrial Solutions,Production Costs,Budget,-423127.34
2025-10-01,Germany,DACH,Industrial Solutions,Personnel Costs,Budget,-511278.87
2025-10-01,Germany,DACH,Industrial Solutions,External Services,Budget,-176303.06
2025-10-01,Germany,DACH,Industrial Solutions,Travel Expenses,Budget,-43851.15
2025-10-01,Germany,DACH,Industrial Solutions,IT Expenses,Budget,-35444.85
2025-10-01,Germany,DACH,Industrial Solutions,Other Operating Expenses,Budget,-62883.16
2025-10-01,Germany,DACH,Industrial Solutions,Depreciation,Budget,-123412.14
2025-10-01,Germany,DACH,Industrial Solutions,Other Operating Income,Budget,14185.14
2025-10-01,Germany,DACH,Industrial Solutions,Revenue,Forecast,3497665.69
2025-10-01,Germany,DACH,Industrial Solutions,Material Costs,Forecast,-1266552.02
2025-10-01,Germany,DACH,Industrial Solutions,Production Costs,Forecast,-410773.63
2025-10-01,Germany,DACH,Industrial Solutions,Personnel Costs,Forecast,-496351.47
2025-10-01,Germany,DACH,Industrial Solutions,External Services,Forecast,-171155.68
2025-10-01,Germany,DACH,Industrial Solutions,Travel Expenses,Forecast,-42486.55
2025-10-01,Germany,DACH,Industrial Solutions,IT Expenses,Forecast,-34256.58
2025-10-01,Germany,DACH,Industrial Solutions,Other Operating Expenses,Forecast,-60828.95
2025-10-01,Germany,DACH,Industrial Solutions,Depreciation,Forecast,-122418.3
2025-10-01,Germany,DACH,Industrial Solutions,Other Operating Income,Forecast,13138.71
2025-10-01,Germany,DACH,Services,Revenue,Actual,2265254.11
2025-10-01,Germany,DACH,Services,Material Costs,Actual,-426421.01
2025-10-01,Germany,DACH,Services,Production Costs,Actual,-189520.45
2025-10-01,Germany,DACH,Services,Personnel Costs,Actual,-556716.32
2025-10-01,Germany,DACH,Services,External Services,Actual,-177675.42
2025-10-01,Germany,DACH,Services,Travel Expenses,Actual,-25790.71
2025-10-01,Germany,DACH,Services,IT Expenses,Actual,-22146.7
2025-10-01,Germany,DACH,Services,Other Operating Expenses,Actual,-42034.32
2025-10-01,Germany,DACH,Services,Depreciation,Actual,-45305.08
2025-10-01,Germany,DACH,Services,Other Operating Income,Actual,9004.51
2025-10-01,Germany,DACH,Services,Revenue,Budget,2246120.11
2025-10-01,Germany,DACH,Services,Material Costs,Budget,-404301.62
2025-10-01,Germany,DACH,Services,Production Costs,Budget,-179689.61
2025-10-01,Germany,DACH,Services,Personnel Costs,Budget,-527838.23
2025-10-01,Germany,DACH,Services,External Services,Budget,-168459.01
2025-10-01,Germany,DACH,Services,Travel Expenses,Budget,-26510.09
2025-10-01,Germany,DACH,Services,IT Expenses,Budget,-22533.09
2025-10-01,Germany,DACH,Services,Other Operating Expenses,Budget,-40937.34
2025-10-01,Germany,DACH,Services,Depreciation,Budget,-44922.4
2025-10-01,Germany,DACH,Services,Other Operating Income,Budget,9386.05
2025-10-01,Germany,DACH,Services,Revenue,Forecast,2284332.43
2025-10-01,Germany,DACH,Services,Material Costs,Forecast,-418326.96
2025-10-01,Germany,DACH,Services,Production Costs,Forecast,-185923.09
2025-10-01,Germany,DACH,Services,Personnel Costs,Forecast,-546149.09
2025-10-01,Germany,DACH,Services,External Services,Forecast,-174302.9
2025-10-01,Germany,DACH,Services,Travel Expenses,Forecast,-27116.13
2025-10-01,Germany,DACH,Services,IT Expenses,Forecast,-22237.5
2025-10-01,Germany,DACH,Services,Other Operating Expenses,Forecast,-40692.96
2025-10-01,Germany,DACH,Services,Depreciation,Forecast,-45686.65
2025-10-01,Germany,DACH,Services,Other Operating Income,Forecast,9232.46
2025-10-01,Germany,DACH,Equipment,Revenue,Actual,2713542.39
2025-10-01,Germany,DACH,Equipment,Material Costs,Actual,-1165404.01
2025-10-01,Germany,DACH,Equipment,Production Costs,Actual,-406536.28
2025-10-01,Germany,DACH,Equipment,Personnel Costs,Actual,-325229.03
2025-10-01,Germany,DACH,Equipment,External Services,Actual,-108409.68
2025-10-01,Germany,DACH,Equipment,Travel Expenses,Actual,-32594.55
2025-10-01,Germany,DACH,Equipment,IT Expenses,Actual,-26723.78
2025-10-01,Germany,DACH,Equipment,Other Operating Expenses,Actual,-48562.42
2025-10-01,Germany,DACH,Equipment,Depreciation,Actual,-122109.41
2025-10-01,Germany,DACH,Equipment,Other Operating Income,Actual,10452.9
2025-10-01,Germany,DACH,Equipment,Revenue,Budget,2775127.53
2025-10-01,Germany,DACH,Equipment,Material Costs,Budget,-1193304.84
2025-10-01,Germany,DACH,Equipment,Production Costs,Budget,-416269.13
2025-10-01,Germany,DACH,Equipment,Personnel Costs,Budget,-333015.3
2025-10-01,Germany,DACH,Equipment,External Services,Budget,-111005.1
2025-10-01,Germany,DACH,Equipment,Travel Expenses,Budget,-34190.88
2025-10-01,Germany,DACH,Equipment,IT Expenses,Budget,-28325.87
2025-10-01,Germany,DACH,Equipment,Other Operating Expenses,Budget,-47646.76
2025-10-01,Germany,DACH,Equipment,Depreciation,Budget,-124880.74
2025-10-01,Germany,DACH,Equipment,Other Operating Income,Budget,10687.79
2025-10-01,Germany,DACH,Equipment,Revenue,Forecast,2748794.99
2025-10-01,Germany,DACH,Equipment,Material Costs,Forecast,-1160755.4
2025-10-01,Germany,DACH,Equipment,Production Costs,Forecast,-404914.67
2025-10-01,Germany,DACH,Equipment,Personnel Costs,Forecast,-323931.74
2025-10-01,Germany,DACH,Equipment,External Services,Forecast,-107977.25
2025-10-01,Germany,DACH,Equipment,Travel Expenses,Forecast,-32342.3
2025-10-01,Germany,DACH,Equipment,IT Expenses,Forecast,-27442.08
2025-10-01,Germany,DACH,Equipment,Other Operating Expenses,Forecast,-47685.16
2025-10-01,Germany,DACH,Equipment,Depreciation,Forecast,-123695.77
2025-10-01,Germany,DACH,Equipment,Other Operating Income,Forecast,10589.74
2025-10-01,France,Western Europe,Industrial Solutions,Revenue,Actual,2910654.05
2025-10-01,France,Western Europe,Industrial Solutions,Material Costs,Actual,-1057510.26
2025-10-01,France,Western Europe,Industrial Solutions,Production Costs,Actual,-342976.3
2025-10-01,France,Western Europe,Industrial Solutions,Personnel Costs,Actual,-414429.7
2025-10-01,France,Western Europe,Industrial Solutions,External Services,Actual,-142906.79
2025-10-01,France,Western Europe,Industrial Solutions,Travel Expenses,Actual,-35113.13
2025-10-01,France,Western Europe,Industrial Solutions,IT Expenses,Actual,-28788.3
2025-10-01,France,Western Europe,Industrial Solutions,Other Operating Expenses,Actual,-52035.96
2025-10-01,France,Western Europe,Industrial Solutions,Depreciation,Actual,-101872.89
2025-10-01,France,Western Europe,Industrial Solutions,Other Operating Income,Actual,12421.95
2025-10-01,France,Western Europe,Industrial Solutions,Revenue,Budget,2854877.68
2025-10-01,France,Western Europe,Industrial Solutions,Material Costs,Budget,-1056304.74
2025-10-01,France,Western Europe,Industrial Solutions,Production Costs,Budget,-342585.32
2025-10-01,France,Western Europe,Industrial Solutions,Personnel Costs,Budget,-413957.26
2025-10-01,France,Western Europe,Industrial Solutions,External Services,Budget,-142743.88
2025-10-01,France,Western Europe,Industrial Solutions,Travel Expenses,Budget,-35636.2
2025-10-01,France,Western Europe,Industrial Solutions,IT Expenses,Budget,-27806.75
2025-10-01,France,Western Europe,Industrial Solutions,Other Operating Expenses,Budget,-52453.75
2025-10-01,France,Western Europe,Industrial Solutions,Depreciation,Budget,-99920.72
2025-10-01,France,Western Europe,Industrial Solutions,Other Operating Income,Budget,11790.14
2025-10-01,France,Western Europe,Industrial Solutions,Revenue,Forecast,2887155.46
2025-10-01,France,Western Europe,Industrial Solutions,Material Costs,Forecast,-1053527.97
2025-10-01,France,Western Europe,Industrial Solutions,Production Costs,Forecast,-341684.75
2025-10-01,France,Western Europe,Industrial Solutions,Personnel Costs,Forecast,-412869.07
2025-10-01,France,Western Europe,Industrial Solutions,External Services,Forecast,-142368.64
2025-10-01,France,Western Europe,Industrial Solutions,Travel Expenses,Forecast,-35496.88
2025-10-01,France,Western Europe,Industrial Solutions,IT Expenses,Forecast,-29759.6
2025-10-01,France,Western Europe,Industrial Solutions,Other Operating Expenses,Forecast,-50510.37
2025-10-01,France,Western Europe,Industrial Solutions,Depreciation,Forecast,-101050.44
2025-10-01,France,Western Europe,Industrial Solutions,Other Operating Income,Forecast,11124.79
2025-10-01,France,Western Europe,Services,Revenue,Actual,1823218.76
2025-10-01,France,Western Europe,Services,Material Costs,Actual,-330973.74
2025-10-01,France,Western Europe,Services,Production Costs,Actual,-147099.44
2025-10-01,France,Western Europe,Services,Personnel Costs,Actual,-432104.6
2025-10-01,France,Western Europe,Services,External Services,Actual,-137905.72
2025-10-01,France,Western Europe,Services,Travel Expenses,Actual,-22135.06
2025-10-01,France,Western Europe,Services,IT Expenses,Actual,-17748.5
2025-10-01,France,Western Europe,Services,Other Operating Expenses,Actual,-33677.21
2025-10-01,France,Western Europe,Services,Depreciation,Actual,-36464.38
2025-10-01,France,Western Europe,Services,Other Operating Income,Actual,7634.06
2025-10-01,France,Western Europe,Services,Revenue,Budget,1828112.46
2025-10-01,France,Western Europe,Services,Material Costs,Budget,-329060.24
2025-10-01,France,Western Europe,Services,Production Costs,Budget,-146249.0
2025-10-01,France,Western Europe,Services,Personnel Costs,Budget,-429606.43
2025-10-01,France,Western Europe,Services,External Services,Budget,-137108.43
2025-10-01,France,Western Europe,Services,Travel Expenses,Budget,-21786.38
2025-10-01,France,Western Europe,Services,IT Expenses,Budget,-18265.23
2025-10-01,France,Western Europe,Services,Other Operating Expenses,Budget,-31646.46
2025-10-01,France,Western Europe,Services,Depreciation,Budget,-36562.25
2025-10-01,France,Western Europe,Services,Other Operating Income,Budget,7462.87
2025-10-01,France,Western Europe,Services,Revenue,Forecast,1833474.33
2025-10-01,France,Western Europe,Services,Material Costs,Forecast,-332290.9
2025-10-01,France,Western Europe,Services,Production Costs,Forecast,-147684.85
2025-10-01,France,Western Europe,Services,Personnel Costs,Forecast,-433824.23
2025-10-01,France,Western Europe,Services,External Services,Forecast,-138454.54
2025-10-01,France,Western Europe,Services,Travel Expenses,Forecast,-21960.64
2025-10-01,France,Western Europe,Services,IT Expenses,Forecast,-18747.04
2025-10-01,France,Western Europe,Services,Other Operating Expenses,Forecast,-32726.9
2025-10-01,France,Western Europe,Services,Depreciation,Forecast,-36669.49
2025-10-01,France,Western Europe,Services,Other Operating Income,Forecast,7499.53
2025-10-01,France,Western Europe,Equipment,Revenue,Actual,2137210.3
2025-10-01,France,Western Europe,Equipment,Material Costs,Actual,-924176.88
2025-10-01,France,Western Europe,Equipment,Production Costs,Actual,-322387.28
2025-10-01,France,Western Europe,Equipment,Personnel Costs,Actual,-257909.83
2025-10-01,France,Western Europe,Equipment,External Services,Actual,-85969.94
2025-10-01,France,Western Europe,Equipment,Travel Expenses,Actual,-25362.21
2025-10-01,France,Western Europe,Equipment,IT Expenses,Actual,-21315.91
2025-10-01,France,Western Europe,Equipment,Other Operating Expenses,Actual,-39264.23
2025-10-01,France,Western Europe,Equipment,Depreciation,Actual,-96174.46
2025-10-01,France,Western Europe,Equipment,Other Operating Income,Actual,8399.49
2025-10-01,France,Western Europe,Equipment,Revenue,Budget,2259680.31
2025-10-01,France,Western Europe,Equipment,Material Costs,Budget,-971662.53
2025-10-01,France,Western Europe,Equipment,Production Costs,Budget,-338952.05
2025-10-01,France,Western Europe,Equipment,Personnel Costs,Budget,-271161.64
2025-10-01,France,Western Europe,Equipment,External Services,Budget,-90387.21
2025-10-01,France,Western Europe,Equipment,Travel Expenses,Budget,-25809.24
2025-10-01,France,Western Europe,Equipment,IT Expenses,Budget,-23387.5
2025-10-01,France,Western Europe,Equipment,Other Operating Expenses,Budget,-42078.99
2025-10-01,France,Western Europe,Equipment,Depreciation,Budget,-101685.61
2025-10-01,France,Western Europe,Equipment,Other Operating Income,Budget,8571.51
2025-10-01,France,Western Europe,Equipment,Revenue,Forecast,2189263.88
2025-10-01,France,Western Europe,Equipment,Material Costs,Forecast,-949174.82
2025-10-01,France,Western Europe,Equipment,Production Costs,Forecast,-331107.5
2025-10-01,France,Western Europe,Equipment,Personnel Costs,Forecast,-264886.0
2025-10-01,France,Western Europe,Equipment,External Services,Forecast,-88295.33
2025-10-01,France,Western Europe,Equipment,Travel Expenses,Forecast,-25874.75
2025-10-01,France,Western Europe,Equipment,IT Expenses,Forecast,-22008.01
2025-10-01,France,Western Europe,Equipment,Other Operating Expenses,Forecast,-39696.61
2025-10-01,France,Western Europe,Equipment,Depreciation,Forecast,-98516.87
2025-10-01,France,Western Europe,Equipment,Other Operating Income,Forecast,8674.95
2025-10-01,Italy,Southern Europe,Industrial Solutions,Revenue,Actual,2050800.32
2025-10-01,Italy,Southern Europe,Industrial Solutions,Material Costs,Actual,-743016.53
2025-10-01,Italy,Southern Europe,Industrial Solutions,Production Costs,Actual,-240978.33
2025-10-01,Italy,Southern Europe,Industrial Solutions,Personnel Costs,Actual,-291182.15
2025-10-01,Italy,Southern Europe,Industrial Solutions,External Services,Actual,-100407.64
2025-10-01,Italy,Southern Europe,Industrial Solutions,Travel Expenses,Actual,-24560.01
2025-10-01,Italy,Southern Europe,Industrial Solutions,IT Expenses,Actual,-20214.43
2025-10-01,Italy,Southern Europe,Industrial Solutions,Other Operating Expenses,Actual,-37543.84
2025-10-01,Italy,Southern Europe,Industrial Solutions,Depreciation,Actual,-71778.01
2025-10-01,Italy,Southern Europe,Industrial Solutions,Other Operating Income,Actual,8691.21
2025-10-01,Italy,Southern Europe,Industrial Solutions,Revenue,Budget,2081827.72
2025-10-01,Italy,Southern Europe,Industrial Solutions,Material Costs,Budget,-770276.26
2025-10-01,Italy,Southern Europe,Industrial Solutions,Production Costs,Budget,-249819.33
2025-10-01,Italy,Southern Europe,Industrial Solutions,Personnel Costs,Budget,-301865.02
2025-10-01,Italy,Southern Europe,Industrial Solutions,External Services,Budget,-104091.39
2025-10-01,Italy,Southern Europe,Industrial Solutions,Travel Expenses,Budget,-24547.21
2025-10-01,Italy,Southern Europe,Industrial Solutions,IT Expenses,Budget,-20917.96
2025-10-01,Italy,Southern Europe,Industrial Solutions,Other Operating Expenses,Budget,-37941.02
2025-10-01,Italy,Southern Europe,Industrial Solutions,Depreciation,Budget,-72863.97
2025-10-01,Italy,Southern Europe,Industrial Solutions,Other Operating Income,Budget,8484.53
2025-10-01,Italy,Southern Europe,Industrial Solutions,Revenue,Forecast,2049628.9
2025-10-01,Italy,Southern Europe,Industrial Solutions,Material Costs,Forecast,-759053.91
2025-10-01,Italy,Southern Europe,Industrial Solutions,Production Costs,Forecast,-246179.65
2025-10-01,Italy,Southern Europe,Industrial Solutions,Personnel Costs,Forecast,-297467.07
2025-10-01,Italy,Southern Europe,Industrial Solutions,External Services,Forecast,-102574.85
2025-10-01,Italy,Southern Europe,Industrial Solutions,Travel Expenses,Forecast,-25143.55
2025-10-01,Italy,Southern Europe,Industrial Solutions,IT Expenses,Forecast,-20693.98
2025-10-01,Italy,Southern Europe,Industrial Solutions,Other Operating Expenses,Forecast,-35751.78
2025-10-01,Italy,Southern Europe,Industrial Solutions,Depreciation,Forecast,-71737.01
2025-10-01,Italy,Southern Europe,Industrial Solutions,Other Operating Income,Forecast,8483.55
2025-10-01,Italy,Southern Europe,Services,Revenue,Actual,1278405.94
2025-10-01,Italy,Southern Europe,Services,Material Costs,Actual,-234044.14
2025-10-01,Italy,Southern Europe,Services,Production Costs,Actual,-104019.62
2025-10-01,Italy,Southern Europe,Services,Personnel Costs,Actual,-305557.63
2025-10-01,Italy,Southern Europe,Services,External Services,Actual,-97518.39
2025-10-01,Italy,Southern Europe,Services,Travel Expenses,Actual,-15244.54
2025-10-01,Italy,Southern Europe,Services,IT Expenses,Actual,-13058.4
2025-10-01,Italy,Southern Europe,Services,Other Operating Expenses,Actual,-24371.2
2025-10-01,Italy,Southern Europe,Services,Depreciation,Actual,-25568.12
2025-10-01,Italy,Southern Europe,Services,Other Operating Income,Actual,4952.85
2025-10-01,Italy,Southern Europe,Services,Revenue,Budget,1327481.44
2025-10-01,Italy,Southern Europe,Services,Material Costs,Budget,-238946.66
2025-10-01,Italy,Southern Europe,Services,Production Costs,Budget,-106198.51
2025-10-01,Italy,Southern Europe,Services,Personnel Costs,Budget,-311958.14
2025-10-01,Italy,Southern Europe,Services,External Services,Budget,-99561.11
2025-10-01,Italy,Southern Europe,Services,Travel Expenses,Budget,-15269.79
2025-10-01,Italy,Southern Europe,Services,IT Expenses,Budget,-13355.48
2025-10-01,Italy,Southern Europe,Services,Other Operating Expenses,Budget,-24325.7
2025-10-01,Italy,Southern Europe,Services,Depreciation,Budget,-26549.63
2025-10-01,Italy,Southern Europe,Services,Other Operating Income,Budget,5260.89
2025-10-01,Italy,Southern Europe,Services,Revenue,Forecast,1300884.61
2025-10-01,Italy,Southern Europe,Services,Material Costs,Forecast,-238242.76
2025-10-01,Italy,Southern Europe,Services,Production Costs,Forecast,-105885.67
2025-10-01,Italy,Southern Europe,Services,Personnel Costs,Forecast,-311039.16
2025-10-01,Italy,Southern Europe,Services,External Services,Forecast,-99267.82
2025-10-01,Italy,Southern Europe,Services,Travel Expenses,Forecast,-14983.72
2025-10-01,Italy,Southern Europe,Services,IT Expenses,Forecast,-13189.13
2025-10-01,Italy,Southern Europe,Services,Other Operating Expenses,Forecast,-23061.25
2025-10-01,Italy,Southern Europe,Services,Depreciation,Forecast,-26017.69
2025-10-01,Italy,Southern Europe,Services,Other Operating Income,Forecast,5561.41
2025-10-01,Italy,Southern Europe,Equipment,Revenue,Actual,1619117.92
2025-10-01,Italy,Southern Europe,Equipment,Material Costs,Actual,-711182.28
2025-10-01,Italy,Southern Europe,Equipment,Production Costs,Actual,-248086.84
2025-10-01,Italy,Southern Europe,Equipment,Personnel Costs,Actual,-198469.47
2025-10-01,Italy,Southern Europe,Equipment,External Services,Actual,-66156.49
2025-10-01,Italy,Southern Europe,Equipment,Travel Expenses,Actual,-19203.76
2025-10-01,Italy,Southern Europe,Equipment,IT Expenses,Actual,-16176.47
2025-10-01,Italy,Southern Europe,Equipment,Other Operating Expenses,Actual,-29162.62
2025-10-01,Italy,Southern Europe,Equipment,Depreciation,Actual,-72860.31
2025-10-01,Italy,Southern Europe,Equipment,Other Operating Income,Actual,5979.16
2025-10-01,Italy,Southern Europe,Equipment,Revenue,Budget,1703542.45
2025-10-01,Italy,Southern Europe,Equipment,Material Costs,Budget,-732523.25
2025-10-01,Italy,Southern Europe,Equipment,Production Costs,Budget,-255531.37
2025-10-01,Italy,Southern Europe,Equipment,Personnel Costs,Budget,-204425.09
2025-10-01,Italy,Southern Europe,Equipment,External Services,Budget,-68141.7
2025-10-01,Italy,Southern Europe,Equipment,Travel Expenses,Budget,-20434.02
2025-10-01,Italy,Southern Europe,Equipment,IT Expenses,Budget,-16800.43
2025-10-01,Italy,Southern Europe,Equipment,Other Operating Expenses,Budget,-30285.74
2025-10-01,Italy,Southern Europe,Equipment,Depreciation,Budget,-76659.41
2025-10-01,Italy,Southern Europe,Equipment,Other Operating Income,Budget,7207.66
2025-10-01,Italy,Southern Europe,Equipment,Revenue,Forecast,1649823.55
2025-10-01,Italy,Southern Europe,Equipment,Material Costs,Forecast,-698727.37
2025-10-01,Italy,Southern Europe,Equipment,Production Costs,Forecast,-243742.11
2025-10-01,Italy,Southern Europe,Equipment,Personnel Costs,Forecast,-194993.68
2025-10-01,Italy,Southern Europe,Equipment,External Services,Forecast,-64997.89
2025-10-01,Italy,Southern Europe,Equipment,Travel Expenses,Forecast,-20280.87
2025-10-01,Italy,Southern Europe,Equipment,IT Expenses,Forecast,-16406.19
2025-10-01,Italy,Southern Europe,Equipment,Other Operating Expenses,Forecast,-29489.12
2025-10-01,Italy,Southern Europe,Equipment,Depreciation,Forecast,-74242.06
2025-10-01,Italy,Southern Europe,Equipment,Other Operating Income,Forecast,6807.93
2025-10-01,Switzerland,DACH,Industrial Solutions,Revenue,Actual,2009592.64
2025-10-01,Switzerland,DACH,Industrial Solutions,Material Costs,Actual,-737390.67
2025-10-01,Switzerland,DACH,Industrial Solutions,Production Costs,Actual,-239153.73
2025-10-01,Switzerland,DACH,Industrial Solutions,Personnel Costs,Actual,-288977.43
2025-10-01,Switzerland,DACH,Industrial Solutions,External Services,Actual,-99647.39
2025-10-01,Switzerland,DACH,Industrial Solutions,Travel Expenses,Actual,-23672.19
2025-10-01,Switzerland,DACH,Industrial Solutions,IT Expenses,Actual,-19659.78
2025-10-01,Switzerland,DACH,Industrial Solutions,Other Operating Expenses,Actual,-35426.23
2025-10-01,Switzerland,DACH,Industrial Solutions,Depreciation,Actual,-70335.74
2025-10-01,Switzerland,DACH,Industrial Solutions,Other Operating Income,Actual,8986.61
2025-10-01,Switzerland,DACH,Industrial Solutions,Revenue,Budget,1978283.81
2025-10-01,Switzerland,DACH,Industrial Solutions,Material Costs,Budget,-731965.01
2025-10-01,Switzerland,DACH,Industrial Solutions,Production Costs,Budget,-237394.06
2025-10-01,Switzerland,DACH,Industrial Solutions,Personnel Costs,Budget,-286851.15
2025-10-01,Switzerland,DACH,Industrial Solutions,External Services,Budget,-98914.19
2025-10-01,Switzerland,DACH,Industrial Solutions,Travel Expenses,Budget,-24625.84
2025-10-01,Switzerland,DACH,Industrial Solutions,IT Expenses,Budget,-19248.28
2025-10-01,Switzerland,DACH,Industrial Solutions,Other Operating Expenses,Budget,-34431.82
2025-10-01,Switzerland,DACH,Industrial Solutions,Depreciation,Budget,-69239.93
2025-10-01,Switzerland,DACH,Industrial Solutions,Other Operating Income,Budget,8065.66
2025-10-01,Switzerland,DACH,Industrial Solutions,Revenue,Forecast,2010959.79
2025-10-01,Switzerland,DACH,Industrial Solutions,Material Costs,Forecast,-748941.47
2025-10-01,Switzerland,DACH,Industrial Solutions,Production Costs,Forecast,-242899.93
2025-10-01,Switzerland,DACH,Industrial Solutions,Personnel Costs,Forecast,-293504.09
2025-10-01,Switzerland,DACH,Industrial Solutions,External Services,Forecast,-101208.31
2025-10-01,Switzerland,DACH,Industrial Solutions,Travel Expenses,Forecast,-24528.88
2025-10-01,Switzerland,DACH,Industrial Solutions,IT Expenses,Forecast,-20007.06
2025-10-01,Switzerland,DACH,Industrial Solutions,Other Operating Expenses,Forecast,-36083.75
2025-10-01,Switzerland,DACH,Industrial Solutions,Depreciation,Forecast,-70383.59
2025-10-01,Switzerland,DACH,Industrial Solutions,Other Operating Income,Forecast,8149.34
2025-10-01,Switzerland,DACH,Services,Revenue,Actual,1135752.68
2025-10-01,Switzerland,DACH,Services,Material Costs,Actual,-200084.04
2025-10-01,Switzerland,DACH,Services,Production Costs,Actual,-88926.24
2025-10-01,Switzerland,DACH,Services,Personnel Costs,Actual,-261220.83
2025-10-01,Switzerland,DACH,Services,External Services,Actual,-83368.35
2025-10-01,Switzerland,DACH,Services,Travel Expenses,Actual,-13700.67
2025-10-01,Switzerland,DACH,Services,IT Expenses,Actual,-12035.63
2025-10-01,Switzerland,DACH,Services,Other Operating Expenses,Actual,-20631.36
2025-10-01,Switzerland,DACH,Services,Depreciation,Actual,-22715.05
2025-10-01,Switzerland,DACH,Services,Other Operating Income,Actual,4486.04
2025-10-01,Switzerland,DACH,Services,Revenue,Budget,1232671.73
2025-10-01,Switzerland,DACH,Services,Material Costs,Budget,-221880.91
2025-10-01,Switzerland,DACH,Services,Production Costs,Budget,-98613.74
2025-10-01,Switzerland,DACH,Services,Personnel Costs,Budget,-289677.86
2025-10-01,Switzerland,DACH,Services,External Services,Budget,-92450.38
2025-10-01,Switzerland,DACH,Services,Travel Expenses,Budget,-15201.12
2025-10-01,Switzerland,DACH,Services,IT Expenses,Budget,-12445.72
2025-10-01,Switzerland,DACH,Services,Other Operating Expenses,Budget,-22421.12
2025-10-01,Switzerland,DACH,Services,Depreciation,Budget,-24653.43
2025-10-01,Switzerland,DACH,Services,Other Operating Income,Budget,5050.37
2025-10-01,Switzerland,DACH,Services,Revenue,Forecast,1177198.11
2025-10-01,Switzerland,DACH,Services,Material Costs,Forecast,-217124.93
2025-10-01,Switzerland,DACH,Services,Production Costs,Forecast,-96499.97
2025-10-01,Switzerland,DACH,Services,Personnel Costs,Forecast,-283468.66
2025-10-01,Switzerland,DACH,Services,External Services,Forecast,-90468.72
2025-10-01,Switzerland,DACH,Services,Travel Expenses,Forecast,-13647.12
2025-10-01,Switzerland,DACH,Services,IT Expenses,Forecast,-11883.49
2025-10-01,Switzerland,DACH,Services,Other Operating Expenses,Forecast,-20698.83
2025-10-01,Switzerland,DACH,Services,Depreciation,Forecast,-23543.96
2025-10-01,Switzerland,DACH,Services,Other Operating Income,Forecast,4813.42
2025-10-01,Switzerland,DACH,Equipment,Revenue,Actual,1536991.54
2025-10-01,Switzerland,DACH,Equipment,Material Costs,Actual,-677029.45
2025-10-01,Switzerland,DACH,Equipment,Production Costs,Actual,-236173.06
2025-10-01,Switzerland,DACH,Equipment,Personnel Costs,Actual,-188938.45
2025-10-01,Switzerland,DACH,Equipment,External Services,Actual,-62979.48
2025-10-01,Switzerland,DACH,Equipment,Travel Expenses,Actual,-18952.09
2025-10-01,Switzerland,DACH,Equipment,IT Expenses,Actual,-14986.98
2025-10-01,Switzerland,DACH,Equipment,Other Operating Expenses,Actual,-27703.84
2025-10-01,Switzerland,DACH,Equipment,Depreciation,Actual,-69164.62
2025-10-01,Switzerland,DACH,Equipment,Other Operating Income,Actual,5973.47
2025-10-01,Switzerland,DACH,Equipment,Revenue,Budget,1542581.15
2025-10-01,Switzerland,DACH,Equipment,Material Costs,Budget,-663309.9
2025-10-01,Switzerland,DACH,Equipment,Production Costs,Budget,-231387.17
2025-10-01,Switzerland,DACH,Equipment,Personnel Costs,Budget,-185109.74
2025-10-01,Switzerland,DACH,Equipment,External Services,Budget,-61703.25
2025-10-01,Switzerland,DACH,Equipment,Travel Expenses,Budget,-17812.09
2025-10-01,Switzerland,DACH,Equipment,IT Expenses,Budget,-15358.86
2025-10-01,Switzerland,DACH,Equipment,Other Operating Expenses,Budget,-27552.32
2025-10-01,Switzerland,DACH,Equipment,Depreciation,Budget,-69416.15
2025-10-01,Switzerland,DACH,Equipment,Other Operating Income,Budget,6769.27
2025-10-01,Switzerland,DACH,Equipment,Revenue,Forecast,1535872.52
2025-10-01,Switzerland,DACH,Equipment,Material Costs,Forecast,-663856.43
2025-10-01,Switzerland,DACH,Equipment,Production Costs,Forecast,-231577.83
2025-10-01,Switzerland,DACH,Equipment,Personnel Costs,Forecast,-185262.26
2025-10-01,Switzerland,DACH,Equipment,External Services,Forecast,-61754.09
2025-10-01,Switzerland,DACH,Equipment,Travel Expenses,Forecast,-17668.77
2025-10-01,Switzerland,DACH,Equipment,IT Expenses,Forecast,-15185.24
2025-10-01,Switzerland,DACH,Equipment,Other Operating Expenses,Forecast,-28351.63
2025-10-01,Switzerland,DACH,Equipment,Depreciation,Forecast,-69114.26
2025-10-01,Switzerland,DACH,Equipment,Other Operating Income,Forecast,6656.7
2025-11-01,Austria,DACH,Industrial Solutions,Revenue,Actual,2503289.41
2025-11-01,Austria,DACH,Industrial Solutions,Material Costs,Actual,-967972.12
2025-11-01,Austria,DACH,Industrial Solutions,Production Costs,Actual,-313936.9
2025-11-01,Austria,DACH,Industrial Solutions,Personnel Costs,Actual,-379340.43
2025-11-01,Austria,DACH,Industrial Solutions,External Services,Actual,-130807.04
2025-11-01,Austria,DACH,Industrial Solutions,Travel Expenses,Actual,-29256.98
2025-11-01,Austria,DACH,Industrial Solutions,IT Expenses,Actual,-25300.56
2025-11-01,Austria,DACH,Industrial Solutions,Other Operating Expenses,Actual,-42090.09
2025-11-01,Austria,DACH,Industrial Solutions,Depreciation,Actual,-87615.13
2025-11-01,Austria,DACH,Industrial Solutions,Other Operating Income,Actual,10014.51
2025-11-01,Austria,DACH,Industrial Solutions,Revenue,Budget,2628602.39
2025-11-01,Austria,DACH,Industrial Solutions,Material Costs,Budget,-972582.88
2025-11-01,Austria,DACH,Industrial Solutions,Production Costs,Budget,-315432.29
2025-11-01,Austria,DACH,Industrial Solutions,Personnel Costs,Budget,-381147.35
2025-11-01,Austria,DACH,Industrial Solutions,External Services,Budget,-131430.12
2025-11-01,Austria,DACH,Industrial Solutions,Travel Expenses,Budget,-31853.44
2025-11-01,Austria,DACH,Industrial Solutions,IT Expenses,Budget,-26771.93
2025-11-01,Austria,DACH,Industrial Solutions,Other Operating Expenses,Budget,-46115.53
2025-11-01,Austria,DACH,Industrial Solutions,Depreciation,Budget,-92001.08
2025-11-01,Austria,DACH,Industrial Solutions,Other Operating Income,Budget,10550.45
2025-11-01,Austria,DACH,Industrial Solutions,Revenue,Forecast,2597992.83
2025-11-01,Austria,DACH,Industrial Solutions,Material Costs,Forecast,-950582.49
2025-11-01,Austria,DACH,Industrial Solutions,Production Costs,Forecast,-308297.02
2025-11-01,Austria,DACH,Industrial Solutions,Personnel Costs,Forecast,-372525.57
2025-11-01,Austria,DACH,Industrial Solutions,External Services,Forecast,-128457.09
2025-11-01,Austria,DACH,Industrial Solutions,Travel Expenses,Forecast,-31414.77
2025-11-01,Austria,DACH,Industrial Solutions,IT Expenses,Forecast,-25514.71
2025-11-01,Austria,DACH,Industrial Solutions,Other Operating Expenses,Forecast,-46286.76
2025-11-01,Austria,DACH,Industrial Solutions,Depreciation,Forecast,-90929.75
2025-11-01,Austria,DACH,Industrial Solutions,Other Operating Income,Forecast,9978.03
2025-11-01,Austria,DACH,Services,Revenue,Actual,1725069.19
2025-11-01,Austria,DACH,Services,Material Costs,Actual,-310809.29
2025-11-01,Austria,DACH,Services,Production Costs,Actual,-138137.46
2025-11-01,Austria,DACH,Services,Personnel Costs,Actual,-405778.79
2025-11-01,Austria,DACH,Services,External Services,Actual,-129503.87
2025-11-01,Austria,DACH,Services,Travel Expenses,Actual,-19801.22
2025-11-01,Austria,DACH,Services,IT Expenses,Actual,-17147.3
2025-11-01,Austria,DACH,Services,Other Operating Expenses,Actual,-31012.27
2025-11-01,Austria,DACH,Services,Depreciation,Actual,-34501.38
2025-11-01,Austria,DACH,Services,Other Operating Income,Actual,7623.64
2025-11-01,Austria,DACH,Services,Revenue,Budget,1687835.89
2025-11-01,Austria,DACH,Services,Material Costs,Budget,-303810.46
2025-11-01,Austria,DACH,Services,Production Costs,Budget,-135026.87
2025-11-01,Austria,DACH,Services,Personnel Costs,Budget,-396641.43
2025-11-01,Austria,DACH,Services,External Services,Budget,-126587.69
2025-11-01,Austria,DACH,Services,Travel Expenses,Budget,-19578.38
2025-11-01,Austria,DACH,Services,IT Expenses,Budget,-17372.62
2025-11-01,Austria,DACH,Services,Other Operating Expenses,Budget,-31138.19
2025-11-01,Austria,DACH,Services,Depreciation,Budget,-33756.72
2025-11-01,Austria,DACH,Services,Other Operating Income,Budget,6827.13
2025-11-01,Austria,DACH,Services,Revenue,Forecast,1705107.75
2025-11-01,Austria,DACH,Services,Material Costs,Forecast,-313396.45
2025-11-01,Austria,DACH,Services,Production Costs,Forecast,-139287.31
2025-11-01,Austria,DACH,Services,Personnel Costs,Forecast,-409156.48
2025-11-01,Austria,DACH,Services,External Services,Forecast,-130581.86
2025-11-01,Austria,DACH,Services,Travel Expenses,Forecast,-20689.71
2025-11-01,Austria,DACH,Services,IT Expenses,Forecast,-17183.79
2025-11-01,Austria,DACH,Services,Other Operating Expenses,Forecast,-30651.18
2025-11-01,Austria,DACH,Services,Depreciation,Forecast,-34102.16
2025-11-01,Austria,DACH,Services,Other Operating Income,Forecast,7154.24
2025-11-01,Austria,DACH,Equipment,Revenue,Actual,2074895.18
2025-11-01,Austria,DACH,Equipment,Material Costs,Actual,-887677.42
2025-11-01,Austria,DACH,Equipment,Production Costs,Actual,-309654.91
2025-11-01,Austria,DACH,Equipment,Personnel Costs,Actual,-247723.93
2025-11-01,Austria,DACH,Equipment,External Services,Actual,-82574.64
2025-11-01,Austria,DACH,Equipment,Travel Expenses,Actual,-24301.14
2025-11-01,Austria,DACH,Equipment,IT Expenses,Actual,-20722.59
2025-11-01,Austria,DACH,Equipment,Other Operating Expenses,Actual,-38503.51
2025-11-01,Austria,DACH,Equipment,Depreciation,Actual,-93370.28
2025-11-01,Austria,DACH,Equipment,Other Operating Income,Actual,8147.76
2025-11-01,Austria,DACH,Equipment,Revenue,Budget,2149261.94
2025-11-01,Austria,DACH,Equipment,Material Costs,Budget,-924182.63
2025-11-01,Austria,DACH,Equipment,Production Costs,Budget,-322389.29
2025-11-01,Austria,DACH,Equipment,Personnel Costs,Budget,-257911.43
2025-11-01,Austria,DACH,Equipment,External Services,Budget,-85970.48
2025-11-01,Austria,DACH,Equipment,Travel Expenses,Budget,-25758.01
2025-11-01,Austria,DACH,Equipment,IT Expenses,Budget,-21517.56
2025-11-01,Austria,DACH,Equipment,Other Operating Expenses,Budget,-39507.29
2025-11-01,Austria,DACH,Equipment,Depreciation,Budget,-96716.79
2025-11-01,Austria,DACH,Equipment,Other Operating Income,Budget,7824.38
2025-11-01,Austria,DACH,Equipment,Revenue,Forecast,2086108.64
2025-11-01,Austria,DACH,Equipment,Material Costs,Forecast,-890496.0
2025-11-01,Austria,DACH,Equipment,Production Costs,Forecast,-310638.14
2025-11-01,Austria,DACH,Equipment,Personnel Costs,Forecast,-248510.51
2025-11-01,Austria,DACH,Equipment,External Services,Forecast,-82836.84
2025-11-01,Austria,DACH,Equipment,Travel Expenses,Forecast,-25191.98
2025-11-01,Austria,DACH,Equipment,IT Expenses,Forecast,-21361.79
2025-11-01,Austria,DACH,Equipment,Other Operating Expenses,Forecast,-37088.18
2025-11-01,Austria,DACH,Equipment,Depreciation,Forecast,-93874.89
2025-11-01,Austria,DACH,Equipment,Other Operating Income,Forecast,7718.08
2025-11-01,Germany,DACH,Industrial Solutions,Revenue,Actual,3537016.07
2025-11-01,Germany,DACH,Industrial Solutions,Material Costs,Actual,-1288268.99
2025-11-01,Germany,DACH,Industrial Solutions,Production Costs,Actual,-417816.97
2025-11-01,Germany,DACH,Industrial Solutions,Personnel Costs,Actual,-504862.17
2025-11-01,Germany,DACH,Industrial Solutions,External Services,Actual,-174090.4
2025-11-01,Germany,DACH,Industrial Solutions,Travel Expenses,Actual,-42209.23
2025-11-01,Germany,DACH,Industrial Solutions,IT Expenses,Actual,-34942.36
2025-11-01,Germany,DACH,Industrial Solutions,Other Operating Expenses,Actual,-60155.78
2025-11-01,Germany,DACH,Industrial Solutions,Depreciation,Actual,-123795.56
2025-11-01,Germany,DACH,Industrial Solutions,Other Operating Income,Actual,14655.73
2025-11-01,Germany,DACH,Industrial Solutions,Revenue,Budget,3644361.38
2025-11-01,Germany,DACH,Industrial Solutions,Material Costs,Budget,-1348413.71
2025-11-01,Germany,DACH,Industrial Solutions,Production Costs,Budget,-437323.37
2025-11-01,Germany,DACH,Industrial Solutions,Personnel Costs,Budget,-528432.4
2025-11-01,Germany,DACH,Industrial Solutions,External Services,Budget,-182218.07
2025-11-01,Germany,DACH,Industrial Solutions,Travel Expenses,Budget,-45404.93
2025-11-01,Germany,DACH,Industrial Solutions,IT Expenses,Budget,-36918.49
2025-11-01,Germany,DACH,Industrial Solutions,Other Operating Expenses,Budget,-63732.74
2025-11-01,Germany,DACH,Industrial Solutions,Depreciation,Budget,-127552.65
2025-11-01,Germany,DACH,Industrial Solutions,Other Operating Income,Budget,14459.96
2025-11-01,Germany,DACH,Industrial Solutions,Revenue,Forecast,3551198.76
2025-11-01,Germany,DACH,Industrial Solutions,Material Costs,Forecast,-1313840.72
2025-11-01,Germany,DACH,Industrial Solutions,Production Costs,Forecast,-426110.5
2025-11-01,Germany,DACH,Industrial Solutions,Personnel Costs,Forecast,-514883.52
2025-11-01,Germany,DACH,Industrial Solutions,External Services,Forecast,-177546.04
2025-11-01,Germany,DACH,Industrial Solutions,Travel Expenses,Forecast,-43379.9
2025-11-01,Germany,DACH,Industrial Solutions,IT Expenses,Forecast,-35986.67
2025-11-01,Germany,DACH,Industrial Solutions,Other Operating Expenses,Forecast,-62748.34
2025-11-01,Germany,DACH,Industrial Solutions,Depreciation,Forecast,-124291.96
2025-11-01,Germany,DACH,Industrial Solutions,Other Operating Income,Forecast,14251.38
2025-11-01,Germany,DACH,Services,Revenue,Actual,2483039.7
2025-11-01,Germany,DACH,Services,Material Costs,Actual,-483109.64
2025-11-01,Germany,DACH,Services,Production Costs,Actual,-214715.4
2025-11-01,Germany,DACH,Services,Personnel Costs,Actual,-630726.47
2025-11-01,Germany,DACH,Services,External Services,Actual,-201295.68
2025-11-01,Germany,DACH,Services,Travel Expenses,Actual,-29871.41
2025-11-01,Germany,DACH,Services,IT Expenses,Actual,-25530.84
2025-11-01,Germany,DACH,Services,Other Operating Expenses,Actual,-45152.57
2025-11-01,Germany,DACH,Services,Depreciation,Actual,-49660.79
2025-11-01,Germany,DACH,Services,Other Operating Income,Actual,9590.06
2025-11-01,Germany,DACH,Services,Revenue,Budget,2273318.95
2025-11-01,Germany,DACH,Services,Material Costs,Budget,-409197.41
2025-11-01,Germany,DACH,Services,Production Costs,Budget,-181865.52
2025-11-01,Germany,DACH,Services,Personnel Costs,Budget,-534229.95
2025-11-01,Germany,DACH,Services,External Services,Budget,-170498.92
2025-11-01,Germany,DACH,Services,Travel Expenses,Budget,-28428.34
2025-11-01,Germany,DACH,Services,IT Expenses,Budget,-23050.5
2025-11-01,Germany,DACH,Services,Other Operating Expenses,Budget,-40466.51
2025-11-01,Germany,DACH,Services,Depreciation,Budget,-45466.38
2025-11-01,Germany,DACH,Services,Other Operating Income,Budget,8918.87
2025-11-01,Germany,DACH,Services,Revenue,Forecast,2402128.0
2025-11-01,Germany,DACH,Services,Material Costs,Forecast,-433921.85
2025-11-01,Germany,DACH,Services,Production Costs,Forecast,-192854.16
2025-11-01,Germany,DACH,Services,Personnel Costs,Forecast,-566509.08
2025-11-01,Germany,DACH,Services,External Services,Forecast,-180800.77
2025-11-01,Germany,DACH,Services,Travel Expenses,Forecast,-29226.08
2025-11-01,Germany,DACH,Services,IT Expenses,Forecast,-24116.06
2025-11-01,Germany,DACH,Services,Other Operating Expenses,Forecast,-43574.82
2025-11-01,Germany,DACH,Services,Depreciation,Forecast,-48042.56
2025-11-01,Germany,DACH,Services,Other Operating Income,Forecast,10261.87
2025-11-01,Germany,DACH,Equipment,Revenue,Actual,2882930.63
2025-11-01,Germany,DACH,Equipment,Material Costs,Actual,-1207660.7
2025-11-01,Germany,DACH,Equipment,Production Costs,Actual,-421276.99
2025-11-01,Germany,DACH,Equipment,Personnel Costs,Actual,-337021.59
2025-11-01,Germany,DACH,Equipment,External Services,Actual,-112340.53
2025-11-01,Germany,DACH,Equipment,Travel Expenses,Actual,-35008.16
2025-11-01,Germany,DACH,Equipment,IT Expenses,Actual,-29872.53
2025-11-01,Germany,DACH,Equipment,Other Operating Expenses,Actual,-51609.88
2025-11-01,Germany,DACH,Equipment,Depreciation,Actual,-129731.88
2025-11-01,Germany,DACH,Equipment,Other Operating Income,Actual,11140.74
2025-11-01,Germany,DACH,Equipment,Revenue,Budget,2900647.01
2025-11-01,Germany,DACH,Equipment,Material Costs,Budget,-1247278.22
2025-11-01,Germany,DACH,Equipment,Production Costs,Budget,-435097.05
2025-11-01,Germany,DACH,Equipment,Personnel Costs,Budget,-348077.64
2025-11-01,Germany,DACH,Equipment,External Services,Budget,-116025.88
2025-11-01,Germany,DACH,Equipment,Travel Expenses,Budget,-34126.83
2025-11-01,Germany,DACH,Equipment,IT Expenses,Budget,-28374.34
2025-11-01,Germany,DACH,Equipment,Other Operating Expenses,Budget,-51187.3
2025-11-01,Germany,DACH,Equipment,Depreciation,Budget,-130529.12
2025-11-01,Germany,DACH,Equipment,Other Operating Income,Budget,11430.63
2025-11-01,Germany,DACH,Equipment,Revenue,Forecast,2912672.9
2025-11-01,Germany,DACH,Equipment,Material Costs,Forecast,-1231324.53
2025-11-01,Germany,DACH,Equipment,Production Costs,Forecast,-429531.81
2025-11-01,Germany,DACH,Equipment,Personnel Costs,Forecast,-343625.45
2025-11-01,Germany,DACH,Equipment,External Services,Forecast,-114541.82
2025-11-01,Germany,DACH,Equipment,Travel Expenses,Forecast,-34968.45
2025-11-01,Germany,DACH,Equipment,IT Expenses,Forecast,-29652.34
2025-11-01,Germany,DACH,Equipment,Other Operating Expenses,Forecast,-51238.31
2025-11-01,Germany,DACH,Equipment,Depreciation,Forecast,-131070.28
2025-11-01,Germany,DACH,Equipment,Other Operating Income,Forecast,12358.72
2025-11-01,France,Western Europe,Industrial Solutions,Revenue,Actual,3053879.43
2025-11-01,France,Western Europe,Industrial Solutions,Material Costs,Actual,-1154074.35
2025-11-01,France,Western Europe,Industrial Solutions,Production Costs,Actual,-374294.38
2025-11-01,France,Western Europe,Industrial Solutions,Personnel Costs,Actual,-452272.38
2025-11-01,France,Western Europe,Industrial Solutions,External Services,Actual,-155955.99
2025-11-01,France,Western Europe,Industrial Solutions,Travel Expenses,Actual,-35446.08
2025-11-01,France,Western Europe,Industrial Solutions,IT Expenses,Actual,-31082.54
2025-11-01,France,Western Europe,Industrial Solutions,Other Operating Expenses,Actual,-55205.98
2025-11-01,France,Western Europe,Industrial Solutions,Depreciation,Actual,-106885.78
2025-11-01,France,Western Europe,Industrial Solutions,Other Operating Income,Actual,12485.85
2025-11-01,France,Western Europe,Industrial Solutions,Revenue,Budget,2965627.08
2025-11-01,France,Western Europe,Industrial Solutions,Material Costs,Budget,-1097282.02
2025-11-01,France,Western Europe,Industrial Solutions,Production Costs,Budget,-355875.25
2025-11-01,France,Western Europe,Industrial Solutions,Personnel Costs,Budget,-430015.93
2025-11-01,France,Western Europe,Industrial Solutions,External Services,Budget,-148281.35
2025-11-01,France,Western Europe,Industrial Solutions,Travel Expenses,Budget,-34332.43
2025-11-01,France,Western Europe,Industrial Solutions,IT Expenses,Budget,-29125.38
2025-11-01,France,Western Europe,Industrial Solutions,Other Operating Expenses,Budget,-54178.31
2025-11-01,France,Western Europe,Industrial Solutions,Depreciation,Budget,-103796.95
2025-11-01,France,Western Europe,Industrial Solutions,Other Operating Income,Budget,11412.52
2025-11-01,France,Western Europe,Industrial Solutions,Revenue,Forecast,2998303.3
2025-11-01,France,Western Europe,Industrial Solutions,Material Costs,Forecast,-1115538.64
2025-11-01,France,Western Europe,Industrial Solutions,Production Costs,Forecast,-361796.32
2025-11-01,France,Western Europe,Industrial Solutions,Personnel Costs,Forecast,-437170.55
2025-11-01,France,Western Europe,Industrial Solutions,External Services,Forecast,-150748.46
2025-11-01,France,Western Europe,Industrial Solutions,Travel Expenses,Forecast,-34503.97
2025-11-01,France,Western Europe,Industrial Solutions,IT Expenses,Forecast,-30491.65
2025-11-01,France,Western Europe,Industrial Solutions,Other Operating Expenses,Forecast,-52306.49
2025-11-01,France,Western Europe,Industrial Solutions,Depreciation,Forecast,-104940.62
2025-11-01,France,Western Europe,Industrial Solutions,Other Operating Income,Forecast,12258.17
2025-11-01,France,Western Europe,Services,Revenue,Actual,1797298.63
2025-11-01,France,Western Europe,Services,Material Costs,Actual,-325620.17
2025-11-01,France,Western Europe,Services,Production Costs,Actual,-144720.08
2025-11-01,France,Western Europe,Services,Personnel Costs,Actual,-425115.22
2025-11-01,France,Western Europe,Services,External Services,Actual,-135675.07
2025-11-01,France,Western Europe,Services,Travel Expenses,Actual,-21218.94
2025-11-01,France,Western Europe,Services,IT Expenses,Actual,-17610.45
2025-11-01,France,Western Europe,Services,Other Operating Expenses,Actual,-30764.03
2025-11-01,France,Western Europe,Services,Depreciation,Actual,-35945.97
2025-11-01,France,Western Europe,Services,Other Operating Income,Actual,7289.74
2025-11-01,France,Western Europe,Services,Revenue,Budget,1856055.64
2025-11-01,France,Western Europe,Services,Material Costs,Budget,-334090.01
2025-11-01,France,Western Europe,Services,Production Costs,Budget,-148484.45
2025-11-01,France,Western Europe,Services,Personnel Costs,Budget,-436173.07
2025-11-01,France,Western Europe,Services,External Services,Budget,-139204.17
2025-11-01,France,Western Europe,Services,Travel Expenses,Budget,-21227.1
2025-11-01,France,Western Europe,Services,IT Expenses,Budget,-18595.95
2025-11-01,France,Western Europe,Services,Other Operating Expenses,Budget,-33188.96
2025-11-01,France,Western Europe,Services,Depreciation,Budget,-37121.11
2025-11-01,France,Western Europe,Services,Other Operating Income,Budget,7625.91
2025-11-01,France,Western Europe,Services,Revenue,Forecast,1832231.0
2025-11-01,France,Western Europe,Services,Material Costs,Forecast,-328606.2
2025-11-01,France,Western Europe,Services,Production Costs,Forecast,-146047.2
2025-11-01,France,Western Europe,Services,Personnel Costs,Forecast,-429013.65
2025-11-01,France,Western Europe,Services,External Services,Forecast,-136919.25
2025-11-01,France,Western Europe,Services,Travel Expenses,Forecast,-21769.47
2025-11-01,France,Western Europe,Services,IT Expenses,Forecast,-18590.5
2025-11-01,France,Western Europe,Services,Other Operating Expenses,Forecast,-33256.41
2025-11-01,France,Western Europe,Services,Depreciation,Forecast,-36644.62
2025-11-01,France,Western Europe,Services,Other Operating Income,Forecast,7421.61
2025-11-01,France,Western Europe,Equipment,Revenue,Actual,2064547.13
2025-11-01,France,Western Europe,Equipment,Material Costs,Actual,-901348.32
2025-11-01,France,Western Europe,Equipment,Production Costs,Actual,-314423.83
2025-11-01,France,Western Europe,Equipment,Personnel Costs,Actual,-251539.07
2025-11-01,France,Western Europe,Equipment,External Services,Actual,-83846.36
2025-11-01,France,Western Europe,Equipment,Travel Expenses,Actual,-24018.93
2025-11-01,France,Western Europe,Equipment,IT Expenses,Actual,-20544.69
2025-11-01,France,Western Europe,Equipment,Other Operating Expenses,Actual,-37125.33
2025-11-01,France,Western Europe,Equipment,Depreciation,Actual,-92904.62
2025-11-01,France,Western Europe,Equipment,Other Operating Income,Actual,8213.76
2025-11-01,France,Western Europe,Equipment,Revenue,Budget,2346625.35
2025-11-01,France,Western Europe,Equipment,Material Costs,Budget,-1009048.9
2025-11-01,France,Western Europe,Equipment,Production Costs,Budget,-351993.8
2025-11-01,France,Western Europe,Equipment,Personnel Costs,Budget,-281595.04
2025-11-01,France,Western Europe,Equipment,External Services,Budget,-93865.01
2025-11-01,France,Western Europe,Equipment,Travel Expenses,Budget,-28441.54
2025-11-01,France,Western Europe,Equipment,IT Expenses,Budget,-24138.03
2025-11-01,France,Western Europe,Equipment,Other Operating Expenses,Budget,-43381.58
2025-11-01,France,Western Europe,Equipment,Depreciation,Budget,-105598.14
2025-11-01,France,Western Europe,Equipment,Other Operating Income,Budget,8893.82
2025-11-01,France,Western Europe,Equipment,Revenue,Forecast,2204750.24
2025-11-01,France,Western Europe,Equipment,Material Costs,Forecast,-955119.59
2025-11-01,France,Western Europe,Equipment,Production Costs,Forecast,-333181.25
2025-11-01,France,Western Europe,Equipment,Personnel Costs,Forecast,-266545.0
2025-11-01,France,Western Europe,Equipment,External Services,Forecast,-88848.33
2025-11-01,France,Western Europe,Equipment,Travel Expenses,Forecast,-27511.79
2025-11-01,France,Western Europe,Equipment,IT Expenses,Forecast,-22218.07
2025-11-01,France,Western Europe,Equipment,Other Operating Expenses,Forecast,-40767.91
2025-11-01,France,Western Europe,Equipment,Depreciation,Forecast,-99213.76
2025-11-01,France,Western Europe,Equipment,Other Operating Income,Forecast,9528.85
2025-11-01,Italy,Southern Europe,Industrial Solutions,Revenue,Actual,2162385.32
2025-11-01,Italy,Southern Europe,Industrial Solutions,Material Costs,Actual,-802980.63
2025-11-01,Italy,Southern Europe,Industrial Solutions,Production Costs,Actual,-260426.15
2025-11-01,Italy,Southern Europe,Industrial Solutions,Personnel Costs,Actual,-314681.6
2025-11-01,Italy,Southern Europe,Industrial Solutions,External Services,Actual,-108510.9
2025-11-01,Italy,Southern Europe,Industrial Solutions,Travel Expenses,Actual,-25967.23
2025-11-01,Italy,Southern Europe,Industrial Solutions,IT Expenses,Actual,-21471.87
2025-11-01,Italy,Southern Europe,Industrial Solutions,Other Operating Expenses,Actual,-40444.25
2025-11-01,Italy,Southern Europe,Industrial Solutions,Depreciation,Actual,-75683.49
2025-11-01,Italy,Southern Europe,Industrial Solutions,Other Operating Income,Actual,8366.38
2025-11-01,Italy,Southern Europe,Industrial Solutions,Revenue,Budget,2170014.07
2025-11-01,Italy,Southern Europe,Industrial Solutions,Material Costs,Budget,-802905.21
2025-11-01,Italy,Southern Europe,Industrial Solutions,Production Costs,Budget,-260401.69
2025-11-01,Italy,Southern Europe,Industrial Solutions,Personnel Costs,Budget,-314652.04
2025-11-01,Italy,Southern Europe,Industrial Solutions,External Services,Budget,-108500.7
2025-11-01,Italy,Southern Europe,Industrial Solutions,Travel Expenses,Budget,-27237.26
2025-11-01,Italy,Southern Europe,Industrial Solutions,IT Expenses,Budget,-21917.08
2025-11-01,Italy,Southern Europe,Industrial Solutions,Other Operating Expenses,Budget,-37693.82
2025-11-01,Italy,Southern Europe,Industrial Solutions,Depreciation,Budget,-75950.49
2025-11-01,Italy,Southern Europe,Industrial Solutions,Other Operating Income,Budget,8807.7
2025-11-01,Italy,Southern Europe,Industrial Solutions,Revenue,Forecast,2183926.03
2025-11-01,Italy,Southern Europe,Industrial Solutions,Material Costs,Forecast,-787689.45
2025-11-01,Italy,Southern Europe,Industrial Solutions,Production Costs,Forecast,-255466.85
2025-11-01,Italy,Southern Europe,Industrial Solutions,Personnel Costs,Forecast,-308689.11
2025-11-01,Italy,Southern Europe,Industrial Solutions,External Services,Forecast,-106444.52
2025-11-01,Italy,Southern Europe,Industrial Solutions,Travel Expenses,Forecast,-26698.9
2025-11-01,Italy,Southern Europe,Industrial Solutions,IT Expenses,Forecast,-22225.92
2025-11-01,Italy,Southern Europe,Industrial Solutions,Other Operating Expenses,Forecast,-38728.52
2025-11-01,Italy,Southern Europe,Industrial Solutions,Depreciation,Forecast,-76437.41
2025-11-01,Italy,Southern Europe,Industrial Solutions,Other Operating Income,Forecast,8778.88
2025-11-01,Italy,Southern Europe,Services,Revenue,Actual,1316084.02
2025-11-01,Italy,Southern Europe,Services,Material Costs,Actual,-245670.09
2025-11-01,Italy,Southern Europe,Services,Production Costs,Actual,-109186.71
2025-11-01,Italy,Southern Europe,Services,Personnel Costs,Actual,-320735.96
2025-11-01,Italy,Southern Europe,Services,External Services,Actual,-102362.54
2025-11-01,Italy,Southern Europe,Services,Travel Expenses,Actual,-16722.86
2025-11-01,Italy,Southern Europe,Services,IT Expenses,Actual,-13161.81
2025-11-01,Italy,Southern Europe,Services,Other Operating Expenses,Actual,-24288.54
2025-11-01,Italy,Southern Europe,Services,Depreciation,Actual,-26321.68
2025-11-01,Italy,Southern Europe,Services,Other Operating Income,Actual,5546.82
2025-11-01,Italy,Southern Europe,Services,Revenue,Budget,1371218.16
2025-11-01,Italy,Southern Europe,Services,Material Costs,Budget,-246819.27
2025-11-01,Italy,Southern Europe,Services,Production Costs,Budget,-109697.45
2025-11-01,Italy,Southern Europe,Services,Personnel Costs,Budget,-322236.27
2025-11-01,Italy,Southern Europe,Services,External Services,Budget,-102841.36
2025-11-01,Italy,Southern Europe,Services,Travel Expenses,Budget,-16088.1
2025-11-01,Italy,Southern Europe,Services,IT Expenses,Budget,-13579.09
2025-11-01,Italy,Southern Europe,Services,Other Operating Expenses,Budget,-25441.44
2025-11-01,Italy,Southern Europe,Services,Depreciation,Budget,-27424.36
2025-11-01,Italy,Southern Europe,Services,Other Operating Income,Budget,5854.56
2025-11-01,Italy,Southern Europe,Services,Revenue,Forecast,1329535.32
2025-11-01,Italy,Southern Europe,Services,Material Costs,Forecast,-240932.84
2025-11-01,Italy,Southern Europe,Services,Production Costs,Forecast,-107081.26
2025-11-01,Italy,Southern Europe,Services,Personnel Costs,Forecast,-314551.2
2025-11-01,Italy,Southern Europe,Services,External Services,Forecast,-100388.68
2025-11-01,Italy,Southern Europe,Services,Travel Expenses,Forecast,-15533.32
2025-11-01,Italy,Southern Europe,Services,IT Expenses,Forecast,-13823.73
2025-11-01,Italy,Southern Europe,Services,Other Operating Expenses,Forecast,-23613.96
2025-11-01,Italy,Southern Europe,Services,Depreciation,Forecast,-26590.71
2025-11-01,Italy,Southern Europe,Services,Other Operating Income,Forecast,5246.85
2025-11-01,Italy,Southern Europe,Equipment,Revenue,Actual,1789393.71
2025-11-01,Italy,Southern Europe,Equipment,Material Costs,Actual,-777419.64
2025-11-01,Italy,Southern Europe,Equipment,Production Costs,Actual,-271192.9
2025-11-01,Italy,Southern Europe,Equipment,Personnel Costs,Actual,-216954.32
2025-11-01,Italy,Southern Europe,Equipment,External Services,Actual,-72318.11
2025-11-01,Italy,Southern Europe,Equipment,Travel Expenses,Actual,-21771.17
2025-11-01,Italy,Southern Europe,Equipment,IT Expenses,Actual,-17909.51
2025-11-01,Italy,Southern Europe,Equipment,Other Operating Expenses,Actual,-32658.52
2025-11-01,Italy,Southern Europe,Equipment,Depreciation,Actual,-80522.72
2025-11-01,Italy,Southern Europe,Equipment,Other Operating Income,Actual,6433.35
2025-11-01,Italy,Southern Europe,Equipment,Revenue,Budget,1704051.7
2025-11-01,Italy,Southern Europe,Equipment,Material Costs,Budget,-732742.23
2025-11-01,Italy,Southern Europe,Equipment,Production Costs,Budget,-255607.75
2025-11-01,Italy,Southern Europe,Equipment,Personnel Costs,Budget,-204486.2
2025-11-01,Italy,Southern Europe,Equipment,External Services,Budget,-68162.07
2025-11-01,Italy,Southern Europe,Equipment,Travel Expenses,Budget,-20266.66
2025-11-01,Italy,Southern Europe,Equipment,IT Expenses,Budget,-17122.76
2025-11-01,Italy,Southern Europe,Equipment,Other Operating Expenses,Budget,-29790.31
2025-11-01,Italy,Southern Europe,Equipment,Depreciation,Budget,-76682.33
2025-11-01,Italy,Southern Europe,Equipment,Other Operating Income,Budget,6921.54
2025-11-01,Italy,Southern Europe,Equipment,Revenue,Forecast,1762952.23
2025-11-01,Italy,Southern Europe,Equipment,Material Costs,Forecast,-756209.42
2025-11-01,Italy,Southern Europe,Equipment,Production Costs,Forecast,-263793.98
2025-11-01,Italy,Southern Europe,Equipment,Personnel Costs,Forecast,-211035.19
2025-11-01,Italy,Southern Europe,Equipment,External Services,Forecast,-70345.06
2025-11-01,Italy,Southern Europe,Equipment,Travel Expenses,Forecast,-22269.56
2025-11-01,Italy,Southern Europe,Equipment,IT Expenses,Forecast,-18184.15
2025-11-01,Italy,Southern Europe,Equipment,Other Operating Expenses,Forecast,-31363.6
2025-11-01,Italy,Southern Europe,Equipment,Depreciation,Forecast,-79332.85
2025-11-01,Italy,Southern Europe,Equipment,Other Operating Income,Forecast,7009.26
2025-11-01,Switzerland,DACH,Industrial Solutions,Revenue,Actual,1977930.5
2025-11-01,Switzerland,DACH,Industrial Solutions,Material Costs,Actual,-717960.86
2025-11-01,Switzerland,DACH,Industrial Solutions,Production Costs,Actual,-232852.17
2025-11-01,Switzerland,DACH,Industrial Solutions,Personnel Costs,Actual,-281363.04
2025-11-01,Switzerland,DACH,Industrial Solutions,External Services,Actual,-97021.74
2025-11-01,Switzerland,DACH,Industrial Solutions,Travel Expenses,Actual,-22930.11
2025-11-01,Switzerland,DACH,Industrial Solutions,IT Expenses,Actual,-20025.64
2025-11-01,Switzerland,DACH,Industrial Solutions,Other Operating Expenses,Actual,-36163.07
2025-11-01,Switzerland,DACH,Industrial Solutions,Depreciation,Actual,-69227.57
2025-11-01,Switzerland,DACH,Industrial Solutions,Other Operating Income,Actual,7657.18
2025-11-01,Switzerland,DACH,Industrial Solutions,Revenue,Budget,2007916.65
2025-11-01,Switzerland,DACH,Industrial Solutions,Material Costs,Budget,-742929.16
2025-11-01,Switzerland,DACH,Industrial Solutions,Production Costs,Budget,-240950.0
2025-11-01,Switzerland,DACH,Industrial Solutions,Personnel Costs,Budget,-291147.91
2025-11-01,Switzerland,DACH,Industrial Solutions,External Services,Budget,-100395.83
2025-11-01,Switzerland,DACH,Industrial Solutions,Travel Expenses,Budget,-24742.21
2025-11-01,Switzerland,DACH,Industrial Solutions,IT Expenses,Budget,-19825.54
2025-11-01,Switzerland,DACH,Industrial Solutions,Other Operating Expenses,Budget,-36371.25
2025-11-01,Switzerland,DACH,Industrial Solutions,Depreciation,Budget,-70277.08
2025-11-01,Switzerland,DACH,Industrial Solutions,Other Operating Income,Budget,8295.22
2025-11-01,Switzerland,DACH,Industrial Solutions,Revenue,Forecast,1994531.29
2025-11-01,Switzerland,DACH,Industrial Solutions,Material Costs,Forecast,-737678.91
2025-11-01,Switzerland,DACH,Industrial Solutions,Production Costs,Forecast,-239247.21
2025-11-01,Switzerland,DACH,Industrial Solutions,Personnel Costs,Forecast,-289090.38
2025-11-01,Switzerland,DACH,Industrial Solutions,External Services,Forecast,-99686.34
2025-11-01,Switzerland,DACH,Industrial Solutions,Travel Expenses,Forecast,-24260.89
2025-11-01,Switzerland,DACH,Industrial Solutions,IT Expenses,Forecast,-19739.31
2025-11-01,Switzerland,DACH,Industrial Solutions,Other Operating Expenses,Forecast,-35725.23
2025-11-01,Switzerland,DACH,Industrial Solutions,Depreciation,Forecast,-69808.6
2025-11-01,Switzerland,DACH,Industrial Solutions,Other Operating Income,Forecast,7912.43
2025-11-01,Switzerland,DACH,Services,Revenue,Actual,1248291.12
2025-11-01,Switzerland,DACH,Services,Material Costs,Actual,-221933.44
2025-11-01,Switzerland,DACH,Services,Production Costs,Actual,-98637.08
2025-11-01,Switzerland,DACH,Services,Personnel Costs,Actual,-289746.43
2025-11-01,Switzerland,DACH,Services,External Services,Actual,-92472.27
2025-11-01,Switzerland,DACH,Services,Travel Expenses,Actual,-14851.47
2025-11-01,Switzerland,DACH,Services,IT Expenses,Actual,-12418.95
2025-11-01,Switzerland,DACH,Services,Other Operating Expenses,Actual,-22333.58
2025-11-01,Switzerland,DACH,Services,Depreciation,Actual,-24965.82
2025-11-01,Switzerland,DACH,Services,Other Operating Income,Actual,4980.83
2025-11-01,Switzerland,DACH,Services,Revenue,Budget,1244809.51
2025-11-01,Switzerland,DACH,Services,Material Costs,Budget,-224065.71
2025-11-01,Switzerland,DACH,Services,Production Costs,Budget,-99584.76
2025-11-01,Switzerland,DACH,Services,Personnel Costs,Budget,-292530.24
2025-11-01,Switzerland,DACH,Services,External Services,Budget,-93360.71
2025-11-01,Switzerland,DACH,Services,Travel Expenses,Budget,-15152.57
2025-11-01,Switzerland,DACH,Services,IT Expenses,Budget,-12665.82
2025-11-01,Switzerland,DACH,Services,Other Operating Expenses,Budget,-22042.6
2025-11-01,Switzerland,DACH,Services,Depreciation,Budget,-24896.19
2025-11-01,Switzerland,DACH,Services,Other Operating Income,Budget,4739.6
2025-11-01,Switzerland,DACH,Services,Revenue,Forecast,1231278.79
2025-11-01,Switzerland,DACH,Services,Material Costs,Forecast,-218858.8
2025-11-01,Switzerland,DACH,Services,Production Costs,Forecast,-97270.58
2025-11-01,Switzerland,DACH,Services,Personnel Costs,Forecast,-285732.32
2025-11-01,Switzerland,DACH,Services,External Services,Forecast,-91191.17
2025-11-01,Switzerland,DACH,Services,Travel Expenses,Forecast,-14559.39
2025-11-01,Switzerland,DACH,Services,IT Expenses,Forecast,-12226.13
2025-11-01,Switzerland,DACH,Services,Other Operating Expenses,Forecast,-21736.38
2025-11-01,Switzerland,DACH,Services,Depreciation,Forecast,-24625.58
2025-11-01,Switzerland,DACH,Services,Other Operating Income,Forecast,4669.77
2025-11-01,Switzerland,DACH,Equipment,Revenue,Actual,1601115.32
2025-11-01,Switzerland,DACH,Equipment,Material Costs,Actual,-678885.23
2025-11-01,Switzerland,DACH,Equipment,Production Costs,Actual,-236820.43
2025-11-01,Switzerland,DACH,Equipment,Personnel Costs,Actual,-189456.34
2025-11-01,Switzerland,DACH,Equipment,External Services,Actual,-63152.11
2025-11-01,Switzerland,DACH,Equipment,Travel Expenses,Actual,-18975.33
2025-11-01,Switzerland,DACH,Equipment,IT Expenses,Actual,-15714.4
2025-11-01,Switzerland,DACH,Equipment,Other Operating Expenses,Actual,-28797.42
2025-11-01,Switzerland,DACH,Equipment,Depreciation,Actual,-72050.19
2025-11-01,Switzerland,DACH,Equipment,Other Operating Income,Actual,6187.11
2025-11-01,Switzerland,DACH,Equipment,Revenue,Budget,1582304.17
2025-11-01,Switzerland,DACH,Equipment,Material Costs,Budget,-680390.79
2025-11-01,Switzerland,DACH,Equipment,Production Costs,Budget,-237345.63
2025-11-01,Switzerland,DACH,Equipment,Personnel Costs,Budget,-189876.5
2025-11-01,Switzerland,DACH,Equipment,External Services,Budget,-63292.17
2025-11-01,Switzerland,DACH,Equipment,Travel Expenses,Budget,-19314.12
2025-11-01,Switzerland,DACH,Equipment,IT Expenses,Budget,-15257.88
2025-11-01,Switzerland,DACH,Equipment,Other Operating Expenses,Budget,-28225.41
2025-11-01,Switzerland,DACH,Equipment,Depreciation,Budget,-71203.69
2025-11-01,Switzerland,DACH,Equipment,Other Operating Income,Budget,6405.45
2025-11-01,Switzerland,DACH,Equipment,Revenue,Forecast,1600231.7
2025-11-01,Switzerland,DACH,Equipment,Material Costs,Forecast,-689617.59
2025-11-01,Switzerland,DACH,Equipment,Production Costs,Forecast,-240564.27
2025-11-01,Switzerland,DACH,Equipment,Personnel Costs,Forecast,-192451.42
2025-11-01,Switzerland,DACH,Equipment,External Services,Forecast,-64150.47
2025-11-01,Switzerland,DACH,Equipment,Travel Expenses,Forecast,-20754.19
2025-11-01,Switzerland,DACH,Equipment,IT Expenses,Forecast,-16114.27
2025-11-01,Switzerland,DACH,Equipment,Other Operating Expenses,Forecast,-28081.15
2025-11-01,Switzerland,DACH,Equipment,Depreciation,Forecast,-72010.43
2025-11-01,Switzerland,DACH,Equipment,Other Operating Income,Forecast,6376.48
2025-12-01,Austria,DACH,Industrial Solutions,Revenue,Actual,2384063.55
2025-12-01,Austria,DACH,Industrial Solutions,Material Costs,Actual,-933870.4
2025-12-01,Austria,DACH,Industrial Solutions,Production Costs,Actual,-302876.89
2025-12-01,Austria,DACH,Industrial Solutions,Personnel Costs,Actual,-365976.24
2025-12-01,Austria,DACH,Industrial Solutions,External Services,Actual,-126198.7
2025-12-01,Austria,DACH,Industrial Solutions,Travel Expenses,Actual,-28137.11
2025-12-01,Austria,DACH,Industrial Solutions,IT Expenses,Actual,-23784.96
2025-12-01,Austria,DACH,Industrial Solutions,Other Operating Expenses,Actual,-42231.3
2025-12-01,Austria,DACH,Industrial Solutions,Depreciation,Actual,-83442.22
2025-12-01,Austria,DACH,Industrial Solutions,Other Operating Income,Actual,10199.54
2025-12-01,Austria,DACH,Industrial Solutions,Revenue,Budget,2339848.03
2025-12-01,Austria,DACH,Industrial Solutions,Material Costs,Budget,-865743.77
2025-12-01,Austria,DACH,Industrial Solutions,Production Costs,Budget,-280781.76
2025-12-01,Austria,DACH,Industrial Solutions,Personnel Costs,Budget,-339277.96
2025-12-01,Austria,DACH,Industrial Solutions,External Services,Budget,-116992.4
2025-12-01,Austria,DACH,Industrial Solutions,Travel Expenses,Budget,-27807.58
2025-12-01,Austria,DACH,Industrial Solutions,IT Expenses,Budget,-24256.06
2025-12-01,Austria,DACH,Industrial Solutions,Other Operating Expenses,Budget,-42974.51
2025-12-01,Austria,DACH,Industrial Solutions,Depreciation,Budget,-81894.68
2025-12-01,Austria,DACH,Industrial Solutions,Other Operating Income,Budget,9539.87
2025-12-01,Austria,DACH,Industrial Solutions,Revenue,Forecast,2348410.7
2025-12-01,Austria,DACH,Industrial Solutions,Material Costs,Forecast,-872756.72
2025-12-01,Austria,DACH,Industrial Solutions,Production Costs,Forecast,-283056.23
2025-12-01,Austria,DACH,Industrial Solutions,Personnel Costs,Forecast,-342026.28
2025-12-01,Austria,DACH,Industrial Solutions,External Services,Forecast,-117940.1
2025-12-01,Austria,DACH,Industrial Solutions,Travel Expenses,Forecast,-28513.86
2025-12-01,Austria,DACH,Industrial Solutions,IT Expenses,Forecast,-22578.71
2025-12-01,Austria,DACH,Industrial Solutions,Other Operating Expenses,Forecast,-41976.67
2025-12-01,Austria,DACH,Industrial Solutions,Depreciation,Forecast,-82194.37
2025-12-01,Austria,DACH,Industrial Solutions,Other Operating Income,Forecast,9711.21
2025-12-01,Austria,DACH,Services,Revenue,Actual,1420765.08
2025-12-01,Austria,DACH,Services,Material Costs,Actual,-266632.82
2025-12-01,Austria,DACH,Services,Production Costs,Actual,-118503.47
2025-12-01,Austria,DACH,Services,Personnel Costs,Actual,-348103.95
2025-12-01,Austria,DACH,Services,External Services,Actual,-111097.01
2025-12-01,Austria,DACH,Services,Travel Expenses,Actual,-17686.94
2025-12-01,Austria,DACH,Services,IT Expenses,Actual,-14190.03
2025-12-01,Austria,DACH,Services,Other Operating Expenses,Actual,-26182.08
2025-12-01,Austria,DACH,Services,Depreciation,Actual,-28415.3
2025-12-01,Austria,DACH,Services,Other Operating Income,Actual,5599.75
2025-12-01,Austria,DACH,Services,Revenue,Budget,1493378.22
2025-12-01,Austria,DACH,Services,Material Costs,Budget,-268808.08
2025-12-01,Austria,DACH,Services,Production Costs,Budget,-119470.26
2025-12-01,Austria,DACH,Services,Personnel Costs,Budget,-350943.88
2025-12-01,Austria,DACH,Services,External Services,Budget,-112003.37
2025-12-01,Austria,DACH,Services,Travel Expenses,Budget,-17004.51
2025-12-01,Austria,DACH,Services,IT Expenses,Budget,-14657.67
2025-12-01,Austria,DACH,Services,Other Operating Expenses,Budget,-27931.1
2025-12-01,Austria,DACH,Services,Depreciation,Budget,-29867.56
2025-12-01,Austria,DACH,Services,Other Operating Income,Budget,5908.04
2025-12-01,Austria,DACH,Services,Revenue,Forecast,1452831.66
2025-12-01,Austria,DACH,Services,Material Costs,Forecast,-260745.93
2025-12-01,Austria,DACH,Services,Production Costs,Forecast,-115887.08
2025-12-01,Austria,DACH,Services,Personnel Costs,Forecast,-340418.3
2025-12-01,Austria,DACH,Services,External Services,Forecast,-108644.14
2025-12-01,Austria,DACH,Services,Travel Expenses,Forecast,-17277.16
2025-12-01,Austria,DACH,Services,IT Expenses,Forecast,-15081.59
2025-12-01,Austria,DACH,Services,Other Operating Expenses,Forecast,-27213.98
2025-12-01,Austria,DACH,Services,Depreciation,Forecast,-29056.63
2025-12-01,Austria,DACH,Services,Other Operating Income,Forecast,6327.09
2025-12-01,Austria,DACH,Equipment,Revenue,Actual,1912306.73
2025-12-01,Austria,DACH,Equipment,Material Costs,Actual,-852653.68
2025-12-01,Austria,DACH,Equipment,Production Costs,Actual,-297437.33
2025-12-01,Austria,DACH,Equipment,Personnel Costs,Actual,-237949.86
2025-12-01,Austria,DACH,Equipment,External Services,Actual,-79316.62
2025-12-01,Austria,DACH,Equipment,Travel Expenses,Actual,-22143.75
2025-12-01,Austria,DACH,Equipment,IT Expenses,Actual,-19205.98
2025-12-01,Austria,DACH,Equipment,Other Operating Expenses,Actual,-33477.25
2025-12-01,Austria,DACH,Equipment,Depreciation,Actual,-86053.8
2025-12-01,Austria,DACH,Equipment,Other Operating Income,Actual,7469.05
2025-12-01,Austria,DACH,Equipment,Revenue,Budget,1889110.66
2025-12-01,Austria,DACH,Equipment,Material Costs,Budget,-812317.58
2025-12-01,Austria,DACH,Equipment,Production Costs,Budget,-283366.6
2025-12-01,Austria,DACH,Equipment,Personnel Costs,Budget,-226693.28
2025-12-01,Austria,DACH,Equipment,External Services,Budget,-75564.43
2025-12-01,Austria,DACH,Equipment,Travel Expenses,Budget,-22099.92
2025-12-01,Austria,DACH,Equipment,IT Expenses,Budget,-18661.44
2025-12-01,Austria,DACH,Equipment,Other Operating Expenses,Budget,-33545.68
2025-12-01,Austria,DACH,Equipment,Depreciation,Budget,-85009.98
2025-12-01,Austria,DACH,Equipment,Other Operating Income,Budget,7390.72
2025-12-01,Austria,DACH,Equipment,Revenue,Forecast,1878792.86
2025-12-01,Austria,DACH,Equipment,Material Costs,Forecast,-815959.75
2025-12-01,Austria,DACH,Equipment,Production Costs,Forecast,-284637.12
2025-12-01,Austria,DACH,Equipment,Personnel Costs,Forecast,-227709.7
2025-12-01,Austria,DACH,Equipment,External Services,Forecast,-75903.23
2025-12-01,Austria,DACH,Equipment,Travel Expenses,Forecast,-21798.22
2025-12-01,Austria,DACH,Equipment,IT Expenses,Forecast,-18870.8
2025-12-01,Austria,DACH,Equipment,Other Operating Expenses,Forecast,-34848.0
2025-12-01,Austria,DACH,Equipment,Depreciation,Forecast,-84545.68
2025-12-01,Austria,DACH,Equipment,Other Operating Income,Forecast,7360.9
2025-12-01,Germany,DACH,Industrial Solutions,Revenue,Actual,3201549.43
2025-12-01,Germany,DACH,Industrial Solutions,Material Costs,Actual,-1190321.66
2025-12-01,Germany,DACH,Industrial Solutions,Production Costs,Actual,-386050.27
2025-12-01,Germany,DACH,Industrial Solutions,Personnel Costs,Actual,-466477.41
2025-12-01,Germany,DACH,Industrial Solutions,External Services,Actual,-160854.28
2025-12-01,Germany,DACH,Industrial Solutions,Travel Expenses,Actual,-37806.34
2025-12-01,Germany,DACH,Industrial Solutions,IT Expenses,Actual,-32325.33
2025-12-01,Germany,DACH,Industrial Solutions,Other Operating Expenses,Actual,-56039.82
2025-12-01,Germany,DACH,Industrial Solutions,Depreciation,Actual,-112054.23
2025-12-01,Germany,DACH,Industrial Solutions,Other Operating Income,Actual,13155.22
2025-12-01,Germany,DACH,Industrial Solutions,Revenue,Budget,3199785.02
2025-12-01,Germany,DACH,Industrial Solutions,Material Costs,Budget,-1183920.46
2025-12-01,Germany,DACH,Industrial Solutions,Production Costs,Budget,-383974.2
2025-12-01,Germany,DACH,Industrial Solutions,Personnel Costs,Budget,-463968.83
2025-12-01,Germany,DACH,Industrial Solutions,External Services,Budget,-159989.25
2025-12-01,Germany,DACH,Industrial Solutions,Travel Expenses,Budget,-38868.1
2025-12-01,Germany,DACH,Industrial Solutions,IT Expenses,Budget,-31800.87
2025-12-01,Germany,DACH,Industrial Solutions,Other Operating Expenses,Budget,-56388.65
2025-12-01,Germany,DACH,Industrial Solutions,Depreciation,Budget,-111992.48
2025-12-01,Germany,DACH,Industrial Solutions,Other Operating Income,Budget,12345.19
2025-12-01,Germany,DACH,Industrial Solutions,Revenue,Forecast,3230963.54
2025-12-01,Germany,DACH,Industrial Solutions,Material Costs,Forecast,-1203128.72
2025-12-01,Germany,DACH,Industrial Solutions,Production Costs,Forecast,-390203.91
2025-12-01,Germany,DACH,Industrial Solutions,Personnel Costs,Forecast,-471496.39
2025-12-01,Germany,DACH,Industrial Solutions,External Services,Forecast,-162584.96
2025-12-01,Germany,DACH,Industrial Solutions,Travel Expenses,Forecast,-40201.05
2025-12-01,Germany,DACH,Industrial Solutions,IT Expenses,Forecast,-31897.81
2025-12-01,Germany,DACH,Industrial Solutions,Other Operating Expenses,Forecast,-58823.81
2025-12-01,Germany,DACH,Industrial Solutions,Depreciation,Forecast,-113083.72
2025-12-01,Germany,DACH,Industrial Solutions,Other Operating Income,Forecast,11844.96
2025-12-01,Germany,DACH,Services,Revenue,Actual,2105728.69
2025-12-01,Germany,DACH,Services,Material Costs,Actual,-392366.46
2025-12-01,Germany,DACH,Services,Production Costs,Actual,-174385.09
2025-12-01,Germany,DACH,Services,Personnel Costs,Actual,-512256.21
2025-12-01,Germany,DACH,Services,External Services,Actual,-163486.02
2025-12-01,Germany,DACH,Services,Travel Expenses,Actual,-24762.53
2025-12-01,Germany,DACH,Services,IT Expenses,Actual,-21180.34
2025-12-01,Germany,DACH,Services,Other Operating Expenses,Actual,-37725.61
2025-12-01,Germany,DACH,Services,Depreciation,Actual,-42114.57
2025-12-01,Germany,DACH,Services,Other Operating Income,Actual,7668.82
2025-12-01,Germany,DACH,Services,Revenue,Budget,2003092.45
2025-12-01,Germany,DACH,Services,Material Costs,Budget,-360556.64
2025-12-01,Germany,DACH,Services,Production Costs,Budget,-160247.4
2025-12-01,Germany,DACH,Services,Personnel Costs,Budget,-470726.73
2025-12-01,Germany,DACH,Services,External Services,Budget,-150231.93
2025-12-01,Germany,DACH,Services,Travel Expenses,Budget,-22507.84
2025-12-01,Germany,DACH,Services,IT Expenses,Budget,-19787.8
2025-12-01,Germany,DACH,Services,Other Operating Expenses,Budget,-36468.22
2025-12-01,Germany,DACH,Services,Depreciation,Budget,-40061.85
2025-12-01,Germany,DACH,Services,Other Operating Income,Budget,7131.81
2025-12-01,Germany,DACH,Services,Revenue,Forecast,2044554.13
2025-12-01,Germany,DACH,Services,Material Costs,Forecast,-365812.82
2025-12-01,Germany,DACH,Services,Production Costs,Forecast,-162583.47
2025-12-01,Germany,DACH,Services,Personnel Costs,Forecast,-477588.95
2025-12-01,Germany,DACH,Services,External Services,Forecast,-152422.01
2025-12-01,Germany,DACH,Services,Travel Expenses,Forecast,-24147.31
2025-12-01,Germany,DACH,Services,IT Expenses,Forecast,-21013.25
2025-12-01,Germany,DACH,Services,Other Operating Expenses,Forecast,-36447.74
2025-12-01,Germany,DACH,Services,Depreciation,Forecast,-40891.08
2025-12-01,Germany,DACH,Services,Other Operating Income,Forecast,8303.5
2025-12-01,Germany,DACH,Equipment,Revenue,Actual,2364637.01
2025-12-01,Germany,DACH,Equipment,Material Costs,Actual,-1022269.26
2025-12-01,Germany,DACH,Equipment,Production Costs,Actual,-356605.56
2025-12-01,Germany,DACH,Equipment,Personnel Costs,Actual,-285284.45
2025-12-01,Germany,DACH,Equipment,External Services,Actual,-95094.82
2025-12-01,Germany,DACH,Equipment,Travel Expenses,Actual,-28808.32
2025-12-01,Germany,DACH,Equipment,IT Expenses,Actual,-25503.2
2025-12-01,Germany,DACH,Equipment,Other Operating Expenses,Actual,-40345.79
2025-12-01,Germany,DACH,Equipment,Depreciation,Actual,-106408.67
2025-12-01,Germany,DACH,Equipment,Other Operating Income,Actual,10111.07
2025-12-01,Germany,DACH,Equipment,Revenue,Budget,2559507.29
2025-12-01,Germany,DACH,Equipment,Material Costs,Budget,-1100588.14
2025-12-01,Germany,DACH,Equipment,Production Costs,Budget,-383926.09
2025-12-01,Germany,DACH,Equipment,Personnel Costs,Budget,-307140.88
2025-12-01,Germany,DACH,Equipment,External Services,Budget,-102380.29
2025-12-01,Germany,DACH,Equipment,Travel Expenses,Budget,-30449.23
2025-12-01,Germany,DACH,Equipment,IT Expenses,Budget,-25742.16
2025-12-01,Germany,DACH,Equipment,Other Operating Expenses,Budget,-46018.71
2025-12-01,Germany,DACH,Equipment,Depreciation,Budget,-115177.83
2025-12-01,Germany,DACH,Equipment,Other Operating Income,Budget,10064.3
2025-12-01,Germany,DACH,Equipment,Revenue,Forecast,2467399.81
2025-12-01,Germany,DACH,Equipment,Material Costs,Forecast,-1053726.93
2025-12-01,Germany,DACH,Equipment,Production Costs,Forecast,-367579.16
2025-12-01,Germany,DACH,Equipment,Personnel Costs,Forecast,-294063.33
2025-12-01,Germany,DACH,Equipment,External Services,Forecast,-98021.11
2025-12-01,Germany,DACH,Equipment,Travel Expenses,Forecast,-29901.49
2025-12-01,Germany,DACH,Equipment,IT Expenses,Forecast,-23925.3
2025-12-01,Germany,DACH,Equipment,Other Operating Expenses,Forecast,-45246.59
2025-12-01,Germany,DACH,Equipment,Depreciation,Forecast,-111032.99
2025-12-01,Germany,DACH,Equipment,Other Operating Income,Forecast,9705.29
2025-12-01,France,Western Europe,Industrial Solutions,Revenue,Actual,2588466.87
2025-12-01,France,Western Europe,Industrial Solutions,Material Costs,Actual,-944915.04
2025-12-01,France,Western Europe,Industrial Solutions,Production Costs,Actual,-306458.93
2025-12-01,France,Western Europe,Industrial Solutions,Personnel Costs,Actual,-370304.54
2025-12-01,France,Western Europe,Industrial Solutions,External Services,Actual,-127691.22
2025-12-01,France,Western Europe,Industrial Solutions,Travel Expenses,Actual,-31395.63
2025-12-01,France,Western Europe,Industrial Solutions,IT Expenses,Actual,-25506.26
2025-12-01,France,Western Europe,Industrial Solutions,Other Operating Expenses,Actual,-47475.24
2025-12-01,France,Western Europe,Industrial Solutions,Depreciation,Actual,-90596.34
2025-12-01,France,Western Europe,Industrial Solutions,Other Operating Income,Actual,10637.77
2025-12-01,France,Western Europe,Industrial Solutions,Revenue,Budget,2594225.32
2025-12-01,France,Western Europe,Industrial Solutions,Material Costs,Budget,-959863.37
2025-12-01,France,Western Europe,Industrial Solutions,Production Costs,Budget,-311307.04
2025-12-01,France,Western Europe,Industrial Solutions,Personnel Costs,Budget,-376162.67
2025-12-01,France,Western Europe,Industrial Solutions,External Services,Budget,-129711.27
2025-12-01,France,Western Europe,Industrial Solutions,Travel Expenses,Budget,-32857.16
2025-12-01,France,Western Europe,Industrial Solutions,IT Expenses,Budget,-25851.16
2025-12-01,France,Western Europe,Industrial Solutions,Other Operating Expenses,Budget,-47476.64
2025-12-01,France,Western Europe,Industrial Solutions,Depreciation,Budget,-90797.89
2025-12-01,France,Western Europe,Industrial Solutions,Other Operating Income,Budget,10417.61
2025-12-01,France,Western Europe,Industrial Solutions,Revenue,Forecast,2617116.95
2025-12-01,France,Western Europe,Industrial Solutions,Material Costs,Forecast,-983391.3
2025-12-01,France,Western Europe,Industrial Solutions,Production Costs,Forecast,-318937.72
2025-12-01,France,Western Europe,Industrial Solutions,Personnel Costs,Forecast,-385383.08
2025-12-01,France,Western Europe,Industrial Solutions,External Services,Forecast,-132890.72
2025-12-01,France,Western Europe,Industrial Solutions,Travel Expenses,Forecast,-30728.15
2025-12-01,France,Western Europe,Industrial Solutions,IT Expenses,Forecast,-26561.12
2025-12-01,France,Western Europe,Industrial Solutions,Other Operating Expenses,Forecast,-46878.81
2025-12-01,France,Western Europe,Industrial Solutions,Depreciation,Forecast,-91599.09
2025-12-01,France,Western Europe,Industrial Solutions,Other Operating Income,Forecast,10441.59
2025-12-01,France,Western Europe,Services,Revenue,Actual,1658191.59
2025-12-01,France,Western Europe,Services,Material Costs,Actual,-300076.65
2025-12-01,France,Western Europe,Services,Production Costs,Actual,-133367.4
2025-12-01,France,Western Europe,Services,Personnel Costs,Actual,-391766.73
2025-12-01,France,Western Europe,Services,External Services,Actual,-125031.94
2025-12-01,France,Western Europe,Services,Travel Expenses,Actual,-20840.36
2025-12-01,France,Western Europe,Services,IT Expenses,Actual,-16908.73
2025-12-01,France,Western Europe,Services,Other Operating Expenses,Actual,-30496.0
2025-12-01,France,Western Europe,Services,Depreciation,Actual,-33163.83
2025-12-01,France,Western Europe,Services,Other Operating Income,Actual,6511.91
2025-12-01,France,Western Europe,Services,Revenue,Budget,1645490.24
2025-12-01,France,Western Europe,Services,Material Costs,Budget,-296188.24
2025-12-01,France,Western Europe,Services,Production Costs,Budget,-131639.22
2025-12-01,France,Western Europe,Services,Personnel Costs,Budget,-386690.21
2025-12-01,France,Western Europe,Services,External Services,Budget,-123411.77
2025-12-01,France,Western Europe,Services,Travel Expenses,Budget,-19219.12
2025-12-01,France,Western Europe,Services,IT Expenses,Budget,-16769.29
2025-12-01,France,Western Europe,Services,Other Operating Expenses,Budget,-30267.51
2025-12-01,France,Western Europe,Services,Depreciation,Budget,-32909.8
2025-12-01,France,Western Europe,Services,Other Operating Income,Budget,6969.68
2025-12-01,France,Western Europe,Services,Revenue,Forecast,1650939.46
2025-12-01,France,Western Europe,Services,Material Costs,Forecast,-295015.29
2025-12-01,France,Western Europe,Services,Production Costs,Forecast,-131117.91
2025-12-01,France,Western Europe,Services,Personnel Costs,Forecast,-385158.85
2025-12-01,France,Western Europe,Services,External Services,Forecast,-122923.04
2025-12-01,France,Western Europe,Services,Travel Expenses,Forecast,-19674.84
2025-12-01,France,Western Europe,Services,IT Expenses,Forecast,-15968.06
2025-12-01,France,Western Europe,Services,Other Operating Expenses,Forecast,-29425.33
2025-12-01,France,Western Europe,Services,Depreciation,Forecast,-33018.79
2025-12-01,France,Western Europe,Services,Other Operating Income,Forecast,6867.0
2025-12-01,France,Western Europe,Equipment,Revenue,Actual,1990303.61
2025-12-01,France,Western Europe,Equipment,Material Costs,Actual,-862764.0
2025-12-01,France,Western Europe,Equipment,Production Costs,Actual,-300964.19
2025-12-01,France,Western Europe,Equipment,Personnel Costs,Actual,-240771.35
2025-12-01,France,Western Europe,Equipment,External Services,Actual,-80257.12
2025-12-01,France,Western Europe,Equipment,Travel Expenses,Actual,-23061.31
2025-12-01,France,Western Europe,Equipment,IT Expenses,Actual,-19936.95
2025-12-01,France,Western Europe,Equipment,Other Operating Expenses,Actual,-33146.49
2025-12-01,France,Western Europe,Equipment,Depreciation,Actual,-89563.66
2025-12-01,France,Western Europe,Equipment,Other Operating Income,Actual,7901.7
2025-12-01,France,Western Europe,Equipment,Revenue,Budget,2070340.41
2025-12-01,France,Western Europe,Equipment,Material Costs,Budget,-890246.37
2025-12-01,France,Western Europe,Equipment,Production Costs,Budget,-310551.06
2025-12-01,France,Western Europe,Equipment,Personnel Costs,Budget,-248440.85
2025-12-01,France,Western Europe,Equipment,External Services,Budget,-82813.62
2025-12-01,France,Western Europe,Equipment,Travel Expenses,Budget,-23628.86
2025-12-01,France,Western Europe,Equipment,IT Expenses,Budget,-21202.77
2025-12-01,France,Western Europe,Equipment,Other Operating Expenses,Budget,-37990.4
2025-12-01,France,Western Europe,Equipment,Depreciation,Budget,-93165.32
2025-12-01,France,Western Europe,Equipment,Other Operating Income,Budget,8435.95
2025-12-01,France,Western Europe,Equipment,Revenue,Forecast,2023232.0
2025-12-01,France,Western Europe,Equipment,Material Costs,Forecast,-885868.88
2025-12-01,France,Western Europe,Equipment,Production Costs,Forecast,-309024.03
2025-12-01,France,Western Europe,Equipment,Personnel Costs,Forecast,-247219.22
2025-12-01,France,Western Europe,Equipment,External Services,Forecast,-82406.41
2025-12-01,France,Western Europe,Equipment,Travel Expenses,Forecast,-23587.63
2025-12-01,France,Western Europe,Equipment,IT Expenses,Forecast,-20939.38
2025-12-01,France,Western Europe,Equipment,Other Operating Expenses,Forecast,-37266.89
2025-12-01,France,Western Europe,Equipment,Depreciation,Forecast,-91045.44
2025-12-01,France,Western Europe,Equipment,Other Operating Income,Forecast,8016.35
2025-12-01,Italy,Southern Europe,Industrial Solutions,Revenue,Actual,1838588.21
2025-12-01,Italy,Southern Europe,Industrial Solutions,Material Costs,Actual,-669927.39
2025-12-01,Italy,Southern Europe,Industrial Solutions,Production Costs,Actual,-217273.75
2025-12-01,Italy,Southern Europe,Industrial Solutions,Personnel Costs,Actual,-262539.11
2025-12-01,Italy,Southern Europe,Industrial Solutions,External Services,Actual,-90530.73
2025-12-01,Italy,Southern Europe,Industrial Solutions,Travel Expenses,Actual,-21712.93
2025-12-01,Italy,Southern Europe,Industrial Solutions,IT Expenses,Actual,-17997.37
2025-12-01,Italy,Southern Europe,Industrial Solutions,Other Operating Expenses,Actual,-34106.52
2025-12-01,Italy,Southern Europe,Industrial Solutions,Depreciation,Actual,-64350.59
2025-12-01,Italy,Southern Europe,Industrial Solutions,Other Operating Income,Actual,7278.2
2025-12-01,Italy,Southern Europe,Industrial Solutions,Revenue,Budget,1938710.88
2025-12-01,Italy,Southern Europe,Industrial Solutions,Material Costs,Budget,-717323.02
2025-12-01,Italy,Southern Europe,Industrial Solutions,Production Costs,Budget,-232645.31
2025-12-01,Italy,Southern Europe,Industrial Solutions,Personnel Costs,Budget,-281113.08
2025-12-01,Italy,Southern Europe,Industrial Solutions,External Services,Budget,-96935.54
2025-12-01,Italy,Southern Europe,Industrial Solutions,Travel Expenses,Budget,-23510.56
2025-12-01,Italy,Southern Europe,Industrial Solutions,IT Expenses,Budget,-19165.96
2025-12-01,Italy,Southern Europe,Industrial Solutions,Other Operating Expenses,Budget,-33308.47
2025-12-01,Italy,Southern Europe,Industrial Solutions,Depreciation,Budget,-67854.88
2025-12-01,Italy,Southern Europe,Industrial Solutions,Other Operating Income,Budget,7838.61
2025-12-01,Italy,Southern Europe,Industrial Solutions,Revenue,Forecast,1871218.68
2025-12-01,Italy,Southern Europe,Industrial Solutions,Material Costs,Forecast,-676463.5
2025-12-01,Italy,Southern Europe,Industrial Solutions,Production Costs,Forecast,-219393.57
2025-12-01,Italy,Southern Europe,Industrial Solutions,Personnel Costs,Forecast,-265100.56
2025-12-01,Italy,Southern Europe,Industrial Solutions,External Services,Forecast,-91413.99
2025-12-01,Italy,Southern Europe,Industrial Solutions,Travel Expenses,Forecast,-22408.39
2025-12-01,Italy,Southern Europe,Industrial Solutions,IT Expenses,Forecast,-18200.1
2025-12-01,Italy,Southern Europe,Industrial Solutions,Other Operating Expenses,Forecast,-35355.32
2025-12-01,Italy,Southern Europe,Industrial Solutions,Depreciation,Forecast,-65492.65
2025-12-01,Italy,Southern Europe,Industrial Solutions,Other Operating Income,Forecast,7757.73
2025-12-01,Italy,Southern Europe,Services,Revenue,Actual,1248276.4
2025-12-01,Italy,Southern Europe,Services,Material Costs,Actual,-227742.61
2025-12-01,Italy,Southern Europe,Services,Production Costs,Actual,-101218.94
2025-12-01,Italy,Southern Europe,Services,Personnel Costs,Actual,-297330.63
2025-12-01,Italy,Southern Europe,Services,External Services,Actual,-94892.75
2025-12-01,Italy,Southern Europe,Services,Travel Expenses,Actual,-15069.11
2025-12-01,Italy,Southern Europe,Services,IT Expenses,Actual,-12548.68
2025-12-01,Italy,Southern Europe,Services,Other Operating Expenses,Actual,-23183.69
2025-12-01,Italy,Southern Europe,Services,Depreciation,Actual,-24965.53
2025-12-01,Italy,Southern Europe,Services,Other Operating Income,Actual,5139.4
2025-12-01,Italy,Southern Europe,Services,Revenue,Budget,1196921.02
2025-12-01,Italy,Southern Europe,Services,Material Costs,Budget,-215445.78
2025-12-01,Italy,Southern Europe,Services,Production Costs,Budget,-95753.68
2025-12-01,Italy,Southern Europe,Services,Personnel Costs,Budget,-281276.44
2025-12-01,Italy,Southern Europe,Services,External Services,Budget,-89769.08
2025-12-01,Italy,Southern Europe,Services,Travel Expenses,Budget,-14487.46
2025-12-01,Italy,Southern Europe,Services,IT Expenses,Budget,-11573.06
2025-12-01,Italy,Southern Europe,Services,Other Operating Expenses,Budget,-21027.48
2025-12-01,Italy,Southern Europe,Services,Depreciation,Budget,-23938.42
2025-12-01,Italy,Southern Europe,Services,Other Operating Income,Budget,4764.18
2025-12-01,Italy,Southern Europe,Services,Revenue,Forecast,1216871.46
2025-12-01,Italy,Southern Europe,Services,Material Costs,Forecast,-219282.29
2025-12-01,Italy,Southern Europe,Services,Production Costs,Forecast,-97458.79
2025-12-01,Italy,Southern Europe,Services,Personnel Costs,Forecast,-286285.21
2025-12-01,Italy,Southern Europe,Services,External Services,Forecast,-91367.62
2025-12-01,Italy,Southern Europe,Services,Travel Expenses,Forecast,-14107.34
2025-12-01,Italy,Southern Europe,Services,IT Expenses,Forecast,-12755.65
2025-12-01,Italy,Southern Europe,Services,Other Operating Expenses,Forecast,-22734.05
2025-12-01,Italy,Southern Europe,Services,Depreciation,Forecast,-24337.43
2025-12-01,Italy,Southern Europe,Services,Other Operating Income,Forecast,4984.72
2025-12-01,Italy,Southern Europe,Equipment,Revenue,Actual,1502932.12
2025-12-01,Italy,Southern Europe,Equipment,Material Costs,Actual,-647512.63
2025-12-01,Italy,Southern Europe,Equipment,Production Costs,Actual,-225876.5
2025-12-01,Italy,Southern Europe,Equipment,Personnel Costs,Actual,-180701.2
2025-12-01,Italy,Southern Europe,Equipment,External Services,Actual,-60233.73
2025-12-01,Italy,Southern Europe,Equipment,Travel Expenses,Actual,-18174.64
2025-12-01,Italy,Southern Europe,Equipment,IT Expenses,Actual,-14656.06
2025-12-01,Italy,Southern Europe,Equipment,Other Operating Expenses,Actual,-27278.79
2025-12-01,Italy,Southern Europe,Equipment,Depreciation,Actual,-67631.95
2025-12-01,Italy,Southern Europe,Equipment,Other Operating Income,Actual,5974.39
2025-12-01,Italy,Southern Europe,Equipment,Revenue,Budget,1515487.32
2025-12-01,Italy,Southern Europe,Equipment,Material Costs,Budget,-651659.55
2025-12-01,Italy,Southern Europe,Equipment,Production Costs,Budget,-227323.1
2025-12-01,Italy,Southern Europe,Equipment,Personnel Costs,Budget,-181858.48
2025-12-01,Italy,Southern Europe,Equipment,External Services,Budget,-60619.49
2025-12-01,Italy,Southern Europe,Equipment,Travel Expenses,Budget,-17144.99
2025-12-01,Italy,Southern Europe,Equipment,IT Expenses,Budget,-14894.09
2025-12-01,Italy,Southern Europe,Equipment,Other Operating Expenses,Budget,-26996.71
2025-12-01,Italy,Southern Europe,Equipment,Depreciation,Budget,-68196.93
2025-12-01,Italy,Southern Europe,Equipment,Other Operating Income,Budget,6519.67
2025-12-01,Italy,Southern Europe,Equipment,Revenue,Forecast,1497093.58
2025-12-01,Italy,Southern Europe,Equipment,Material Costs,Forecast,-648049.62
2025-12-01,Italy,Southern Europe,Equipment,Production Costs,Forecast,-226063.82
2025-12-01,Italy,Southern Europe,Equipment,Personnel Costs,Forecast,-180851.06
2025-12-01,Italy,Southern Europe,Equipment,External Services,Forecast,-60283.69
2025-12-01,Italy,Southern Europe,Equipment,Travel Expenses,Forecast,-17245.36
2025-12-01,Italy,Southern Europe,Equipment,IT Expenses,Forecast,-15116.46
2025-12-01,Italy,Southern Europe,Equipment,Other Operating Expenses,Forecast,-25905.28
2025-12-01,Italy,Southern Europe,Equipment,Depreciation,Forecast,-67369.21
2025-12-01,Italy,Southern Europe,Equipment,Other Operating Income,Forecast,6247.72
2025-12-01,Switzerland,DACH,Industrial Solutions,Revenue,Actual,1787229.51
2025-12-01,Switzerland,DACH,Industrial Solutions,Material Costs,Actual,-639995.7
2025-12-01,Switzerland,DACH,Industrial Solutions,Production Costs,Actual,-207566.17
2025-12-01,Switzerland,DACH,Industrial Solutions,Personnel Costs,Actual,-250809.12
2025-12-01,Switzerland,DACH,Industrial Solutions,External Services,Actual,-86485.9
2025-12-01,Switzerland,DACH,Industrial Solutions,Travel Expenses,Actual,-20547.84
2025-12-01,Switzerland,DACH,Industrial Solutions,IT Expenses,Actual,-17663.69
2025-12-01,Switzerland,DACH,Industrial Solutions,Other Operating Expenses,Actual,-33005.25
2025-12-01,Switzerland,DACH,Industrial Solutions,Depreciation,Actual,-62553.03
2025-12-01,Switzerland,DACH,Industrial Solutions,Other Operating Income,Actual,6714.45
2025-12-01,Switzerland,DACH,Industrial Solutions,Revenue,Budget,1782968.68
2025-12-01,Switzerland,DACH,Industrial Solutions,Material Costs,Budget,-659698.41
2025-12-01,Switzerland,DACH,Industrial Solutions,Production Costs,Budget,-213956.24
2025-12-01,Switzerland,DACH,Industrial Solutions,Personnel Costs,Budget,-258530.46
2025-12-01,Switzerland,DACH,Industrial Solutions,External Services,Budget,-89148.43
2025-12-01,Switzerland,DACH,Industrial Solutions,Travel Expenses,Budget,-19577.75
2025-12-01,Switzerland,DACH,Industrial Solutions,IT Expenses,Budget,-17668.81
2025-12-01,Switzerland,DACH,Industrial Solutions,Other Operating Expenses,Budget,-32536.12
2025-12-01,Switzerland,DACH,Industrial Solutions,Depreciation,Budget,-62403.9
2025-12-01,Switzerland,DACH,Industrial Solutions,Other Operating Income,Budget,7474.28
2025-12-01,Switzerland,DACH,Industrial Solutions,Revenue,Forecast,1804247.83
2025-12-01,Switzerland,DACH,Industrial Solutions,Material Costs,Forecast,-663861.37
2025-12-01,Switzerland,DACH,Industrial Solutions,Production Costs,Forecast,-215306.39
2025-12-01,Switzerland,DACH,Industrial Solutions,Personnel Costs,Forecast,-260161.89
2025-12-01,Switzerland,DACH,Industrial Solutions,External Services,Forecast,-89711.0
2025-12-01,Switzerland,DACH,Industrial Solutions,Travel Expenses,Forecast,-21383.74
2025-12-01,Switzerland,DACH,Industrial Solutions,IT Expenses,Forecast,-18458.86
2025-12-01,Switzerland,DACH,Industrial Solutions,Other Operating Expenses,Forecast,-30958.4
2025-12-01,Switzerland,DACH,Industrial Solutions,Depreciation,Forecast,-63148.67
2025-12-01,Switzerland,DACH,Industrial Solutions,Other Operating Income,Forecast,7104.83
2025-12-01,Switzerland,DACH,Services,Revenue,Actual,1138311.49
2025-12-01,Switzerland,DACH,Services,Material Costs,Actual,-205072.49
2025-12-01,Switzerland,DACH,Services,Production Costs,Actual,-91143.33
2025-12-01,Switzerland,DACH,Services,Personnel Costs,Actual,-267733.53
2025-12-01,Switzerland,DACH,Services,External Services,Actual,-85446.87
2025-12-01,Switzerland,DACH,Services,Travel Expenses,Actual,-12640.04
2025-12-01,Switzerland,DACH,Services,IT Expenses,Actual,-11233.26
2025-12-01,Switzerland,DACH,Services,Other Operating Expenses,Actual,-20721.91
2025-12-01,Switzerland,DACH,Services,Depreciation,Actual,-22766.23
2025-12-01,Switzerland,DACH,Services,Other Operating Income,Actual,4374.34
2025-12-01,Switzerland,DACH,Services,Revenue,Budget,1123252.13
2025-12-01,Switzerland,DACH,Services,Material Costs,Budget,-202185.38
2025-12-01,Switzerland,DACH,Services,Production Costs,Budget,-89860.17
2025-12-01,Switzerland,DACH,Services,Personnel Costs,Budget,-263964.25
2025-12-01,Switzerland,DACH,Services,External Services,Budget,-84243.91
2025-12-01,Switzerland,DACH,Services,Travel Expenses,Budget,-13502.88
2025-12-01,Switzerland,DACH,Services,IT Expenses,Budget,-11332.91
2025-12-01,Switzerland,DACH,Services,Other Operating Expenses,Budget,-20045.39
2025-12-01,Switzerland,DACH,Services,Depreciation,Budget,-22465.04
2025-12-01,Switzerland,DACH,Services,Other Operating Income,Budget,4523.64
2025-12-01,Switzerland,DACH,Services,Revenue,Forecast,1126919.87
2025-12-01,Switzerland,DACH,Services,Material Costs,Forecast,-200502.14
2025-12-01,Switzerland,DACH,Services,Production Costs,Forecast,-89112.06
2025-12-01,Switzerland,DACH,Services,Personnel Costs,Forecast,-261766.69
2025-12-01,Switzerland,DACH,Services,External Services,Forecast,-83542.56
2025-12-01,Switzerland,DACH,Services,Travel Expenses,Forecast,-13439.22
2025-12-01,Switzerland,DACH,Services,IT Expenses,Forecast,-11406.73
2025-12-01,Switzerland,DACH,Services,Other Operating Expenses,Forecast,-20364.16
2025-12-01,Switzerland,DACH,Services,Depreciation,Forecast,-22538.4
2025-12-01,Switzerland,DACH,Services,Other Operating Income,Forecast,4401.92
2025-12-01,Switzerland,DACH,Equipment,Revenue,Actual,1455046.91
2025-12-01,Switzerland,DACH,Equipment,Material Costs,Actual,-643800.12
2025-12-01,Switzerland,DACH,Equipment,Production Costs,Actual,-224581.44
2025-12-01,Switzerland,DACH,Equipment,Personnel Costs,Actual,-179665.15
2025-12-01,Switzerland,DACH,Equipment,External Services,Actual,-59888.38
2025-12-01,Switzerland,DACH,Equipment,Travel Expenses,Actual,-17284.43
2025-12-01,Switzerland,DACH,Equipment,IT Expenses,Actual,-14674.29
2025-12-01,Switzerland,DACH,Equipment,Other Operating Expenses,Actual,-26974.77
2025-12-01,Switzerland,DACH,Equipment,Depreciation,Actual,-65477.11
2025-12-01,Switzerland,DACH,Equipment,Other Operating Income,Actual,5500.85
2025-12-01,Switzerland,DACH,Equipment,Revenue,Budget,1423361.67
2025-12-01,Switzerland,DACH,Equipment,Material Costs,Budget,-612045.52
2025-12-01,Switzerland,DACH,Equipment,Production Costs,Budget,-213504.25
2025-12-01,Switzerland,DACH,Equipment,Personnel Costs,Budget,-170803.4
2025-12-01,Switzerland,DACH,Equipment,External Services,Budget,-56934.47
2025-12-01,Switzerland,DACH,Equipment,Travel Expenses,Budget,-16716.82
2025-12-01,Switzerland,DACH,Equipment,IT Expenses,Budget,-14151.47
2025-12-01,Switzerland,DACH,Equipment,Other Operating Expenses,Budget,-25118.51
2025-12-01,Switzerland,DACH,Equipment,Depreciation,Budget,-64051.27
2025-12-01,Switzerland,DACH,Equipment,Other Operating Income,Budget,6088.56
2025-12-01,Switzerland,DACH,Equipment,Revenue,Forecast,1417160.29
2025-12-01,Switzerland,DACH,Equipment,Material Costs,Forecast,-603113.74
2025-12-01,Switzerland,DACH,Equipment,Production Costs,Forecast,-210388.51
2025-12-01,Switzerland,DACH,Equipment,Personnel Costs,Forecast,-168310.81
2025-12-01,Switzerland,DACH,Equipment,External Services,Forecast,-56103.6
2025-12-01,Switzerland,DACH,Equipment,Travel Expenses,Forecast,-16722.5
2025-12-01,Switzerland,DACH,Equipment,IT Expenses,Forecast,-14229.53
2025-12-01,Switzerland,DACH,Equipment,Other Operating Expenses,Forecast,-24742.25
2025-12-01,Switzerland,DACH,Equipment,Depreciation,Forecast,-63772.21
2025-12-01,Switzerland,DACH,Equipment,Other Operating Income,Forecast,5578.92
2026-01-01,Austria,DACH,Industrial Solutions,Revenue,Actual,2209555.0
2026-01-01,Austria,DACH,Industrial Solutions,Material Costs,Actual,-834951.74
2026-01-01,Austria,DACH,Industrial Solutions,Production Costs,Actual,-270795.16
2026-01-01,Austria,DACH,Industrial Solutions,Personnel Costs,Actual,-327210.82
2026-01-01,Austria,DACH,Industrial Solutions,External Services,Actual,-112831.32
2026-01-01,Austria,DACH,Industrial Solutions,Travel Expenses,Actual,-25309.99
2026-01-01,Austria,DACH,Industrial Solutions,IT Expenses,Actual,-22237.67
2026-01-01,Austria,DACH,Industrial Solutions,Other Operating Expenses,Actual,-41516.92
2026-01-01,Austria,DACH,Industrial Solutions,Depreciation,Actual,-77334.43
2026-01-01,Austria,DACH,Industrial Solutions,Other Operating Income,Actual,8844.73
2026-01-01,Austria,DACH,Industrial Solutions,Revenue,Budget,2244116.38
2026-01-01,Austria,DACH,Industrial Solutions,Material Costs,Budget,-830323.06
2026-01-01,Austria,DACH,Industrial Solutions,Production Costs,Budget,-269293.97
2026-01-01,Austria,DACH,Industrial Solutions,Personnel Costs,Budget,-325396.88
2026-01-01,Austria,DACH,Industrial Solutions,External Services,Budget,-112205.82
2026-01-01,Austria,DACH,Industrial Solutions,Travel Expenses,Budget,-27111.38
2026-01-01,Austria,DACH,Industrial Solutions,IT Expenses,Budget,-22752.07
2026-01-01,Austria,DACH,Industrial Solutions,Other Operating Expenses,Budget,-39112.26
2026-01-01,Austria,DACH,Industrial Solutions,Depreciation,Budget,-78544.07
2026-01-01,Austria,DACH,Industrial Solutions,Other Operating Income,Budget,9587.77
2026-01-01,Austria,DACH,Industrial Solutions,Revenue,Forecast,2223445.26
2026-01-01,Austria,DACH,Industrial Solutions,Material Costs,Forecast,-824672.15
2026-01-01,Austria,DACH,Industrial Solutions,Production Costs,Forecast,-267461.24
2026-01-01,Austria,DACH,Industrial Solutions,Personnel Costs,Forecast,-323182.33
2026-01-01,Austria,DACH,Industrial Solutions,External Services,Forecast,-111442.18
2026-01-01,Austria,DACH,Industrial Solutions,Travel Expenses,Forecast,-27987.55
2026-01-01,Austria,DACH,Industrial Solutions,IT Expenses,Forecast,-21908.48
2026-01-01,Austria,DACH,Industrial Solutions,Other Operating Expenses,Forecast,-41841.08
2026-01-01,Austria,DACH,Industrial Solutions,Depreciation,Forecast,-77820.58
2026-01-01,Austria,DACH,Industrial Solutions,Other Operating Income,Forecast,9169.54
2026-01-01,Austria,DACH,Services,Revenue,Actual,1408694.67
2026-01-01,Austria,DACH,Services,Material Costs,Actual,-261175.36
2026-01-01,Austria,DACH,Services,Production Costs,Actual,-116077.94
2026-01-01,Austria,DACH,Services,Personnel Costs,Actual,-340978.95
2026-01-01,Austria,DACH,Services,External Services,Actual,-108823.07
2026-01-01,Austria,DACH,Services,Travel Expenses,Actual,-16975.52
2026-01-01,Austria,DACH,Services,IT Expenses,Actual,-13532.75
2026-01-01,Austria,DACH,Services,Other Operating Expenses,Actual,-24648.31
2026-01-01,Austria,DACH,Services,Depreciation,Actual,-28173.89
2026-01-01,Austria,DACH,Services,Other Operating Income,Actual,5592.89
2026-01-01,Austria,DACH,Services,Revenue,Budget,1406522.82
2026-01-01,Austria,DACH,Services,Material Costs,Budget,-253174.11
2026-01-01,Austria,DACH,Services,Production Costs,Budget,-112521.83
2026-01-01,Austria,DACH,Services,Personnel Costs,Budget,-330532.86
2026-01-01,Austria,DACH,Services,External Services,Budget,-105489.21
2026-01-01,Austria,DACH,Services,Travel Expenses,Budget,-17035.24
2026-01-01,Austria,DACH,Services,IT Expenses,Budget,-14049.31
2026-01-01,Austria,DACH,Services,Other Operating Expenses,Budget,-26088.94
2026-01-01,Austria,DACH,Services,Depreciation,Budget,-28130.46
2026-01-01,Austria,DACH,Services,Other Operating Income,Budget,5187.01
2026-01-01,Austria,DACH,Services,Revenue,Forecast,1404918.48
2026-01-01,Austria,DACH,Services,Material Costs,Forecast,-253321.06
2026-01-01,Austria,DACH,Services,Production Costs,Forecast,-112587.14
2026-01-01,Austria,DACH,Services,Personnel Costs,Forecast,-330724.72
2026-01-01,Austria,DACH,Services,External Services,Forecast,-105550.44
2026-01-01,Austria,DACH,Services,Travel Expenses,Forecast,-15939.54
2026-01-01,Austria,DACH,Services,IT Expenses,Forecast,-14262.65
2026-01-01,Austria,DACH,Services,Other Operating Expenses,Forecast,-25228.81
2026-01-01,Austria,DACH,Services,Depreciation,Forecast,-28098.37
2026-01-01,Austria,DACH,Services,Other Operating Income,Forecast,5714.0
2026-01-01,Austria,DACH,Equipment,Revenue,Actual,1849106.14
2026-01-01,Austria,DACH,Equipment,Material Costs,Actual,-806715.27
2026-01-01,Austria,DACH,Equipment,Production Costs,Actual,-281412.3
2026-01-01,Austria,DACH,Equipment,Personnel Costs,Actual,-225129.84
2026-01-01,Austria,DACH,Equipment,External Services,Actual,-75043.28
2026-01-01,Austria,DACH,Equipment,Travel Expenses,Actual,-22103.06
2026-01-01,Austria,DACH,Equipment,IT Expenses,Actual,-18705.5
2026-01-01,Austria,DACH,Equipment,Other Operating Expenses,Actual,-32695.71
2026-01-01,Austria,DACH,Equipment,Depreciation,Actual,-83209.78
2026-01-01,Austria,DACH,Equipment,Other Operating Income,Actual,7649.55
2026-01-01,Austria,DACH,Equipment,Revenue,Budget,1751502.68
2026-01-01,Austria,DACH,Equipment,Material Costs,Budget,-753146.15
2026-01-01,Austria,DACH,Equipment,Production Costs,Budget,-262725.4
2026-01-01,Austria,DACH,Equipment,Personnel Costs,Budget,-210180.32
2026-01-01,Austria,DACH,Equipment,External Services,Budget,-70060.11
2026-01-01,Austria,DACH,Equipment,Travel Expenses,Budget,-22058.1
2026-01-01,Austria,DACH,Equipment,IT Expenses,Budget,-17890.06
2026-01-01,Austria,DACH,Equipment,Other Operating Expenses,Budget,-30951.99
2026-01-01,Austria,DACH,Equipment,Depreciation,Budget,-78817.62
2026-01-01,Austria,DACH,Equipment,Other Operating Income,Budget,7107.29
2026-01-01,Austria,DACH,Equipment,Revenue,Forecast,1820228.62
2026-01-01,Austria,DACH,Equipment,Material Costs,Forecast,-770552.63
2026-01-01,Austria,DACH,Equipment,Production Costs,Forecast,-268797.43
2026-01-01,Austria,DACH,Equipment,Personnel Costs,Forecast,-215037.94
2026-01-01,Austria,DACH,Equipment,External Services,Forecast,-71679.31
2026-01-01,Austria,DACH,Equipment,Travel Expenses,Forecast,-22217.82
2026-01-01,Austria,DACH,Equipment,IT Expenses,Forecast,-18366.33
2026-01-01,Austria,DACH,Equipment,Other Operating Expenses,Forecast,-31232.54
2026-01-01,Austria,DACH,Equipment,Depreciation,Forecast,-81910.29
2026-01-01,Austria,DACH,Equipment,Other Operating Income,Forecast,6942.56
2026-01-01,Germany,DACH,Industrial Solutions,Revenue,Actual,2986279.55
2026-01-01,Germany,DACH,Industrial Solutions,Material Costs,Actual,-1115668.23
2026-01-01,Germany,DACH,Industrial Solutions,Production Costs,Actual,-361838.34
2026-01-01,Germany,DACH,Industrial Solutions,Personnel Costs,Actual,-437221.33
2026-01-01,Germany,DACH,Industrial Solutions,External Services,Actual,-150765.98
2026-01-01,Germany,DACH,Industrial Solutions,Travel Expenses,Actual,-36105.7
2026-01-01,Germany,DACH,Industrial Solutions,IT Expenses,Actual,-29746.77
2026-01-01,Germany,DACH,Industrial Solutions,Other Operating Expenses,Actual,-52737.38
2026-01-01,Germany,DACH,Industrial Solutions,Depreciation,Actual,-104519.78
2026-01-01,Germany,DACH,Industrial Solutions,Other Operating Income,Actual,12446.2
2026-01-01,Germany,DACH,Industrial Solutions,Revenue,Budget,3007805.64
2026-01-01,Germany,DACH,Industrial Solutions,Material Costs,Budget,-1112888.09
2026-01-01,Germany,DACH,Industrial Solutions,Production Costs,Budget,-360936.68
2026-01-01,Germany,DACH,Industrial Solutions,Personnel Costs,Budget,-436131.82
2026-01-01,Germany,DACH,Industrial Solutions,External Services,Budget,-150390.28
2026-01-01,Germany,DACH,Industrial Solutions,Travel Expenses,Budget,-37886.16
2026-01-01,Germany,DACH,Industrial Solutions,IT Expenses,Budget,-29787.16
2026-01-01,Germany,DACH,Industrial Solutions,Other Operating Expenses,Budget,-53311.93
2026-01-01,Germany,DACH,Industrial Solutions,Depreciation,Budget,-105273.2
2026-01-01,Germany,DACH,Industrial Solutions,Other Operating Income,Budget,12267.62
2026-01-01,Germany,DACH,Industrial Solutions,Revenue,Forecast,2966977.87
2026-01-01,Germany,DACH,Industrial Solutions,Material Costs,Forecast,-1093065.36
2026-01-01,Germany,DACH,Industrial Solutions,Production Costs,Forecast,-354507.68
2026-01-01,Germany,DACH,Industrial Solutions,Personnel Costs,Forecast,-428363.45
2026-01-01,Germany,DACH,Industrial Solutions,External Services,Forecast,-147711.53
2026-01-01,Germany,DACH,Industrial Solutions,Travel Expenses,Forecast,-35454.84
2026-01-01,Germany,DACH,Industrial Solutions,IT Expenses,Forecast,-30108.69
2026-01-01,Germany,DACH,Industrial Solutions,Other Operating Expenses,Forecast,-50856.34
2026-01-01,Germany,DACH,Industrial Solutions,Depreciation,Forecast,-103844.23
2026-01-01,Germany,DACH,Industrial Solutions,Other Operating Income,Forecast,12493.73
2026-01-01,Germany,DACH,Services,Revenue,Actual,1942781.13
2026-01-01,Germany,DACH,Services,Material Costs,Actual,-370334.47
2026-01-01,Germany,DACH,Services,Production Costs,Actual,-164593.1
2026-01-01,Germany,DACH,Services,Personnel Costs,Actual,-483492.22
2026-01-01,Germany,DACH,Services,External Services,Actual,-154306.03
2026-01-01,Germany,DACH,Services,Travel Expenses,Actual,-22102.57
2026-01-01,Germany,DACH,Services,IT Expenses,Actual,-20008.68
2026-01-01,Germany,DACH,Services,Other Operating Expenses,Actual,-35006.19
2026-01-01,Germany,DACH,Services,Depreciation,Actual,-38855.62
2026-01-01,Germany,DACH,Services,Other Operating Income,Actual,7908.83
2026-01-01,Germany,DACH,Services,Revenue,Budget,1887932.66
2026-01-01,Germany,DACH,Services,Material Costs,Budget,-339827.88
2026-01-01,Germany,DACH,Services,Production Costs,Budget,-151034.61
2026-01-01,Germany,DACH,Services,Personnel Costs,Budget,-443664.17
2026-01-01,Germany,DACH,Services,External Services,Budget,-141594.95
2026-01-01,Germany,DACH,Services,Travel Expenses,Budget,-23301.92
2026-01-01,Germany,DACH,Services,IT Expenses,Budget,-18493.75
2026-01-01,Germany,DACH,Services,Other Operating Expenses,Budget,-34385.04
2026-01-01,Germany,DACH,Services,Depreciation,Budget,-37758.65
2026-01-01,Germany,DACH,Services,Other Operating Income,Budget,7470.88
2026-01-01,Germany,DACH,Services,Revenue,Forecast,1916730.04
2026-01-01,Germany,DACH,Services,Material Costs,Forecast,-348517.15
2026-01-01,Germany,DACH,Services,Production Costs,Forecast,-154896.51
2026-01-01,Germany,DACH,Services,Personnel Costs,Forecast,-455008.51
2026-01-01,Germany,DACH,Services,External Services,Forecast,-145215.48
2026-01-01,Germany,DACH,Services,Travel Expenses,Forecast,-21532.92
2026-01-01,Germany,DACH,Services,IT Expenses,Forecast,-19129.31
2026-01-01,Germany,DACH,Services,Other Operating Expenses,Forecast,-33981.19
2026-01-01,Germany,DACH,Services,Depreciation,Forecast,-38334.6
2026-01-01,Germany,DACH,Services,Other Operating Income,Forecast,7799.49
2026-01-01,Germany,DACH,Equipment,Revenue,Actual,2330121.99
2026-01-01,Germany,DACH,Equipment,Material Costs,Actual,-999180.42
2026-01-01,Germany,DACH,Equipment,Production Costs,Actual,-348551.31
2026-01-01,Germany,DACH,Equipment,Personnel Costs,Actual,-278841.05
2026-01-01,Germany,DACH,Equipment,External Services,Actual,-92947.02
2026-01-01,Germany,DACH,Equipment,Travel Expenses,Actual,-27209.32
2026-01-01,Germany,DACH,Equipment,IT Expenses,Actual,-23693.6
2026-01-01,Germany,DACH,Equipment,Other Operating Expenses,Actual,-41555.06
2026-01-01,Germany,DACH,Equipment,Depreciation,Actual,-104855.49
2026-01-01,Germany,DACH,Equipment,Other Operating Income,Actual,8236.71
2026-01-01,Germany,DACH,Equipment,Revenue,Budget,2402774.4
2026-01-01,Germany,DACH,Equipment,Material Costs,Budget,-1033192.99
2026-01-01,Germany,DACH,Equipment,Production Costs,Budget,-360416.16
2026-01-01,Germany,DACH,Equipment,Personnel Costs,Budget,-288332.93
2026-01-01,Germany,DACH,Equipment,External Services,Budget,-96110.98
2026-01-01,Germany,DACH,Equipment,Travel Expenses,Budget,-28509.07
2026-01-01,Germany,DACH,Equipment,IT Expenses,Budget,-23528.67
2026-01-01,Germany,DACH,Equipment,Other Operating Expenses,Budget,-41486.12
2026-01-01,Germany,DACH,Equipment,Depreciation,Budget,-108124.85
2026-01-01,Germany,DACH,Equipment,Other Operating Income,Budget,9135.38
2026-01-01,Germany,DACH,Equipment,Revenue,Forecast,2349353.69
2026-01-01,Germany,DACH,Equipment,Material Costs,Forecast,-1011548.41
2026-01-01,Germany,DACH,Equipment,Production Costs,Forecast,-352865.72
2026-01-01,Germany,DACH,Equipment,Personnel Costs,Forecast,-282292.58
2026-01-01,Germany,DACH,Equipment,External Services,Forecast,-94097.53
2026-01-01,Germany,DACH,Equipment,Travel Expenses,Forecast,-29315.97
2026-01-01,Germany,DACH,Equipment,IT Expenses,Forecast,-23640.69
2026-01-01,Germany,DACH,Equipment,Other Operating Expenses,Forecast,-41647.17
2026-01-01,Germany,DACH,Equipment,Depreciation,Forecast,-105720.92
2026-01-01,Germany,DACH,Equipment,Other Operating Income,Forecast,9568.79
2026-01-01,France,Western Europe,Industrial Solutions,Revenue,Actual,2399375.33
2026-01-01,France,Western Europe,Industrial Solutions,Material Costs,Actual,-848888.39
2026-01-01,France,Western Europe,Industrial Solutions,Production Costs,Actual,-275315.16
2026-01-01,France,Western Europe,Industrial Solutions,Personnel Costs,Actual,-332672.48
2026-01-01,France,Western Europe,Industrial Solutions,External Services,Actual,-114714.65
2026-01-01,France,Western Europe,Industrial Solutions,Travel Expenses,Actual,-28455.7
2026-01-01,France,Western Europe,Industrial Solutions,IT Expenses,Actual,-24069.6
2026-01-01,France,Western Europe,Industrial Solutions,Other Operating Expenses,Actual,-43084.43
2026-01-01,France,Western Europe,Industrial Solutions,Depreciation,Actual,-83978.14
2026-01-01,France,Western Europe,Industrial Solutions,Other Operating Income,Actual,9437.81
2026-01-01,France,Western Europe,Industrial Solutions,Revenue,Budget,2445612.28
2026-01-01,France,Western Europe,Industrial Solutions,Material Costs,Budget,-904876.54
2026-01-01,France,Western Europe,Industrial Solutions,Production Costs,Budget,-293473.47
2026-01-01,France,Western Europe,Industrial Solutions,Personnel Costs,Budget,-354613.78
2026-01-01,France,Western Europe,Industrial Solutions,External Services,Budget,-122280.61
2026-01-01,France,Western Europe,Industrial Solutions,Travel Expenses,Budget,-28514.69
2026-01-01,France,Western Europe,Industrial Solutions,IT Expenses,Budget,-24753.63
2026-01-01,France,Western Europe,Industrial Solutions,Other Operating Expenses,Budget,-42571.48
2026-01-01,France,Western Europe,Industrial Solutions,Depreciation,Budget,-85596.43
2026-01-01,France,Western Europe,Industrial Solutions,Other Operating Income,Budget,10086.11
2026-01-01,France,Western Europe,Industrial Solutions,Revenue,Forecast,2397831.82
2026-01-01,France,Western Europe,Industrial Solutions,Material Costs,Forecast,-876527.8
2026-01-01,France,Western Europe,Industrial Solutions,Production Costs,Forecast,-284279.29
2026-01-01,France,Western Europe,Industrial Solutions,Personnel Costs,Forecast,-343504.14
2026-01-01,France,Western Europe,Industrial Solutions,External Services,Forecast,-118449.7
2026-01-01,France,Western Europe,Industrial Solutions,Travel Expenses,Forecast,-28124.47
2026-01-01,France,Western Europe,Industrial Solutions,IT Expenses,Forecast,-23274.9
2026-01-01,France,Western Europe,Industrial Solutions,Other Operating Expenses,Forecast,-42619.95
2026-01-01,France,Western Europe,Industrial Solutions,Depreciation,Forecast,-83924.11
2026-01-01,France,Western Europe,Industrial Solutions,Other Operating Income,Forecast,9965.51
2026-01-01,France,Western Europe,Services,Revenue,Actual,1589608.36
2026-01-01,France,Western Europe,Services,Material Costs,Actual,-278234.69
2026-01-01,France,Western Europe,Services,Production Costs,Actual,-123659.86
2026-01-01,France,Western Europe,Services,Personnel Costs,Actual,-363250.85
2026-01-01,France,Western Europe,Services,External Services,Actual,-115931.12
2026-01-01,France,Western Europe,Services,Travel Expenses,Actual,-18886.0
2026-01-01,France,Western Europe,Services,IT Expenses,Actual,-15648.04
2026-01-01,France,Western Europe,Services,Other Operating Expenses,Actual,-29564.74
2026-01-01,France,Western Europe,Services,Depreciation,Actual,-31792.17
2026-01-01,France,Western Europe,Services,Other Operating Income,Actual,6054.05
2026-01-01,France,Western Europe,Services,Revenue,Budget,1546485.09
2026-01-01,France,Western Europe,Services,Material Costs,Budget,-278367.32
2026-01-01,France,Western Europe,Services,Production Costs,Budget,-123718.81
2026-01-01,France,Western Europe,Services,Personnel Costs,Budget,-363424.0
2026-01-01,France,Western Europe,Services,External Services,Budget,-115986.38
2026-01-01,France,Western Europe,Services,Travel Expenses,Budget,-19055.37
2026-01-01,France,Western Europe,Services,IT Expenses,Budget,-15741.04
2026-01-01,France,Western Europe,Services,Other Operating Expenses,Budget,-29110.0
2026-01-01,France,Western Europe,Services,Depreciation,Budget,-30929.7
2026-01-01,France,Western Europe,Services,Other Operating Income,Budget,6084.57
2026-01-01,France,Western Europe,Services,Revenue,Forecast,1576761.85
2026-01-01,France,Western Europe,Services,Material Costs,Forecast,-286243.16
2026-01-01,France,Western Europe,Services,Production Costs,Forecast,-127219.18
2026-01-01,France,Western Europe,Services,Personnel Costs,Forecast,-373706.35
2026-01-01,France,Western Europe,Services,External Services,Forecast,-119267.98
2026-01-01,France,Western Europe,Services,Travel Expenses,Forecast,-20216.29
2026-01-01,France,Western Europe,Services,IT Expenses,Forecast,-15572.84
2026-01-01,France,Western Europe,Services,Other Operating Expenses,Forecast,-27292.54
2026-01-01,France,Western Europe,Services,Depreciation,Forecast,-31535.24
2026-01-01,France,Western Europe,Services,Other Operating Income,Forecast,5832.75
2026-01-01,France,Western Europe,Equipment,Revenue,Actual,1700314.89
2026-01-01,France,Western Europe,Equipment,Material Costs,Actual,-739128.78
2026-01-01,France,Western Europe,Equipment,Production Costs,Actual,-257835.62
2026-01-01,France,Western Europe,Equipment,Personnel Costs,Actual,-206268.5
2026-01-01,France,Western Europe,Equipment,External Services,Actual,-68756.17
2026-01-01,France,Western Europe,Equipment,Travel Expenses,Actual,-20517.13
2026-01-01,France,Western Europe,Equipment,IT Expenses,Actual,-17147.83
2026-01-01,France,Western Europe,Equipment,Other Operating Expenses,Actual,-30775.75
2026-01-01,France,Western Europe,Equipment,Depreciation,Actual,-76514.17
2026-01-01,France,Western Europe,Equipment,Other Operating Income,Actual,7149.18
2026-01-01,France,Western Europe,Equipment,Revenue,Budget,1963485.39
2026-01-01,France,Western Europe,Equipment,Material Costs,Budget,-844298.72
2026-01-01,France,Western Europe,Equipment,Production Costs,Budget,-294522.81
2026-01-01,France,Western Europe,Equipment,Personnel Costs,Budget,-235618.25
2026-01-01,France,Western Europe,Equipment,External Services,Budget,-78539.42
2026-01-01,France,Western Europe,Equipment,Travel Expenses,Budget,-22888.68
2026-01-01,France,Western Europe,Equipment,IT Expenses,Budget,-19369.0
2026-01-01,France,Western Europe,Equipment,Other Operating Expenses,Budget,-34660.04
2026-01-01,France,Western Europe,Equipment,Depreciation,Budget,-88356.84
2026-01-01,France,Western Europe,Equipment,Other Operating Income,Budget,8114.75
2026-01-01,France,Western Europe,Equipment,Revenue,Forecast,1813324.4
2026-01-01,France,Western Europe,Equipment,Material Costs,Forecast,-788154.3
2026-01-01,France,Western Europe,Equipment,Production Costs,Forecast,-274937.55
2026-01-01,France,Western Europe,Equipment,Personnel Costs,Forecast,-219950.04
2026-01-01,France,Western Europe,Equipment,External Services,Forecast,-73316.68
2026-01-01,France,Western Europe,Equipment,Travel Expenses,Forecast,-22054.45
2026-01-01,France,Western Europe,Equipment,IT Expenses,Forecast,-18562.46
2026-01-01,France,Western Europe,Equipment,Other Operating Expenses,Forecast,-31678.56
2026-01-01,France,Western Europe,Equipment,Depreciation,Forecast,-81599.6
2026-01-01,France,Western Europe,Equipment,Other Operating Income,Forecast,7737.01
2026-01-01,Italy,Southern Europe,Industrial Solutions,Revenue,Actual,1834527.58
2026-01-01,Italy,Southern Europe,Industrial Solutions,Material Costs,Actual,-650663.34
2026-01-01,Italy,Southern Europe,Industrial Solutions,Production Costs,Actual,-211025.95
2026-01-01,Italy,Southern Europe,Industrial Solutions,Personnel Costs,Actual,-254989.69
2026-01-01,Italy,Southern Europe,Industrial Solutions,External Services,Actual,-87927.48
2026-01-01,Italy,Southern Europe,Industrial Solutions,Travel Expenses,Actual,-21667.97
2026-01-01,Italy,Southern Europe,Industrial Solutions,IT Expenses,Actual,-18075.49
2026-01-01,Italy,Southern Europe,Industrial Solutions,Other Operating Expenses,Actual,-33617.1
2026-01-01,Italy,Southern Europe,Industrial Solutions,Depreciation,Actual,-64208.47
2026-01-01,Italy,Southern Europe,Industrial Solutions,Other Operating Income,Actual,7029.87
2026-01-01,Italy,Southern Europe,Industrial Solutions,Revenue,Budget,1821171.38
2026-01-01,Italy,Southern Europe,Industrial Solutions,Material Costs,Budget,-673833.41
2026-01-01,Italy,Southern Europe,Industrial Solutions,Production Costs,Budget,-218540.57
2026-01-01,Italy,Southern Europe,Industrial Solutions,Personnel Costs,Budget,-264069.85
2026-01-01,Italy,Southern Europe,Industrial Solutions,External Services,Budget,-91058.57
2026-01-01,Italy,Southern Europe,Industrial Solutions,Travel Expenses,Budget,-22350.69
2026-01-01,Italy,Southern Europe,Industrial Solutions,IT Expenses,Budget,-18710.91
2026-01-01,Italy,Southern Europe,Industrial Solutions,Other Operating Expenses,Budget,-33350.82
2026-01-01,Italy,Southern Europe,Industrial Solutions,Depreciation,Budget,-63741.0
2026-01-01,Italy,Southern Europe,Industrial Solutions,Other Operating Income,Budget,7367.37
2026-01-01,Italy,Southern Europe,Industrial Solutions,Revenue,Forecast,1854581.69
2026-01-01,Italy,Southern Europe,Industrial Solutions,Material Costs,Forecast,-678060.74
2026-01-01,Italy,Southern Europe,Industrial Solutions,Production Costs,Forecast,-219911.59
2026-01-01,Italy,Southern Europe,Industrial Solutions,Personnel Costs,Forecast,-265726.51
2026-01-01,Italy,Southern Europe,Industrial Solutions,External Services,Forecast,-91629.83
2026-01-01,Italy,Southern Europe,Industrial Solutions,Travel Expenses,Forecast,-21689.58
2026-01-01,Italy,Southern Europe,Industrial Solutions,IT Expenses,Forecast,-19009.32
2026-01-01,Italy,Southern Europe,Industrial Solutions,Other Operating Expenses,Forecast,-34032.89
2026-01-01,Italy,Southern Europe,Industrial Solutions,Depreciation,Forecast,-64910.36
2026-01-01,Italy,Southern Europe,Industrial Solutions,Other Operating Income,Forecast,7406.75
2026-01-01,Italy,Southern Europe,Services,Revenue,Actual,1038544.32
2026-01-01,Italy,Southern Europe,Services,Material Costs,Actual,-195870.9
2026-01-01,Italy,Southern Europe,Services,Production Costs,Actual,-87053.73
2026-01-01,Italy,Southern Europe,Services,Personnel Costs,Actual,-255720.34
2026-01-01,Italy,Southern Europe,Services,External Services,Actual,-81612.87
2026-01-01,Italy,Southern Europe,Services,Travel Expenses,Actual,-11983.8
2026-01-01,Italy,Southern Europe,Services,IT Expenses,Actual,-10424.8
2026-01-01,Italy,Southern Europe,Services,Other Operating Expenses,Actual,-19164.62
2026-01-01,Italy,Southern Europe,Services,Depreciation,Actual,-20770.89
2026-01-01,Italy,Southern Europe,Services,Other Operating Income,Actual,3945.65
2026-01-01,Italy,Southern Europe,Services,Revenue,Budget,1112194.33
2026-01-01,Italy,Southern Europe,Services,Material Costs,Budget,-200194.98
2026-01-01,Italy,Southern Europe,Services,Production Costs,Budget,-88975.55
2026-01-01,Italy,Southern Europe,Services,Personnel Costs,Budget,-261365.67
2026-01-01,Italy,Southern Europe,Services,External Services,Budget,-83414.57
2026-01-01,Italy,Southern Europe,Services,Travel Expenses,Budget,-13420.29
2026-01-01,Italy,Southern Europe,Services,IT Expenses,Budget,-11330.57
2026-01-01,Italy,Southern Europe,Services,Other Operating Expenses,Budget,-20025.75
2026-01-01,Italy,Southern Europe,Services,Depreciation,Budget,-22243.89
2026-01-01,Italy,Southern Europe,Services,Other Operating Income,Budget,4959.21
2026-01-01,Italy,Southern Europe,Services,Revenue,Forecast,1062505.88
2026-01-01,Italy,Southern Europe,Services,Material Costs,Forecast,-187421.6
2026-01-01,Italy,Southern Europe,Services,Production Costs,Forecast,-83298.49
2026-01-01,Italy,Southern Europe,Services,Personnel Costs,Forecast,-244689.31
2026-01-01,Italy,Southern Europe,Services,External Services,Forecast,-78092.33
2026-01-01,Italy,Southern Europe,Services,Travel Expenses,Forecast,-13155.04
2026-01-01,Italy,Southern Europe,Services,IT Expenses,Forecast,-10588.34
2026-01-01,Italy,Southern Europe,Services,Other Operating Expenses,Forecast,-19494.18
2026-01-01,Italy,Southern Europe,Services,Depreciation,Forecast,-21250.12
2026-01-01,Italy,Southern Europe,Services,Other Operating Income,Forecast,4325.05
2026-01-01,Italy,Southern Europe,Equipment,Revenue,Actual,1427228.1
2026-01-01,Italy,Southern Europe,Equipment,Material Costs,Actual,-622963.53
2026-01-01,Italy,Southern Europe,Equipment,Production Costs,Actual,-217312.86
2026-01-01,Italy,Southern Europe,Equipment,Personnel Costs,Actual,-173850.29
2026-01-01,Italy,Southern Europe,Equipment,External Services,Actual,-57950.1
2026-01-01,Italy,Southern Europe,Equipment,Travel Expenses,Actual,-17279.93
2026-01-01,Italy,Southern Europe,Equipment,IT Expenses,Actual,-14454.58
2026-01-01,Italy,Southern Europe,Equipment,Other Operating Expenses,Actual,-26369.69
2026-01-01,Italy,Southern Europe,Equipment,Depreciation,Actual,-64225.26
2026-01-01,Italy,Southern Europe,Equipment,Other Operating Income,Actual,5792.86
2026-01-01,Italy,Southern Europe,Equipment,Revenue,Budget,1403423.27
2026-01-01,Italy,Southern Europe,Equipment,Material Costs,Budget,-603472.0
2026-01-01,Italy,Southern Europe,Equipment,Production Costs,Budget,-210513.49
2026-01-01,Italy,Southern Europe,Equipment,Personnel Costs,Budget,-168410.79
2026-01-01,Italy,Southern Europe,Equipment,External Services,Budget,-56136.93
2026-01-01,Italy,Southern Europe,Equipment,Travel Expenses,Budget,-16915.9
2026-01-01,Italy,Southern Europe,Equipment,IT Expenses,Budget,-13786.93
2026-01-01,Italy,Southern Europe,Equipment,Other Operating Expenses,Budget,-24811.82
2026-01-01,Italy,Southern Europe,Equipment,Depreciation,Budget,-63154.05
2026-01-01,Italy,Southern Europe,Equipment,Other Operating Income,Budget,5880.17
2026-01-01,Italy,Southern Europe,Equipment,Revenue,Forecast,1395461.95
2026-01-01,Italy,Southern Europe,Equipment,Material Costs,Forecast,-610391.09
2026-01-01,Italy,Southern Europe,Equipment,Production Costs,Forecast,-212927.12
2026-01-01,Italy,Southern Europe,Equipment,Personnel Costs,Forecast,-170341.7
2026-01-01,Italy,Southern Europe,Equipment,External Services,Forecast,-56780.57
2026-01-01,Italy,Southern Europe,Equipment,Travel Expenses,Forecast,-16625.92
2026-01-01,Italy,Southern Europe,Equipment,IT Expenses,Forecast,-13967.46
2026-01-01,Italy,Southern Europe,Equipment,Other Operating Expenses,Forecast,-24550.26
2026-01-01,Italy,Southern Europe,Equipment,Depreciation,Forecast,-62795.79
2026-01-01,Italy,Southern Europe,Equipment,Other Operating Income,Forecast,5843.69
2026-01-01,Switzerland,DACH,Industrial Solutions,Revenue,Actual,1790619.37
2026-01-01,Switzerland,DACH,Industrial Solutions,Material Costs,Actual,-656268.14
2026-01-01,Switzerland,DACH,Industrial Solutions,Production Costs,Actual,-212843.72
2026-01-01,Switzerland,DACH,Industrial Solutions,Personnel Costs,Actual,-257186.16
2026-01-01,Switzerland,DACH,Industrial Solutions,External Services,Actual,-88684.88
2026-01-01,Switzerland,DACH,Industrial Solutions,Travel Expenses,Actual,-21636.63
2026-01-01,Switzerland,DACH,Industrial Solutions,IT Expenses,Actual,-18137.72
2026-01-01,Switzerland,DACH,Industrial Solutions,Other Operating Expenses,Actual,-32057.37
2026-01-01,Switzerland,DACH,Industrial Solutions,Depreciation,Actual,-62671.68
2026-01-01,Switzerland,DACH,Industrial Solutions,Other Operating Income,Actual,6912.37
2026-01-01,Switzerland,DACH,Industrial Solutions,Revenue,Budget,1690088.45
2026-01-01,Switzerland,DACH,Industrial Solutions,Material Costs,Budget,-625332.73
2026-01-01,Switzerland,DACH,Industrial Solutions,Production Costs,Budget,-202810.61
2026-01-01,Switzerland,DACH,Industrial Solutions,Personnel Costs,Budget,-245062.83
2026-01-01,Switzerland,DACH,Industrial Solutions,External Services,Budget,-84504.42
2026-01-01,Switzerland,DACH,Industrial Solutions,Travel Expenses,Budget,-20817.34
2026-01-01,Switzerland,DACH,Industrial Solutions,IT Expenses,Budget,-17144.64
2026-01-01,Switzerland,DACH,Industrial Solutions,Other Operating Expenses,Budget,-29724.73
2026-01-01,Switzerland,DACH,Industrial Solutions,Depreciation,Budget,-59153.1
2026-01-01,Switzerland,DACH,Industrial Solutions,Other Operating Income,Budget,7126.88
2026-01-01,Switzerland,DACH,Industrial Solutions,Revenue,Forecast,1733116.4
2026-01-01,Switzerland,DACH,Industrial Solutions,Material Costs,Forecast,-650257.79
2026-01-01,Switzerland,DACH,Industrial Solutions,Production Costs,Forecast,-210894.42
2026-01-01,Switzerland,DACH,Industrial Solutions,Personnel Costs,Forecast,-254830.76
2026-01-01,Switzerland,DACH,Industrial Solutions,External Services,Forecast,-87872.67
2026-01-01,Switzerland,DACH,Industrial Solutions,Travel Expenses,Forecast,-20881.19
2026-01-01,Switzerland,DACH,Industrial Solutions,IT Expenses,Forecast,-17358.75
2026-01-01,Switzerland,DACH,Industrial Solutions,Other Operating Expenses,Forecast,-31628.21
2026-01-01,Switzerland,DACH,Industrial Solutions,Depreciation,Forecast,-60659.07
2026-01-01,Switzerland,DACH,Industrial Solutions,Other Operating Income,Forecast,6693.52
2026-01-01,Switzerland,DACH,Services,Revenue,Actual,968992.78
2026-01-01,Switzerland,DACH,Services,Material Costs,Actual,-167609.86
2026-01-01,Switzerland,DACH,Services,Production Costs,Actual,-74493.27
2026-01-01,Switzerland,DACH,Services,Personnel Costs,Actual,-218823.98
2026-01-01,Switzerland,DACH,Services,External Services,Actual,-69837.44
2026-01-01,Switzerland,DACH,Services,Travel Expenses,Actual,-12152.36
2026-01-01,Switzerland,DACH,Services,IT Expenses,Actual,-9625.95
2026-01-01,Switzerland,DACH,Services,Other Operating Expenses,Actual,-17349.57
2026-01-01,Switzerland,DACH,Services,Depreciation,Actual,-19379.86
2026-01-01,Switzerland,DACH,Services,Other Operating Income,Actual,3778.65
2026-01-01,Switzerland,DACH,Services,Revenue,Budget,1048315.15
2026-01-01,Switzerland,DACH,Services,Material Costs,Budget,-188696.73
2026-01-01,Switzerland,DACH,Services,Production Costs,Budget,-83865.21
2026-01-01,Switzerland,DACH,Services,Personnel Costs,Budget,-246354.06
2026-01-01,Switzerland,DACH,Services,External Services,Budget,-78623.64
2026-01-01,Switzerland,DACH,Services,Travel Expenses,Budget,-12471.08
2026-01-01,Switzerland,DACH,Services,IT Expenses,Budget,-10780.57
2026-01-01,Switzerland,DACH,Services,Other Operating Expenses,Budget,-17696.07
2026-01-01,Switzerland,DACH,Services,Depreciation,Budget,-20966.3
2026-01-01,Switzerland,DACH,Services,Other Operating Income,Budget,4407.45
2026-01-01,Switzerland,DACH,Services,Revenue,Forecast,1011732.36
2026-01-01,Switzerland,DACH,Services,Material Costs,Forecast,-182850.52
2026-01-01,Switzerland,DACH,Services,Production Costs,Forecast,-81266.9
2026-01-01,Switzerland,DACH,Services,Personnel Costs,Forecast,-238721.52
2026-01-01,Switzerland,DACH,Services,External Services,Forecast,-76187.72
2026-01-01,Switzerland,DACH,Services,Travel Expenses,Forecast,-11701.16
2026-01-01,Switzerland,DACH,Services,IT Expenses,Forecast,-9899.74
2026-01-01,Switzerland,DACH,Services,Other Operating Expenses,Forecast,-18974.41
2026-01-01,Switzerland,DACH,Services,Depreciation,Forecast,-20234.65
2026-01-01,Switzerland,DACH,Services,Other Operating Income,Forecast,3893.87
2026-01-01,Switzerland,DACH,Equipment,Revenue,Actual,1380225.5
2026-01-01,Switzerland,DACH,Equipment,Material Costs,Actual,-579580.56
2026-01-01,Switzerland,DACH,Equipment,Production Costs,Actual,-202179.27
2026-01-01,Switzerland,DACH,Equipment,Personnel Costs,Actual,-161743.41
2026-01-01,Switzerland,DACH,Equipment,External Services,Actual,-53914.47
2026-01-01,Switzerland,DACH,Equipment,Travel Expenses,Actual,-16670.34
2026-01-01,Switzerland,DACH,Equipment,IT Expenses,Actual,-13519.1
2026-01-01,Switzerland,DACH,Equipment,Other Operating Expenses,Actual,-25527.78
2026-01-01,Switzerland,DACH,Equipment,Depreciation,Actual,-62110.15
2026-01-01,Switzerland,DACH,Equipment,Other Operating Income,Actual,5755.29
2026-01-01,Switzerland,DACH,Equipment,Revenue,Budget,1309016.18
2026-01-01,Switzerland,DACH,Equipment,Material Costs,Budget,-562876.96
2026-01-01,Switzerland,DACH,Equipment,Production Costs,Budget,-196352.43
2026-01-01,Switzerland,DACH,Equipment,Personnel Costs,Budget,-157081.94
2026-01-01,Switzerland,DACH,Equipment,External Services,Budget,-52360.65
2026-01-01,Switzerland,DACH,Equipment,Travel Expenses,Budget,-15958.9
2026-01-01,Switzerland,DACH,Equipment,IT Expenses,Budget,-13184.85
2026-01-01,Switzerland,DACH,Equipment,Other Operating Expenses,Budget,-24599.73
2026-01-01,Switzerland,DACH,Equipment,Depreciation,Budget,-58905.73
2026-01-01,Switzerland,DACH,Equipment,Other Operating Income,Budget,5236.0
2026-01-01,Switzerland,DACH,Equipment,Revenue,Forecast,1351832.75
2026-01-01,Switzerland,DACH,Equipment,Material Costs,Forecast,-573043.97
2026-01-01,Switzerland,DACH,Equipment,Production Costs,Forecast,-199899.06
2026-01-01,Switzerland,DACH,Equipment,Personnel Costs,Forecast,-159919.25
2026-01-01,Switzerland,DACH,Equipment,External Services,Forecast,-53306.42
2026-01-01,Switzerland,DACH,Equipment,Travel Expenses,Forecast,-16440.73
2026-01-01,Switzerland,DACH,Equipment,IT Expenses,Forecast,-14082.32
2026-01-01,Switzerland,DACH,Equipment,Other Operating Expenses,Forecast,-23715.69
2026-01-01,Switzerland,DACH,Equipment,Depreciation,Forecast,-60832.47
2026-01-01,Switzerland,DACH,Equipment,Other Operating Income,Forecast,5329.15
2026-02-01,Austria,DACH,Industrial Solutions,Revenue,Actual,2284389.88
2026-02-01,Austria,DACH,Industrial Solutions,Material Costs,Actual,-899342.34
2026-02-01,Austria,DACH,Industrial Solutions,Production Costs,Actual,-291678.6
2026-02-01,Austria,DACH,Industrial Solutions,Personnel Costs,Actual,-352444.97
2026-02-01,Austria,DACH,Industrial Solutions,External Services,Actual,-121532.75
2026-02-01,Austria,DACH,Industrial Solutions,Travel Expenses,Actual,-29320.63
2026-02-01,Austria,DACH,Industrial Solutions,IT Expenses,Actual,-22933.51
2026-02-01,Austria,DACH,Industrial Solutions,Other Operating Expenses,Actual,-40189.66
2026-02-01,Austria,DACH,Industrial Solutions,Depreciation,Actual,-79953.65
2026-02-01,Austria,DACH,Industrial Solutions,Other Operating Income,Actual,8571.41
2026-02-01,Austria,DACH,Industrial Solutions,Revenue,Budget,2300145.4
2026-02-01,Austria,DACH,Industrial Solutions,Material Costs,Budget,-851053.8
2026-02-01,Austria,DACH,Industrial Solutions,Production Costs,Budget,-276017.45
2026-02-01,Austria,DACH,Industrial Solutions,Personnel Costs,Budget,-333521.08
2026-02-01,Austria,DACH,Industrial Solutions,External Services,Budget,-115007.27
2026-02-01,Austria,DACH,Industrial Solutions,Travel Expenses,Budget,-27815.36
2026-02-01,Austria,DACH,Industrial Solutions,IT Expenses,Budget,-23509.27
2026-02-01,Austria,DACH,Industrial Solutions,Other Operating Expenses,Budget,-41894.45
2026-02-01,Austria,DACH,Industrial Solutions,Depreciation,Budget,-80505.09
2026-02-01,Austria,DACH,Industrial Solutions,Other Operating Income,Budget,9199.7
2026-02-01,Austria,DACH,Industrial Solutions,Revenue,Forecast,2273472.44
2026-02-01,Austria,DACH,Industrial Solutions,Material Costs,Forecast,-835236.56
2026-02-01,Austria,DACH,Industrial Solutions,Production Costs,Forecast,-270887.53
2026-02-01,Austria,DACH,Industrial Solutions,Personnel Costs,Forecast,-327322.44
2026-02-01,Austria,DACH,Industrial Solutions,External Services,Forecast,-112869.81
2026-02-01,Austria,DACH,Industrial Solutions,Travel Expenses,Forecast,-26387.79
2026-02-01,Austria,DACH,Industrial Solutions,IT Expenses,Forecast,-23114.28
2026-02-01,Austria,DACH,Industrial Solutions,Other Operating Expenses,Forecast,-41857.35
2026-02-01,Austria,DACH,Industrial Solutions,Depreciation,Forecast,-79571.54
2026-02-01,Austria,DACH,Industrial Solutions,Other Operating Income,Forecast,8531.62
2026-02-01,Austria,DACH,Services,Revenue,Actual,1459183.6
2026-02-01,Austria,DACH,Services,Material Costs,Actual,-253840.2
2026-02-01,Austria,DACH,Services,Production Costs,Actual,-112817.87
2026-02-01,Austria,DACH,Services,Personnel Costs,Actual,-331402.48
2026-02-01,Austria,DACH,Services,External Services,Actual,-105766.75
2026-02-01,Austria,DACH,Services,Travel Expenses,Actual,-16792.73
2026-02-01,Austria,DACH,Services,IT Expenses,Actual,-14548.36
2026-02-01,Austria,DACH,Services,Other Operating Expenses,Actual,-26595.45
2026-02-01,Austria,DACH,Services,Depreciation,Actual,-29183.67
2026-02-01,Austria,DACH,Services,Other Operating Income,Actual,6256.13
2026-02-01,Austria,DACH,Services,Revenue,Budget,1457732.53
2026-02-01,Austria,DACH,Services,Material Costs,Budget,-262391.86
2026-02-01,Austria,DACH,Services,Production Costs,Budget,-116618.6
2026-02-01,Austria,DACH,Services,Personnel Costs,Budget,-342567.14
2026-02-01,Austria,DACH,Services,External Services,Budget,-109329.94
2026-02-01,Austria,DACH,Services,Travel Expenses,Budget,-17863.33
2026-02-01,Austria,DACH,Services,IT Expenses,Budget,-14506.57
2026-02-01,Austria,DACH,Services,Other Operating Expenses,Budget,-25565.91
2026-02-01,Austria,DACH,Services,Depreciation,Budget,-29154.65
2026-02-01,Austria,DACH,Services,Other Operating Income,Budget,6117.81
2026-02-01,Austria,DACH,Services,Revenue,Forecast,1474861.43
2026-02-01,Austria,DACH,Services,Material Costs,Forecast,-262401.8
2026-02-01,Austria,DACH,Services,Production Costs,Forecast,-116623.02
2026-02-01,Austria,DACH,Services,Personnel Costs,Forecast,-342580.12
2026-02-01,Austria,DACH,Services,External Services,Forecast,-109334.08
2026-02-01,Austria,DACH,Services,Travel Expenses,Forecast,-18562.97
2026-02-01,Austria,DACH,Services,IT Expenses,Forecast,-14664.73
2026-02-01,Austria,DACH,Services,Other Operating Expenses,Forecast,-27603.16
2026-02-01,Austria,DACH,Services,Depreciation,Forecast,-29497.23
2026-02-01,Austria,DACH,Services,Other Operating Income,Forecast,6059.66
2026-02-01,Austria,DACH,Equipment,Revenue,Actual,1778955.58
2026-02-01,Austria,DACH,Equipment,Material Costs,Actual,-773141.93
2026-02-01,Austria,DACH,Equipment,Production Costs,Actual,-269700.67
2026-02-01,Austria,DACH,Equipment,Personnel Costs,Actual,-215760.54
2026-02-01,Austria,DACH,Equipment,External Services,Actual,-71920.18
2026-02-01,Austria,DACH,Equipment,Travel Expenses,Actual,-21396.88
2026-02-01,Austria,DACH,Equipment,IT Expenses,Actual,-17578.28
2026-02-01,Austria,DACH,Equipment,Other Operating Expenses,Actual,-31888.61
2026-02-01,Austria,DACH,Equipment,Depreciation,Actual,-80053.0
2026-02-01,Austria,DACH,Equipment,Other Operating Income,Actual,7138.19
2026-02-01,Austria,DACH,Equipment,Revenue,Budget,1808915.11
2026-02-01,Austria,DACH,Equipment,Material Costs,Budget,-777833.5
2026-02-01,Austria,DACH,Equipment,Production Costs,Budget,-271337.27
2026-02-01,Austria,DACH,Equipment,Personnel Costs,Budget,-217069.81
2026-02-01,Austria,DACH,Equipment,External Services,Budget,-72356.6
2026-02-01,Austria,DACH,Equipment,Travel Expenses,Budget,-20320.73
2026-02-01,Austria,DACH,Equipment,IT Expenses,Budget,-18254.91
2026-02-01,Austria,DACH,Equipment,Other Operating Expenses,Budget,-31762.97
2026-02-01,Austria,DACH,Equipment,Depreciation,Budget,-81401.18
2026-02-01,Austria,DACH,Equipment,Other Operating Income,Budget,6901.86
2026-02-01,Austria,DACH,Equipment,Revenue,Forecast,1787548.92
2026-02-01,Austria,DACH,Equipment,Material Costs,Forecast,-753082.39
2026-02-01,Austria,DACH,Equipment,Production Costs,Forecast,-262703.16
2026-02-01,Austria,DACH,Equipment,Personnel Costs,Forecast,-210162.53
2026-02-01,Austria,DACH,Equipment,External Services,Forecast,-70054.18
2026-02-01,Austria,DACH,Equipment,Travel Expenses,Forecast,-20296.19
2026-02-01,Austria,DACH,Equipment,IT Expenses,Forecast,-17390.9
2026-02-01,Austria,DACH,Equipment,Other Operating Expenses,Forecast,-31605.55
2026-02-01,Austria,DACH,Equipment,Depreciation,Forecast,-80439.7
2026-02-01,Austria,DACH,Equipment,Other Operating Income,Forecast,7708.84
2026-02-01,Germany,DACH,Industrial Solutions,Revenue,Actual,3108977.85
2026-02-01,Germany,DACH,Industrial Solutions,Material Costs,Actual,-1154090.98
2026-02-01,Germany,DACH,Industrial Solutions,Production Costs,Actual,-374299.78
2026-02-01,Germany,DACH,Industrial Solutions,Personnel Costs,Actual,-452278.9
2026-02-01,Germany,DACH,Industrial Solutions,External Services,Actual,-155958.24
2026-02-01,Germany,DACH,Industrial Solutions,Travel Expenses,Actual,-37221.06
2026-02-01,Germany,DACH,Industrial Solutions,IT Expenses,Actual,-30346.55
2026-02-01,Germany,DACH,Industrial Solutions,Other Operating Expenses,Actual,-57991.51
2026-02-01,Germany,DACH,Industrial Solutions,Depreciation,Actual,-108814.22
2026-02-01,Germany,DACH,Industrial Solutions,Other Operating Income,Actual,13334.88
2026-02-01,Germany,DACH,Industrial Solutions,Revenue,Budget,3070257.62
2026-02-01,Germany,DACH,Industrial Solutions,Material Costs,Budget,-1135995.32
2026-02-01,Germany,DACH,Industrial Solutions,Production Costs,Budget,-368430.91
2026-02-01,Germany,DACH,Industrial Solutions,Personnel Costs,Budget,-445187.35
2026-02-01,Germany,DACH,Industrial Solutions,External Services,Budget,-153512.88
2026-02-01,Germany,DACH,Industrial Solutions,Travel Expenses,Budget,-34983.26
2026-02-01,Germany,DACH,Industrial Solutions,IT Expenses,Budget,-30073.77
2026-02-01,Germany,DACH,Industrial Solutions,Other Operating Expenses,Budget,-54878.05
2026-02-01,Germany,DACH,Industrial Solutions,Depreciation,Budget,-107459.02
2026-02-01,Germany,DACH,Industrial Solutions,Other Operating Income,Budget,11807.21
2026-02-01,Germany,DACH,Industrial Solutions,Revenue,Forecast,3101458.62
2026-02-01,Germany,DACH,Industrial Solutions,Material Costs,Forecast,-1154507.08
2026-02-01,Germany,DACH,Industrial Solutions,Production Costs,Forecast,-374434.73
2026-02-01,Germany,DACH,Industrial Solutions,Personnel Costs,Forecast,-452441.96
2026-02-01,Germany,DACH,Industrial Solutions,External Services,Forecast,-156014.47
2026-02-01,Germany,DACH,Industrial Solutions,Travel Expenses,Forecast,-36404.37
2026-02-01,Germany,DACH,Industrial Solutions,IT Expenses,Forecast,-32357.55
2026-02-01,Germany,DACH,Industrial Solutions,Other Operating Expenses,Forecast,-57487.85
2026-02-01,Germany,DACH,Industrial Solutions,Depreciation,Forecast,-108551.05
2026-02-01,Germany,DACH,Industrial Solutions,Other Operating Income,Forecast,12511.32
2026-02-01,Germany,DACH,Services,Revenue,Actual,2096106.31
2026-02-01,Germany,DACH,Services,Material Costs,Actual,-391776.19
2026-02-01,Germany,DACH,Services,Production Costs,Actual,-174122.75
2026-02-01,Germany,DACH,Services,Personnel Costs,Actual,-511485.59
2026-02-01,Germany,DACH,Services,External Services,Actual,-163240.08
2026-02-01,Germany,DACH,Services,Travel Expenses,Actual,-25212.24
2026-02-01,Germany,DACH,Services,IT Expenses,Actual,-21322.28
2026-02-01,Germany,DACH,Services,Other Operating Expenses,Actual,-37861.08
2026-02-01,Germany,DACH,Services,Depreciation,Actual,-41922.13
2026-02-01,Germany,DACH,Services,Other Operating Income,Actual,7855.54
2026-02-01,Germany,DACH,Services,Revenue,Budget,1954895.83
2026-02-01,Germany,DACH,Services,Material Costs,Budget,-351881.25
2026-02-01,Germany,DACH,Services,Production Costs,Budget,-156391.67
2026-02-01,Germany,DACH,Services,Personnel Costs,Budget,-459400.52
2026-02-01,Germany,DACH,Services,External Services,Budget,-146617.19
2026-02-01,Germany,DACH,Services,Travel Expenses,Budget,-22893.75
2026-02-01,Germany,DACH,Services,IT Expenses,Budget,-19520.04
2026-02-01,Germany,DACH,Services,Other Operating Expenses,Budget,-35121.56
2026-02-01,Germany,DACH,Services,Depreciation,Budget,-39097.92
2026-02-01,Germany,DACH,Services,Other Operating Income,Budget,8436.56
2026-02-01,Germany,DACH,Services,Revenue,Forecast,2023391.53
2026-02-01,Germany,DACH,Services,Material Costs,Forecast,-358152.98
2026-02-01,Germany,DACH,Services,Production Costs,Forecast,-159179.1
2026-02-01,Germany,DACH,Services,Personnel Costs,Forecast,-467588.61
2026-02-01,Germany,DACH,Services,External Services,Forecast,-149230.41
2026-02-01,Germany,DACH,Services,Travel Expenses,Forecast,-24648.98
2026-02-01,Germany,DACH,Services,IT Expenses,Forecast,-20836.53
2026-02-01,Germany,DACH,Services,Other Operating Expenses,Forecast,-38489.26
2026-02-01,Germany,DACH,Services,Depreciation,Forecast,-40467.83
2026-02-01,Germany,DACH,Services,Other Operating Income,Forecast,7962.65
2026-02-01,Germany,DACH,Equipment,Revenue,Actual,2494834.9
2026-02-01,Germany,DACH,Equipment,Material Costs,Actual,-1070128.03
2026-02-01,Germany,DACH,Equipment,Production Costs,Actual,-373300.48
2026-02-01,Germany,DACH,Equipment,Personnel Costs,Actual,-298640.38
2026-02-01,Germany,DACH,Equipment,External Services,Actual,-99546.79
2026-02-01,Germany,DACH,Equipment,Travel Expenses,Actual,-30329.59
2026-02-01,Germany,DACH,Equipment,IT Expenses,Actual,-23684.84
2026-02-01,Germany,DACH,Equipment,Other Operating Expenses,Actual,-45672.77
2026-02-01,Germany,DACH,Equipment,Depreciation,Actual,-112267.57
2026-02-01,Germany,DACH,Equipment,Other Operating Income,Actual,10029.71
2026-02-01,Germany,DACH,Equipment,Revenue,Budget,2460481.36
2026-02-01,Germany,DACH,Equipment,Material Costs,Budget,-1058006.99
2026-02-01,Germany,DACH,Equipment,Production Costs,Budget,-369072.2
2026-02-01,Germany,DACH,Equipment,Personnel Costs,Budget,-295257.76
2026-02-01,Germany,DACH,Equipment,External Services,Budget,-98419.25
2026-02-01,Germany,DACH,Equipment,Travel Expenses,Budget,-29328.71
2026-02-01,Germany,DACH,Equipment,IT Expenses,Budget,-25612.07
2026-02-01,Germany,DACH,Equipment,Other Operating Expenses,Budget,-43541.37
2026-02-01,Germany,DACH,Equipment,Depreciation,Budget,-110721.66
2026-02-01,Germany,DACH,Equipment,Other Operating Income,Budget,9683.24
2026-02-01,Germany,DACH,Equipment,Revenue,Forecast,2483253.19
2026-02-01,Germany,DACH,Equipment,Material Costs,Forecast,-1093317.81
2026-02-01,Germany,DACH,Equipment,Production Costs,Forecast,-381389.93
2026-02-01,Germany,DACH,Equipment,Personnel Costs,Forecast,-305111.95
2026-02-01,Germany,DACH,Equipment,External Services,Forecast,-101703.98
2026-02-01,Germany,DACH,Equipment,Travel Expenses,Forecast,-29055.2
2026-02-01,Germany,DACH,Equipment,IT Expenses,Forecast,-24559.32
2026-02-01,Germany,DACH,Equipment,Other Operating Expenses,Forecast,-44534.26
2026-02-01,Germany,DACH,Equipment,Depreciation,Forecast,-111746.39
2026-02-01,Germany,DACH,Equipment,Other Operating Income,Forecast,10267.05
2026-02-01,France,Western Europe,Industrial Solutions,Revenue,Actual,2403678.7
2026-02-01,France,Western Europe,Industrial Solutions,Material Costs,Actual,-875857.18
2026-02-01,France,Western Europe,Industrial Solutions,Production Costs,Actual,-284061.79
2026-02-01,France,Western Europe,Industrial Solutions,Personnel Costs,Actual,-343241.33
2026-02-01,France,Western Europe,Industrial Solutions,External Services,Actual,-118359.08
2026-02-01,France,Western Europe,Industrial Solutions,Travel Expenses,Actual,-28777.32
2026-02-01,France,Western Europe,Industrial Solutions,IT Expenses,Actual,-24241.51
2026-02-01,France,Western Europe,Industrial Solutions,Other Operating Expenses,Actual,-43718.57
2026-02-01,France,Western Europe,Industrial Solutions,Depreciation,Actual,-84128.75
2026-02-01,France,Western Europe,Industrial Solutions,Other Operating Income,Actual,8931.68
2026-02-01,France,Western Europe,Industrial Solutions,Revenue,Budget,2523856.62
2026-02-01,France,Western Europe,Industrial Solutions,Material Costs,Budget,-933826.95
2026-02-01,France,Western Europe,Industrial Solutions,Production Costs,Budget,-302862.79
2026-02-01,France,Western Europe,Industrial Solutions,Personnel Costs,Budget,-365959.21
2026-02-01,France,Western Europe,Industrial Solutions,External Services,Budget,-126192.83
2026-02-01,France,Western Europe,Industrial Solutions,Travel Expenses,Budget,-31252.96
2026-02-01,France,Western Europe,Industrial Solutions,IT Expenses,Budget,-25366.06
2026-02-01,France,Western Europe,Industrial Solutions,Other Operating Expenses,Budget,-47001.88
2026-02-01,France,Western Europe,Industrial Solutions,Depreciation,Budget,-88334.98
2026-02-01,France,Western Europe,Industrial Solutions,Other Operating Income,Budget,10274.8
2026-02-01,France,Western Europe,Industrial Solutions,Revenue,Forecast,2447295.23
2026-02-01,France,Western Europe,Industrial Solutions,Material Costs,Forecast,-917466.2
2026-02-01,France,Western Europe,Industrial Solutions,Production Costs,Forecast,-297556.61
2026-02-01,France,Western Europe,Industrial Solutions,Personnel Costs,Forecast,-359547.56
2026-02-01,France,Western Europe,Industrial Solutions,External Services,Forecast,-123981.92
2026-02-01,France,Western Europe,Industrial Solutions,Travel Expenses,Forecast,-29778.58
2026-02-01,France,Western Europe,Industrial Solutions,IT Expenses,Forecast,-25131.87
2026-02-01,France,Western Europe,Industrial Solutions,Other Operating Expenses,Forecast,-44626.46
2026-02-01,France,Western Europe,Industrial Solutions,Depreciation,Forecast,-85655.33
2026-02-01,France,Western Europe,Industrial Solutions,Other Operating Income,Forecast,9750.84
2026-02-01,France,Western Europe,Services,Revenue,Actual,1622447.78
2026-02-01,France,Western Europe,Services,Material Costs,Actual,-282722.28
2026-02-01,France,Western Europe,Services,Production Costs,Actual,-125654.35
2026-02-01,France,Western Europe,Services,Personnel Costs,Actual,-369109.65
2026-02-01,France,Western Europe,Services,External Services,Actual,-117800.95
2026-02-01,France,Western Europe,Services,Travel Expenses,Actual,-18716.9
2026-02-01,France,Western Europe,Services,IT Expenses,Actual,-16319.46
2026-02-01,France,Western Europe,Services,Other Operating Expenses,Actual,-29310.31
2026-02-01,France,Western Europe,Services,Depreciation,Actual,-32448.96
2026-02-01,France,Western Europe,Services,Other Operating Income,Actual,6330.37
2026-02-01,France,Western Europe,Services,Revenue,Budget,1616394.44
2026-02-01,France,Western Europe,Services,Material Costs,Budget,-290951.0
2026-02-01,France,Western Europe,Services,Production Costs,Budget,-129311.56
2026-02-01,France,Western Europe,Services,Personnel Costs,Budget,-379852.69
2026-02-01,France,Western Europe,Services,External Services,Budget,-121229.58
2026-02-01,France,Western Europe,Services,Travel Expenses,Budget,-19478.77
2026-02-01,France,Western Europe,Services,IT Expenses,Budget,-16677.51
2026-02-01,France,Western Europe,Services,Other Operating Expenses,Budget,-29600.92
2026-02-01,France,Western Europe,Services,Depreciation,Budget,-32327.89
2026-02-01,France,Western Europe,Services,Other Operating Income,Budget,6170.49
2026-02-01,France,Western Europe,Services,Revenue,Forecast,1627158.24
2026-02-01,France,Western Europe,Services,Material Costs,Forecast,-292496.57
2026-02-01,France,Western Europe,Services,Production Costs,Forecast,-129998.47
2026-02-01,France,Western Europe,Services,Personnel Costs,Forecast,-381870.52
2026-02-01,France,Western Europe,Services,External Services,Forecast,-121873.57
2026-02-01,France,Western Europe,Services,Travel Expenses,Forecast,-19054.37
2026-02-01,France,Western Europe,Services,IT Expenses,Forecast,-16145.41
2026-02-01,France,Western Europe,Services,Other Operating Expenses,Forecast,-28985.99
2026-02-01,France,Western Europe,Services,Depreciation,Forecast,-32543.16
2026-02-01,France,Western Europe,Services,Other Operating Income,Forecast,6384.28
2026-02-01,France,Western Europe,Equipment,Revenue,Actual,1855206.64
2026-02-01,France,Western Europe,Equipment,Material Costs,Actual,-739315.48
2026-02-01,France,Western Europe,Equipment,Production Costs,Actual,-257900.75
2026-02-01,France,Western Europe,Equipment,Personnel Costs,Actual,-206320.6
2026-02-01,France,Western Europe,Equipment,External Services,Actual,-68773.53
2026-02-01,France,Western Europe,Equipment,Travel Expenses,Actual,-23633.61
2026-02-01,France,Western Europe,Equipment,IT Expenses,Actual,-18956.04
2026-02-01,France,Western Europe,Equipment,Other Operating Expenses,Actual,-33079.57
2026-02-01,France,Western Europe,Equipment,Depreciation,Actual,-83484.3
2026-02-01,France,Western Europe,Equipment,Other Operating Income,Actual,7426.41
2026-02-01,France,Western Europe,Equipment,Revenue,Budget,1963064.08
2026-02-01,France,Western Europe,Equipment,Material Costs,Budget,-844117.55
2026-02-01,France,Western Europe,Equipment,Production Costs,Budget,-294459.61
2026-02-01,France,Western Europe,Equipment,Personnel Costs,Budget,-235567.69
2026-02-01,France,Western Europe,Equipment,External Services,Budget,-78522.56
2026-02-01,France,Western Europe,Equipment,Travel Expenses,Budget,-22728.76
2026-02-01,France,Western Europe,Equipment,IT Expenses,Budget,-20296.4
2026-02-01,France,Western Europe,Equipment,Other Operating Expenses,Budget,-37011.18
2026-02-01,France,Western Europe,Equipment,Depreciation,Budget,-88337.88
2026-02-01,France,Western Europe,Equipment,Other Operating Income,Budget,7901.47
2026-02-01,France,Western Europe,Equipment,Revenue,Forecast,1895204.47
2026-02-01,France,Western Europe,Equipment,Material Costs,Forecast,-824947.29
2026-02-01,France,Western Europe,Equipment,Production Costs,Forecast,-287772.31
2026-02-01,France,Western Europe,Equipment,Personnel Costs,Forecast,-230217.85
2026-02-01,France,Western Europe,Equipment,External Services,Forecast,-76739.28
2026-02-01,France,Western Europe,Equipment,Travel Expenses,Forecast,-22862.05
2026-02-01,France,Western Europe,Equipment,IT Expenses,Forecast,-18445.37
2026-02-01,France,Western Europe,Equipment,Other Operating Expenses,Forecast,-33762.46
2026-02-01,France,Western Europe,Equipment,Depreciation,Forecast,-85284.2
2026-02-01,France,Western Europe,Equipment,Other Operating Income,Forecast,7620.82
2026-02-01,Italy,Southern Europe,Industrial Solutions,Revenue,Actual,1816954.2
2026-02-01,Italy,Southern Europe,Industrial Solutions,Material Costs,Actual,-670913.74
2026-02-01,Italy,Southern Europe,Industrial Solutions,Production Costs,Actual,-217593.65
2026-02-01,Italy,Southern Europe,Industrial Solutions,Personnel Costs,Actual,-262925.66
2026-02-01,Italy,Southern Europe,Industrial Solutions,External Services,Actual,-90664.02
2026-02-01,Italy,Southern Europe,Industrial Solutions,Travel Expenses,Actual,-21837.63
2026-02-01,Italy,Southern Europe,Industrial Solutions,IT Expenses,Actual,-17784.13
2026-02-01,Italy,Southern Europe,Industrial Solutions,Other Operating Expenses,Actual,-32118.92
2026-02-01,Italy,Southern Europe,Industrial Solutions,Depreciation,Actual,-63593.4
2026-02-01,Italy,Southern Europe,Industrial Solutions,Other Operating Income,Actual,6894.37
2026-02-01,Italy,Southern Europe,Industrial Solutions,Revenue,Budget,1820979.2
2026-02-01,Italy,Southern Europe,Industrial Solutions,Material Costs,Budget,-673762.3
2026-02-01,Italy,Southern Europe,Industrial Solutions,Production Costs,Budget,-218517.5
2026-02-01,Italy,Southern Europe,Industrial Solutions,Personnel Costs,Budget,-264041.98
2026-02-01,Italy,Southern Europe,Industrial Solutions,External Services,Budget,-91048.96
2026-02-01,Italy,Southern Europe,Industrial Solutions,Travel Expenses,Budget,-22492.76
2026-02-01,Italy,Southern Europe,Industrial Solutions,IT Expenses,Budget,-17442.92
2026-02-01,Italy,Southern Europe,Industrial Solutions,Other Operating Expenses,Budget,-33722.92
2026-02-01,Italy,Southern Europe,Industrial Solutions,Depreciation,Budget,-63734.27
2026-02-01,Italy,Southern Europe,Industrial Solutions,Other Operating Income,Budget,7687.84
2026-02-01,Italy,Southern Europe,Industrial Solutions,Revenue,Forecast,1817435.57
2026-02-01,Italy,Southern Europe,Industrial Solutions,Material Costs,Forecast,-670012.74
2026-02-01,Italy,Southern Europe,Industrial Solutions,Production Costs,Forecast,-217301.43
2026-02-01,Italy,Southern Europe,Industrial Solutions,Personnel Costs,Forecast,-262572.56
2026-02-01,Italy,Southern Europe,Industrial Solutions,External Services,Forecast,-90542.26
2026-02-01,Italy,Southern Europe,Industrial Solutions,Travel Expenses,Forecast,-20106.05
2026-02-01,Italy,Southern Europe,Industrial Solutions,IT Expenses,Forecast,-18043.02
2026-02-01,Italy,Southern Europe,Industrial Solutions,Other Operating Expenses,Forecast,-32661.35
2026-02-01,Italy,Southern Europe,Industrial Solutions,Depreciation,Forecast,-63610.25
2026-02-01,Italy,Southern Europe,Industrial Solutions,Other Operating Income,Forecast,6975.87
2026-02-01,Italy,Southern Europe,Services,Revenue,Actual,1205641.93
2026-02-01,Italy,Southern Europe,Services,Material Costs,Actual,-211999.43
2026-02-01,Italy,Southern Europe,Services,Production Costs,Actual,-94221.97
2026-02-01,Italy,Southern Europe,Services,Personnel Costs,Actual,-276777.03
2026-02-01,Italy,Southern Europe,Services,External Services,Actual,-88333.1
2026-02-01,Italy,Southern Europe,Services,Travel Expenses,Actual,-13774.3
2026-02-01,Italy,Southern Europe,Services,IT Expenses,Actual,-11977.57
2026-02-01,Italy,Southern Europe,Services,Other Operating Expenses,Actual,-21585.75
2026-02-01,Italy,Southern Europe,Services,Depreciation,Actual,-24112.84
2026-02-01,Italy,Southern Europe,Services,Other Operating Income,Actual,4918.29
2026-02-01,Italy,Southern Europe,Services,Revenue,Budget,1137278.85
2026-02-01,Italy,Southern Europe,Services,Material Costs,Budget,-204710.19
2026-02-01,Italy,Southern Europe,Services,Production Costs,Budget,-90982.31
2026-02-01,Italy,Southern Europe,Services,Personnel Costs,Budget,-267260.53
2026-02-01,Italy,Southern Europe,Services,External Services,Budget,-85295.91
2026-02-01,Italy,Southern Europe,Services,Travel Expenses,Budget,-13428.18
2026-02-01,Italy,Southern Europe,Services,IT Expenses,Budget,-11489.13
2026-02-01,Italy,Southern Europe,Services,Other Operating Expenses,Budget,-21461.38
2026-02-01,Italy,Southern Europe,Services,Depreciation,Budget,-22745.58
2026-02-01,Italy,Southern Europe,Services,Other Operating Income,Budget,4697.51
2026-02-01,Italy,Southern Europe,Services,Revenue,Forecast,1181128.22
2026-02-01,Italy,Southern Europe,Services,Material Costs,Forecast,-212480.39
2026-02-01,Italy,Southern Europe,Services,Production Costs,Forecast,-94435.73
2026-02-01,Italy,Southern Europe,Services,Personnel Costs,Forecast,-277404.96
2026-02-01,Italy,Southern Europe,Services,External Services,Forecast,-88533.5
2026-02-01,Italy,Southern Europe,Services,Travel Expenses,Forecast,-14095.66
2026-02-01,Italy,Southern Europe,Services,IT Expenses,Forecast,-11727.03
2026-02-01,Italy,Southern Europe,Services,Other Operating Expenses,Forecast,-21887.83
2026-02-01,Italy,Southern Europe,Services,Depreciation,Forecast,-23622.56
2026-02-01,Italy,Southern Europe,Services,Other Operating Income,Forecast,4605.96
2026-02-01,Italy,Southern Europe,Equipment,Revenue,Actual,1452112.44
2026-02-01,Italy,Southern Europe,Equipment,Material Costs,Actual,-602983.88
2026-02-01,Italy,Southern Europe,Equipment,Production Costs,Actual,-210343.21
2026-02-01,Italy,Southern Europe,Equipment,Personnel Costs,Actual,-168274.57
2026-02-01,Italy,Southern Europe,Equipment,External Services,Actual,-56091.52
2026-02-01,Italy,Southern Europe,Equipment,Travel Expenses,Actual,-17594.19
2026-02-01,Italy,Southern Europe,Equipment,IT Expenses,Actual,-14503.41
2026-02-01,Italy,Southern Europe,Equipment,Other Operating Expenses,Actual,-26464.91
2026-02-01,Italy,Southern Europe,Equipment,Depreciation,Actual,-65345.06
2026-02-01,Italy,Southern Europe,Equipment,Other Operating Income,Actual,5684.47
2026-02-01,Italy,Southern Europe,Equipment,Revenue,Budget,1450301.63
2026-02-01,Italy,Southern Europe,Equipment,Material Costs,Budget,-623629.7
2026-02-01,Italy,Southern Europe,Equipment,Production Costs,Budget,-217545.24
2026-02-01,Italy,Southern Europe,Equipment,Personnel Costs,Budget,-174036.2
2026-02-01,Italy,Southern Europe,Equipment,External Services,Budget,-58012.07
2026-02-01,Italy,Southern Europe,Equipment,Travel Expenses,Budget,-18041.02
2026-02-01,Italy,Southern Europe,Equipment,IT Expenses,Budget,-14248.7
2026-02-01,Italy,Southern Europe,Equipment,Other Operating Expenses,Budget,-27222.77
2026-02-01,Italy,Southern Europe,Equipment,Depreciation,Budget,-65263.57
2026-02-01,Italy,Southern Europe,Equipment,Other Operating Income,Budget,5395.67
2026-02-01,Italy,Southern Europe,Equipment,Revenue,Forecast,1445471.67
2026-02-01,Italy,Southern Europe,Equipment,Material Costs,Forecast,-624795.61
2026-02-01,Italy,Southern Europe,Equipment,Production Costs,Forecast,-217951.96
2026-02-01,Italy,Southern Europe,Equipment,Personnel Costs,Forecast,-174361.57
2026-02-01,Italy,Southern Europe,Equipment,External Services,Forecast,-58120.52
2026-02-01,Italy,Southern Europe,Equipment,Travel Expenses,Forecast,-17593.06
2026-02-01,Italy,Southern Europe,Equipment,IT Expenses,Forecast,-14224.73
2026-02-01,Italy,Southern Europe,Equipment,Other Operating Expenses,Forecast,-26294.54
2026-02-01,Italy,Southern Europe,Equipment,Depreciation,Forecast,-65046.23
2026-02-01,Italy,Southern Europe,Equipment,Other Operating Income,Forecast,6077.81
2026-02-01,Switzerland,DACH,Industrial Solutions,Revenue,Actual,1746735.14
2026-02-01,Switzerland,DACH,Industrial Solutions,Material Costs,Actual,-630689.46
2026-02-01,Switzerland,DACH,Industrial Solutions,Production Costs,Actual,-204547.93
2026-02-01,Switzerland,DACH,Industrial Solutions,Personnel Costs,Actual,-247162.09
2026-02-01,Switzerland,DACH,Industrial Solutions,External Services,Actual,-85228.31
2026-02-01,Switzerland,DACH,Industrial Solutions,Travel Expenses,Actual,-21985.28
2026-02-01,Switzerland,DACH,Industrial Solutions,IT Expenses,Actual,-17264.11
2026-02-01,Switzerland,DACH,Industrial Solutions,Other Operating Expenses,Actual,-30518.53
2026-02-01,Switzerland,DACH,Industrial Solutions,Depreciation,Actual,-61135.73
2026-02-01,Switzerland,DACH,Industrial Solutions,Other Operating Income,Actual,6931.62
2026-02-01,Switzerland,DACH,Industrial Solutions,Revenue,Budget,1670868.08
2026-02-01,Switzerland,DACH,Industrial Solutions,Material Costs,Budget,-618221.19
2026-02-01,Switzerland,DACH,Industrial Solutions,Production Costs,Budget,-200504.17
2026-02-01,Switzerland,DACH,Industrial Solutions,Personnel Costs,Budget,-242275.87
2026-02-01,Switzerland,DACH,Industrial Solutions,External Services,Budget,-83543.4
2026-02-01,Switzerland,DACH,Industrial Solutions,Travel Expenses,Budget,-21294.29
2026-02-01,Switzerland,DACH,Industrial Solutions,IT Expenses,Budget,-16096.58
2026-02-01,Switzerland,DACH,Industrial Solutions,Other Operating Expenses,Budget,-29285.16
2026-02-01,Switzerland,DACH,Industrial Solutions,Depreciation,Budget,-58480.38
2026-02-01,Switzerland,DACH,Industrial Solutions,Other Operating Income,Budget,7083.79
2026-02-01,Switzerland,DACH,Industrial Solutions,Revenue,Forecast,1678435.26
2026-02-01,Switzerland,DACH,Industrial Solutions,Material Costs,Forecast,-634865.11
2026-02-01,Switzerland,DACH,Industrial Solutions,Production Costs,Forecast,-205902.2
2026-02-01,Switzerland,DACH,Industrial Solutions,Personnel Costs,Forecast,-248798.49
2026-02-01,Switzerland,DACH,Industrial Solutions,External Services,Forecast,-85792.58
2026-02-01,Switzerland,DACH,Industrial Solutions,Travel Expenses,Forecast,-20078.73
2026-02-01,Switzerland,DACH,Industrial Solutions,IT Expenses,Forecast,-16368.42
2026-02-01,Switzerland,DACH,Industrial Solutions,Other Operating Expenses,Forecast,-31794.82
2026-02-01,Switzerland,DACH,Industrial Solutions,Depreciation,Forecast,-58745.23
2026-02-01,Switzerland,DACH,Industrial Solutions,Other Operating Income,Forecast,7141.93
2026-02-01,Switzerland,DACH,Services,Revenue,Actual,1042326.85
2026-02-01,Switzerland,DACH,Services,Material Costs,Actual,-186866.67
2026-02-01,Switzerland,DACH,Services,Production Costs,Actual,-83051.85
2026-02-01,Switzerland,DACH,Services,Personnel Costs,Actual,-243964.82
2026-02-01,Switzerland,DACH,Services,External Services,Actual,-77861.11
2026-02-01,Switzerland,DACH,Services,Travel Expenses,Actual,-12632.07
2026-02-01,Switzerland,DACH,Services,IT Expenses,Actual,-10725.75
2026-02-01,Switzerland,DACH,Services,Other Operating Expenses,Actual,-19174.37
2026-02-01,Switzerland,DACH,Services,Depreciation,Actual,-20846.54
2026-02-01,Switzerland,DACH,Services,Other Operating Income,Actual,3989.63
2026-02-01,Switzerland,DACH,Services,Revenue,Budget,1081572.59
2026-02-01,Switzerland,DACH,Services,Material Costs,Budget,-194683.07
2026-02-01,Switzerland,DACH,Services,Production Costs,Budget,-86525.81
2026-02-01,Switzerland,DACH,Services,Personnel Costs,Budget,-254169.56
2026-02-01,Switzerland,DACH,Services,External Services,Budget,-81117.94
2026-02-01,Switzerland,DACH,Services,Travel Expenses,Budget,-13514.83
2026-02-01,Switzerland,DACH,Services,IT Expenses,Budget,-10883.46
2026-02-01,Switzerland,DACH,Services,Other Operating Expenses,Budget,-19802.71
2026-02-01,Switzerland,DACH,Services,Depreciation,Budget,-21631.45
2026-02-01,Switzerland,DACH,Services,Other Operating Income,Budget,4580.08
2026-02-01,Switzerland,DACH,Services,Revenue,Forecast,1059571.67
2026-02-01,Switzerland,DACH,Services,Material Costs,Forecast,-188178.85
2026-02-01,Switzerland,DACH,Services,Production Costs,Forecast,-83635.05
2026-02-01,Switzerland,DACH,Services,Personnel Costs,Forecast,-245677.95
2026-02-01,Switzerland,DACH,Services,External Services,Forecast,-78407.86
2026-02-01,Switzerland,DACH,Services,Travel Expenses,Forecast,-12701.19
2026-02-01,Switzerland,DACH,Services,IT Expenses,Forecast,-10483.09
2026-02-01,Switzerland,DACH,Services,Other Operating Expenses,Forecast,-18324.72
2026-02-01,Switzerland,DACH,Services,Depreciation,Forecast,-21191.43
2026-02-01,Switzerland,DACH,Services,Other Operating Income,Forecast,4297.06
2026-02-01,Switzerland,DACH,Equipment,Revenue,Actual,1271402.16
2026-02-01,Switzerland,DACH,Equipment,Material Costs,Actual,-555457.6
2026-02-01,Switzerland,DACH,Equipment,Production Costs,Actual,-193764.28
2026-02-01,Switzerland,DACH,Equipment,Personnel Costs,Actual,-155011.42
2026-02-01,Switzerland,DACH,Equipment,External Services,Actual,-51670.47
2026-02-01,Switzerland,DACH,Equipment,Travel Expenses,Actual,-15313.16
2026-02-01,Switzerland,DACH,Equipment,IT Expenses,Actual,-12685.26
2026-02-01,Switzerland,DACH,Equipment,Other Operating Expenses,Actual,-22141.92
2026-02-01,Switzerland,DACH,Equipment,Depreciation,Actual,-57213.1
2026-02-01,Switzerland,DACH,Equipment,Other Operating Income,Actual,5132.96
2026-02-01,Switzerland,DACH,Equipment,Revenue,Budget,1399876.39
2026-02-01,Switzerland,DACH,Equipment,Material Costs,Budget,-601946.85
2026-02-01,Switzerland,DACH,Equipment,Production Costs,Budget,-209981.46
2026-02-01,Switzerland,DACH,Equipment,Personnel Costs,Budget,-167985.17
2026-02-01,Switzerland,DACH,Equipment,External Services,Budget,-55995.06
2026-02-01,Switzerland,DACH,Equipment,Travel Expenses,Budget,-16417.14
2026-02-01,Switzerland,DACH,Equipment,IT Expenses,Budget,-13385.64
2026-02-01,Switzerland,DACH,Equipment,Other Operating Expenses,Budget,-25950.3
2026-02-01,Switzerland,DACH,Equipment,Depreciation,Budget,-62994.44
2026-02-01,Switzerland,DACH,Equipment,Other Operating Income,Budget,5814.17
2026-02-01,Switzerland,DACH,Equipment,Revenue,Forecast,1328872.3
2026-02-01,Switzerland,DACH,Equipment,Material Costs,Forecast,-571769.33
2026-02-01,Switzerland,DACH,Equipment,Production Costs,Forecast,-199454.42
2026-02-01,Switzerland,DACH,Equipment,Personnel Costs,Forecast,-159563.53
2026-02-01,Switzerland,DACH,Equipment,External Services,Forecast,-53187.84
2026-02-01,Switzerland,DACH,Equipment,Travel Expenses,Forecast,-16056.06
2026-02-01,Switzerland,DACH,Equipment,IT Expenses,Forecast,-13574.25
2026-02-01,Switzerland,DACH,Equipment,Other Operating Expenses,Forecast,-24053.85
2026-02-01,Switzerland,DACH,Equipment,Depreciation,Forecast,-59799.25
2026-02-01,Switzerland,DACH,Equipment,Other Operating Income,Forecast,5507.7
2026-03-01,Austria,DACH,Industrial Solutions,Revenue,Actual,2605858.06
2026-03-01,Austria,DACH,Industrial Solutions,Material Costs,Actual,-1002754.52
2026-03-01,Austria,DACH,Industrial Solutions,Production Costs,Actual,-325217.68
2026-03-01,Austria,DACH,Industrial Solutions,Personnel Costs,Actual,-392971.37
2026-03-01,Austria,DACH,Industrial Solutions,External Services,Actual,-135507.37
2026-03-01,Austria,DACH,Industrial Solutions,Travel Expenses,Actual,-30078.84
2026-03-01,Austria,DACH,Industrial Solutions,IT Expenses,Actual,-26208.13
2026-03-01,Austria,DACH,Industrial Solutions,Other Operating Expenses,Actual,-45929.86
2026-03-01,Austria,DACH,Industrial Solutions,Depreciation,Actual,-91205.03
2026-03-01,Austria,DACH,Industrial Solutions,Other Operating Income,Actual,10157.31
2026-03-01,Austria,DACH,Industrial Solutions,Revenue,Budget,2482558.05
2026-03-01,Austria,DACH,Industrial Solutions,Material Costs,Budget,-918546.48
2026-03-01,Austria,DACH,Industrial Solutions,Production Costs,Budget,-297906.97
2026-03-01,Austria,DACH,Industrial Solutions,Personnel Costs,Budget,-359970.92
2026-03-01,Austria,DACH,Industrial Solutions,External Services,Budget,-124127.9
2026-03-01,Austria,DACH,Industrial Solutions,Travel Expenses,Budget,-29061.98
2026-03-01,Austria,DACH,Industrial Solutions,IT Expenses,Budget,-24296.18
2026-03-01,Austria,DACH,Industrial Solutions,Other Operating Expenses,Budget,-47059.74
2026-03-01,Austria,DACH,Industrial Solutions,Depreciation,Budget,-86889.53
2026-03-01,Austria,DACH,Industrial Solutions,Other Operating Income,Budget,10459.05
2026-03-01,Austria,DACH,Industrial Solutions,Revenue,Forecast,2556918.04
2026-03-01,Austria,DACH,Industrial Solutions,Material Costs,Forecast,-967861.06
2026-03-01,Austria,DACH,Industrial Solutions,Production Costs,Forecast,-313900.88
2026-03-01,Austria,DACH,Industrial Solutions,Personnel Costs,Forecast,-379296.9
2026-03-01,Austria,DACH,Industrial Solutions,External Services,Forecast,-130792.04
2026-03-01,Austria,DACH,Industrial Solutions,Travel Expenses,Forecast,-29557.35
2026-03-01,Austria,DACH,Industrial Solutions,IT Expenses,Forecast,-25605.62
2026-03-01,Austria,DACH,Industrial Solutions,Other Operating Expenses,Forecast,-44536.2
2026-03-01,Austria,DACH,Industrial Solutions,Depreciation,Forecast,-89492.13
2026-03-01,Austria,DACH,Industrial Solutions,Other Operating Income,Forecast,9943.06
2026-03-01,Austria,DACH,Services,Revenue,Actual,1624715.46
2026-03-01,Austria,DACH,Services,Material Costs,Actual,-300259.94
2026-03-01,Austria,DACH,Services,Production Costs,Actual,-133448.86
2026-03-01,Austria,DACH,Services,Personnel Costs,Actual,-392006.03
2026-03-01,Austria,DACH,Services,External Services,Actual,-125108.31
2026-03-01,Austria,DACH,Services,Travel Expenses,Actual,-19849.93
2026-03-01,Austria,DACH,Services,IT Expenses,Actual,-16995.71
2026-03-01,Austria,DACH,Services,Other Operating Expenses,Actual,-28163.22
2026-03-01,Austria,DACH,Services,Depreciation,Actual,-32494.31
2026-03-01,Austria,DACH,Services,Other Operating Income,Actual,6826.21
2026-03-01,Austria,DACH,Services,Revenue,Budget,1540001.48
2026-03-01,Austria,DACH,Services,Material Costs,Budget,-277200.27
2026-03-01,Austria,DACH,Services,Production Costs,Budget,-123200.12
2026-03-01,Austria,DACH,Services,Personnel Costs,Budget,-361900.35
2026-03-01,Austria,DACH,Services,External Services,Budget,-115500.11
2026-03-01,Austria,DACH,Services,Travel Expenses,Budget,-19115.61
2026-03-01,Austria,DACH,Services,IT Expenses,Budget,-15100.21
2026-03-01,Austria,DACH,Services,Other Operating Expenses,Budget,-28417.97
2026-03-01,Austria,DACH,Services,Depreciation,Budget,-30800.03
2026-03-01,Austria,DACH,Services,Other Operating Income,Budget,6242.83
2026-03-01,Austria,DACH,Services,Revenue,Forecast,1581564.93
2026-03-01,Austria,DACH,Services,Material Costs,Forecast,-283904.59
2026-03-01,Austria,DACH,Services,Production Costs,Forecast,-126179.82
2026-03-01,Austria,DACH,Services,Personnel Costs,Forecast,-370653.21
2026-03-01,Austria,DACH,Services,External Services,Forecast,-118293.58
2026-03-01,Austria,DACH,Services,Travel Expenses,Forecast,-18509.66
2026-03-01,Austria,DACH,Services,IT Expenses,Forecast,-15588.19
2026-03-01,Austria,DACH,Services,Other Operating Expenses,Forecast,-29927.03
2026-03-01,Austria,DACH,Services,Depreciation,Forecast,-31631.3
2026-03-01,Austria,DACH,Services,Other Operating Income,Forecast,6326.43
2026-03-01,Austria,DACH,Equipment,Revenue,Actual,1917800.57
2026-03-01,Austria,DACH,Equipment,Material Costs,Actual,-846960.83
2026-03-01,Austria,DACH,Equipment,Production Costs,Actual,-295451.45
2026-03-01,Austria,DACH,Equipment,Personnel Costs,Actual,-236361.16
2026-03-01,Austria,DACH,Equipment,External Services,Actual,-78787.05
2026-03-01,Austria,DACH,Equipment,Travel Expenses,Actual,-22081.85
2026-03-01,Austria,DACH,Equipment,IT Expenses,Actual,-19018.75
2026-03-01,Austria,DACH,Equipment,Other Operating Expenses,Actual,-34549.78
2026-03-01,Austria,DACH,Equipment,Depreciation,Actual,-86301.03
2026-03-01,Austria,DACH,Equipment,Other Operating Income,Actual,7705.38
2026-03-01,Austria,DACH,Equipment,Revenue,Budget,1990911.57
2026-03-01,Austria,DACH,Equipment,Material Costs,Budget,-856091.98
2026-03-01,Austria,DACH,Equipment,Production Costs,Budget,-298636.74
2026-03-01,Austria,DACH,Equipment,Personnel Costs,Budget,-238909.39
2026-03-01,Austria,DACH,Equipment,External Services,Budget,-79636.46
2026-03-01,Austria,DACH,Equipment,Travel Expenses,Budget,-23762.58
2026-03-01,Austria,DACH,Equipment,IT Expenses,Budget,-20066.72
2026-03-01,Austria,DACH,Equipment,Other Operating Expenses,Budget,-36457.14
2026-03-01,Austria,DACH,Equipment,Depreciation,Budget,-89591.02
2026-03-01,Austria,DACH,Equipment,Other Operating Income,Budget,8197.66
2026-03-01,Austria,DACH,Equipment,Revenue,Forecast,1938530.44
2026-03-01,Austria,DACH,Equipment,Material Costs,Forecast,-823707.28
2026-03-01,Austria,DACH,Equipment,Production Costs,Forecast,-287339.75
2026-03-01,Austria,DACH,Equipment,Personnel Costs,Forecast,-229871.8
2026-03-01,Austria,DACH,Equipment,External Services,Forecast,-76623.93
2026-03-01,Austria,DACH,Equipment,Travel Expenses,Forecast,-23064.06
2026-03-01,Austria,DACH,Equipment,IT Expenses,Forecast,-19848.52
2026-03-01,Austria,DACH,Equipment,Other Operating Expenses,Forecast,-35673.98
2026-03-01,Austria,DACH,Equipment,Depreciation,Forecast,-87233.87
2026-03-01,Austria,DACH,Equipment,Other Operating Income,Forecast,7328.31
2026-03-01,Germany,DACH,Industrial Solutions,Revenue,Actual,3130581.33
2026-03-01,Germany,DACH,Industrial Solutions,Material Costs,Actual,-1213270.4
2026-03-01,Germany,DACH,Industrial Solutions,Production Costs,Actual,-393493.1
2026-03-01,Germany,DACH,Industrial Solutions,Personnel Costs,Actual,-475470.83
2026-03-01,Germany,DACH,Industrial Solutions,External Services,Actual,-163955.46
2026-03-01,Germany,DACH,Industrial Solutions,Travel Expenses,Actual,-36498.69
2026-03-01,Germany,DACH,Industrial Solutions,IT Expenses,Actual,-30783.43
2026-03-01,Germany,DACH,Industrial Solutions,Other Operating Expenses,Actual,-57426.8
2026-03-01,Germany,DACH,Industrial Solutions,Depreciation,Actual,-109570.35
2026-03-01,Germany,DACH,Industrial Solutions,Other Operating Income,Actual,11749.55
2026-03-01,Germany,DACH,Industrial Solutions,Revenue,Budget,3377646.46
2026-03-01,Germany,DACH,Industrial Solutions,Material Costs,Budget,-1249729.19
2026-03-01,Germany,DACH,Industrial Solutions,Production Costs,Budget,-405317.58
2026-03-01,Germany,DACH,Industrial Solutions,Personnel Costs,Budget,-489758.74
2026-03-01,Germany,DACH,Industrial Solutions,External Services,Budget,-168882.32
2026-03-01,Germany,DACH,Industrial Solutions,Travel Expenses,Budget,-39762.36
2026-03-01,Germany,DACH,Industrial Solutions,IT Expenses,Budget,-34179.38
2026-03-01,Germany,DACH,Industrial Solutions,Other Operating Expenses,Budget,-59833.56
2026-03-01,Germany,DACH,Industrial Solutions,Depreciation,Budget,-118217.63
2026-03-01,Germany,DACH,Industrial Solutions,Other Operating Income,Budget,13383.06
2026-03-01,Germany,DACH,Industrial Solutions,Revenue,Forecast,3242977.86
2026-03-01,Germany,DACH,Industrial Solutions,Material Costs,Forecast,-1210617.2
2026-03-01,Germany,DACH,Industrial Solutions,Production Costs,Forecast,-392632.61
2026-03-01,Germany,DACH,Industrial Solutions,Personnel Costs,Forecast,-474431.07
2026-03-01,Germany,DACH,Industrial Solutions,External Services,Forecast,-163596.92
2026-03-01,Germany,DACH,Industrial Solutions,Travel Expenses,Forecast,-39407.88
2026-03-01,Germany,DACH,Industrial Solutions,IT Expenses,Forecast,-32602.84
2026-03-01,Germany,DACH,Industrial Solutions,Other Operating Expenses,Forecast,-57878.71
2026-03-01,Germany,DACH,Industrial Solutions,Depreciation,Forecast,-113504.22
2026-03-01,Germany,DACH,Industrial Solutions,Other Operating Income,Forecast,13163.93
2026-03-01,Germany,DACH,Services,Revenue,Actual,2231959.06
2026-03-01,Germany,DACH,Services,Material Costs,Actual,-423914.08
2026-03-01,Germany,DACH,Services,Production Costs,Actual,-188406.26
2026-03-01,Germany,DACH,Services,Personnel Costs,Actual,-553443.38
2026-03-01,Germany,DACH,Services,External Services,Actual,-176630.87
2026-03-01,Germany,DACH,Services,Travel Expenses,Actual,-25988.07
2026-03-01,Germany,DACH,Services,IT Expenses,Actual,-22303.96
2026-03-01,Germany,DACH,Services,Other Operating Expenses,Actual,-39360.71
2026-03-01,Germany,DACH,Services,Depreciation,Actual,-44639.18
2026-03-01,Germany,DACH,Services,Other Operating Income,Actual,8530.0
2026-03-01,Germany,DACH,Services,Revenue,Budget,2099041.35
2026-03-01,Germany,DACH,Services,Material Costs,Budget,-377827.44
2026-03-01,Germany,DACH,Services,Production Costs,Budget,-167923.31
2026-03-01,Germany,DACH,Services,Personnel Costs,Budget,-493274.72
2026-03-01,Germany,DACH,Services,External Services,Budget,-157428.1
2026-03-01,Germany,DACH,Services,Travel Expenses,Budget,-25383.95
2026-03-01,Germany,DACH,Services,IT Expenses,Budget,-21079.72
2026-03-01,Germany,DACH,Services,Other Operating Expenses,Budget,-38522.22
2026-03-01,Germany,DACH,Services,Depreciation,Budget,-41980.83
2026-03-01,Germany,DACH,Services,Other Operating Income,Budget,8251.37
2026-03-01,Germany,DACH,Services,Revenue,Forecast,2163510.82
2026-03-01,Germany,DACH,Services,Material Costs,Forecast,-391338.85
2026-03-01,Germany,DACH,Services,Production Costs,Forecast,-173928.38
2026-03-01,Germany,DACH,Services,Personnel Costs,Forecast,-510914.61
2026-03-01,Germany,DACH,Services,External Services,Forecast,-163057.86
2026-03-01,Germany,DACH,Services,Travel Expenses,Forecast,-26391.13
2026-03-01,Germany,DACH,Services,IT Expenses,Forecast,-21827.56
2026-03-01,Germany,DACH,Services,Other Operating Expenses,Forecast,-38139.35
2026-03-01,Germany,DACH,Services,Depreciation,Forecast,-43270.22
2026-03-01,Germany,DACH,Services,Other Operating Income,Forecast,8705.75
2026-03-01,Germany,DACH,Equipment,Revenue,Actual,2663408.33
2026-03-01,Germany,DACH,Equipment,Material Costs,Actual,-1149860.66
2026-03-01,Germany,DACH,Equipment,Production Costs,Actual,-401114.18
2026-03-01,Germany,DACH,Equipment,Personnel Costs,Actual,-320891.35
2026-03-01,Germany,DACH,Equipment,External Services,Actual,-106963.78
2026-03-01,Germany,DACH,Equipment,Travel Expenses,Actual,-34082.33
2026-03-01,Germany,DACH,Equipment,IT Expenses,Actual,-26442.3
2026-03-01,Germany,DACH,Equipment,Other Operating Expenses,Actual,-47068.72
2026-03-01,Germany,DACH,Equipment,Depreciation,Actual,-119853.37
2026-03-01,Germany,DACH,Equipment,Other Operating Income,Actual,10812.73
2026-03-01,Germany,DACH,Equipment,Revenue,Budget,2674374.65
2026-03-01,Germany,DACH,Equipment,Material Costs,Budget,-1149981.1
2026-03-01,Germany,DACH,Equipment,Production Costs,Budget,-401156.2
2026-03-01,Germany,DACH,Equipment,Personnel Costs,Budget,-320924.96
2026-03-01,Germany,DACH,Equipment,External Services,Budget,-106974.99
2026-03-01,Germany,DACH,Equipment,Travel Expenses,Budget,-32393.25
2026-03-01,Germany,DACH,Equipment,IT Expenses,Budget,-27381.71
2026-03-01,Germany,DACH,Equipment,Other Operating Expenses,Budget,-46624.94
2026-03-01,Germany,DACH,Equipment,Depreciation,Budget,-120346.86
2026-03-01,Germany,DACH,Equipment,Other Operating Income,Budget,11010.46
2026-03-01,Germany,DACH,Equipment,Revenue,Forecast,2623803.67
2026-03-01,Germany,DACH,Equipment,Material Costs,Forecast,-1136229.2
2026-03-01,Germany,DACH,Equipment,Production Costs,Forecast,-396359.02
2026-03-01,Germany,DACH,Equipment,Personnel Costs,Forecast,-317087.22
2026-03-01,Germany,DACH,Equipment,External Services,Forecast,-105695.74
2026-03-01,Germany,DACH,Equipment,Travel Expenses,Forecast,-31351.38
2026-03-01,Germany,DACH,Equipment,IT Expenses,Forecast,-26415.77
2026-03-01,Germany,DACH,Equipment,Other Operating Expenses,Forecast,-48443.96
2026-03-01,Germany,DACH,Equipment,Depreciation,Forecast,-118071.17
2026-03-01,Germany,DACH,Equipment,Other Operating Income,Forecast,10861.42
2026-03-01,France,Western Europe,Industrial Solutions,Revenue,Actual,2819267.51
2026-03-01,France,Western Europe,Industrial Solutions,Material Costs,Actual,-1045029.41
2026-03-01,France,Western Europe,Industrial Solutions,Production Costs,Actual,-338928.46
2026-03-01,France,Western Europe,Industrial Solutions,Personnel Costs,Actual,-409538.55
2026-03-01,France,Western Europe,Industrial Solutions,External Services,Actual,-141220.19
2026-03-01,France,Western Europe,Industrial Solutions,Travel Expenses,Actual,-33905.5
2026-03-01,France,Western Europe,Industrial Solutions,IT Expenses,Actual,-28107.96
2026-03-01,France,Western Europe,Industrial Solutions,Other Operating Expenses,Actual,-52258.7
2026-03-01,France,Western Europe,Industrial Solutions,Depreciation,Actual,-98674.36
2026-03-01,France,Western Europe,Industrial Solutions,Other Operating Income,Actual,11239.31
2026-03-01,France,Western Europe,Industrial Solutions,Revenue,Budget,2703006.53
2026-03-01,France,Western Europe,Industrial Solutions,Material Costs,Budget,-1000112.42
2026-03-01,France,Western Europe,Industrial Solutions,Production Costs,Budget,-324360.78
2026-03-01,France,Western Europe,Industrial Solutions,Personnel Costs,Budget,-391935.95
2026-03-01,France,Western Europe,Industrial Solutions,External Services,Budget,-135150.33
2026-03-01,France,Western Europe,Industrial Solutions,Travel Expenses,Budget,-31346.67
2026-03-01,France,Western Europe,Industrial Solutions,IT Expenses,Budget,-26817.32
2026-03-01,France,Western Europe,Industrial Solutions,Other Operating Expenses,Budget,-48871.47
2026-03-01,France,Western Europe,Industrial Solutions,Depreciation,Budget,-94605.23
2026-03-01,France,Western Europe,Industrial Solutions,Other Operating Income,Budget,11343.64
2026-03-01,France,Western Europe,Industrial Solutions,Revenue,Forecast,2765518.15
2026-03-01,France,Western Europe,Industrial Solutions,Material Costs,Forecast,-1030647.06
2026-03-01,France,Western Europe,Industrial Solutions,Production Costs,Forecast,-334263.91
2026-03-01,France,Western Europe,Industrial Solutions,Personnel Costs,Forecast,-403902.22
2026-03-01,France,Western Europe,Industrial Solutions,External Services,Forecast,-139276.63
2026-03-01,France,Western Europe,Industrial Solutions,Travel Expenses,Forecast,-32339.44
2026-03-01,France,Western Europe,Industrial Solutions,IT Expenses,Forecast,-29029.75
2026-03-01,France,Western Europe,Industrial Solutions,Other Operating Expenses,Forecast,-50108.84
2026-03-01,France,Western Europe,Industrial Solutions,Depreciation,Forecast,-96793.14
2026-03-01,France,Western Europe,Industrial Solutions,Other Operating Income,Forecast,11626.41
2026-03-01,France,Western Europe,Services,Revenue,Actual,1744848.44
2026-03-01,France,Western Europe,Services,Material Costs,Actual,-323637.76
2026-03-01,France,Western Europe,Services,Production Costs,Actual,-143839.01
2026-03-01,France,Western Europe,Services,Personnel Costs,Actual,-422527.08
2026-03-01,France,Western Europe,Services,External Services,Actual,-134849.07
2026-03-01,France,Western Europe,Services,Travel Expenses,Actual,-21602.36
2026-03-01,France,Western Europe,Services,IT Expenses,Actual,-17752.85
2026-03-01,France,Western Europe,Services,Other Operating Expenses,Actual,-31159.87
2026-03-01,France,Western Europe,Services,Depreciation,Actual,-34896.97
2026-03-01,France,Western Europe,Services,Other Operating Income,Actual,6819.78
2026-03-01,France,Western Europe,Services,Revenue,Budget,1709754.84
2026-03-01,France,Western Europe,Services,Material Costs,Budget,-307755.87
2026-03-01,France,Western Europe,Services,Production Costs,Budget,-136780.39
2026-03-01,France,Western Europe,Services,Personnel Costs,Budget,-401792.39
2026-03-01,France,Western Europe,Services,External Services,Budget,-128231.61
2026-03-01,France,Western Europe,Services,Travel Expenses,Budget,-20721.78
2026-03-01,France,Western Europe,Services,IT Expenses,Budget,-17416.63
2026-03-01,France,Western Europe,Services,Other Operating Expenses,Budget,-30604.23
2026-03-01,France,Western Europe,Services,Depreciation,Budget,-34195.1
2026-03-01,France,Western Europe,Services,Other Operating Income,Budget,7130.41
2026-03-01,France,Western Europe,Services,Revenue,Forecast,1740668.22
2026-03-01,France,Western Europe,Services,Material Costs,Forecast,-318781.89
2026-03-01,France,Western Europe,Services,Production Costs,Forecast,-141680.84
2026-03-01,France,Western Europe,Services,Personnel Costs,Forecast,-416187.47
2026-03-01,France,Western Europe,Services,External Services,Forecast,-132825.79
2026-03-01,France,Western Europe,Services,Travel Expenses,Forecast,-20313.81
2026-03-01,France,Western Europe,Services,IT Expenses,Forecast,-17115.32
2026-03-01,France,Western Europe,Services,Other Operating Expenses,Forecast,-31222.07
2026-03-01,France,Western Europe,Services,Depreciation,Forecast,-34813.36
2026-03-01,France,Western Europe,Services,Other Operating Income,Forecast,7048.35
2026-03-01,France,Western Europe,Equipment,Revenue,Actual,2124621.24
2026-03-01,France,Western Europe,Equipment,Material Costs,Actual,-914488.09
2026-03-01,France,Western Europe,Equipment,Production Costs,Actual,-319007.47
2026-03-01,France,Western Europe,Equipment,Personnel Costs,Actual,-255205.98
2026-03-01,France,Western Europe,Equipment,External Services,Actual,-85068.66
2026-03-01,France,Western Europe,Equipment,Travel Expenses,Actual,-24397.18
2026-03-01,France,Western Europe,Equipment,IT Expenses,Actual,-20687.09
2026-03-01,France,Western Europe,Equipment,Other Operating Expenses,Actual,-38511.85
2026-03-01,France,Western Europe,Equipment,Depreciation,Actual,-95607.96
2026-03-01,France,Western Europe,Equipment,Other Operating Income,Actual,7773.53
2026-03-01,France,Western Europe,Equipment,Revenue,Budget,2155981.99
2026-03-01,France,Western Europe,Equipment,Material Costs,Budget,-927072.26
2026-03-01,France,Western Europe,Equipment,Production Costs,Budget,-323397.3
2026-03-01,France,Western Europe,Equipment,Personnel Costs,Budget,-258717.84
2026-03-01,France,Western Europe,Equipment,External Services,Budget,-86239.28
2026-03-01,France,Western Europe,Equipment,Travel Expenses,Budget,-26657.75
2026-03-01,France,Western Europe,Equipment,IT Expenses,Budget,-21491.62
2026-03-01,France,Western Europe,Equipment,Other Operating Expenses,Budget,-41954.1
2026-03-01,France,Western Europe,Equipment,Depreciation,Budget,-97019.19
2026-03-01,France,Western Europe,Equipment,Other Operating Income,Budget,9420.06
2026-03-01,France,Western Europe,Equipment,Revenue,Forecast,2145989.31
2026-03-01,France,Western Europe,Equipment,Material Costs,Forecast,-920766.16
2026-03-01,France,Western Europe,Equipment,Production Costs,Forecast,-321197.5
2026-03-01,France,Western Europe,Equipment,Personnel Costs,Forecast,-256958.0
2026-03-01,France,Western Europe,Equipment,External Services,Forecast,-85652.67
2026-03-01,France,Western Europe,Equipment,Travel Expenses,Forecast,-25669.72
2026-03-01,France,Western Europe,Equipment,IT Expenses,Forecast,-21887.19
2026-03-01,France,Western Europe,Equipment,Other Operating Expenses,Forecast,-40272.55
2026-03-01,France,Western Europe,Equipment,Depreciation,Forecast,-96569.52
2026-03-01,France,Western Europe,Equipment,Other Operating Income,Forecast,8021.53
2026-03-01,Italy,Southern Europe,Industrial Solutions,Revenue,Actual,1949768.04
2026-03-01,Italy,Southern Europe,Industrial Solutions,Material Costs,Actual,-730375.47
2026-03-01,Italy,Southern Europe,Industrial Solutions,Production Costs,Actual,-236878.53
2026-03-01,Italy,Southern Europe,Industrial Solutions,Personnel Costs,Actual,-286228.22
2026-03-01,Italy,Southern Europe,Industrial Solutions,External Services,Actual,-98699.39
2026-03-01,Italy,Southern Europe,Industrial Solutions,Travel Expenses,Actual,-24148.11
2026-03-01,Italy,Southern Europe,Industrial Solutions,IT Expenses,Actual,-19029.85
2026-03-01,Italy,Southern Europe,Industrial Solutions,Other Operating Expenses,Actual,-33063.65
2026-03-01,Italy,Southern Europe,Industrial Solutions,Depreciation,Actual,-68241.88
2026-03-01,Italy,Southern Europe,Industrial Solutions,Other Operating Income,Actual,8066.74
2026-03-01,Italy,Southern Europe,Industrial Solutions,Revenue,Budget,1950435.18
2026-03-01,Italy,Southern Europe,Industrial Solutions,Material Costs,Budget,-721661.02
2026-03-01,Italy,Southern Europe,Industrial Solutions,Production Costs,Budget,-234052.22
2026-03-01,Italy,Southern Europe,Industrial Solutions,Personnel Costs,Budget,-282813.1
2026-03-01,Italy,Southern Europe,Industrial Solutions,External Services,Budget,-97521.76
2026-03-01,Italy,Southern Europe,Industrial Solutions,Travel Expenses,Budget,-22823.7
2026-03-01,Italy,Southern Europe,Industrial Solutions,IT Expenses,Budget,-18716.97
2026-03-01,Italy,Southern Europe,Industrial Solutions,Other Operating Expenses,Budget,-35235.16
2026-03-01,Italy,Southern Europe,Industrial Solutions,Depreciation,Budget,-68265.23
2026-03-01,Italy,Southern Europe,Industrial Solutions,Other Operating Income,Budget,8049.27
2026-03-01,Italy,Southern Europe,Industrial Solutions,Revenue,Forecast,1959159.28
2026-03-01,Italy,Southern Europe,Industrial Solutions,Material Costs,Forecast,-723827.2
2026-03-01,Italy,Southern Europe,Industrial Solutions,Production Costs,Forecast,-234754.77
2026-03-01,Italy,Southern Europe,Industrial Solutions,Personnel Costs,Forecast,-283662.01
2026-03-01,Italy,Southern Europe,Industrial Solutions,External Services,Forecast,-97814.49
2026-03-01,Italy,Southern Europe,Industrial Solutions,Travel Expenses,Forecast,-23186.99
2026-03-01,Italy,Southern Europe,Industrial Solutions,IT Expenses,Forecast,-19529.15
2026-03-01,Italy,Southern Europe,Industrial Solutions,Other Operating Expenses,Forecast,-34938.15
2026-03-01,Italy,Southern Europe,Industrial Solutions,Depreciation,Forecast,-68570.57
2026-03-01,Italy,Southern Europe,Industrial Solutions,Other Operating Income,Forecast,7414.07
2026-03-01,Italy,Southern Europe,Services,Revenue,Actual,1268454.02
2026-03-01,Italy,Southern Europe,Services,Material Costs,Actual,-229281.02
2026-03-01,Italy,Southern Europe,Services,Production Costs,Actual,-101902.67
2026-03-01,Italy,Southern Europe,Services,Personnel Costs,Actual,-299339.1
2026-03-01,Italy,Southern Europe,Services,External Services,Actual,-95533.76
2026-03-01,Italy,Southern Europe,Services,Travel Expenses,Actual,-14767.02
2026-03-01,Italy,Southern Europe,Services,IT Expenses,Actual,-12638.49
2026-03-01,Italy,Southern Europe,Services,Other Operating Expenses,Actual,-21589.49
2026-03-01,Italy,Southern Europe,Services,Depreciation,Actual,-25369.08
2026-03-01,Italy,Southern Europe,Services,Other Operating Income,Actual,5110.04
2026-03-01,Italy,Southern Europe,Services,Revenue,Budget,1235042.44
2026-03-01,Italy,Southern Europe,Services,Material Costs,Budget,-222307.64
2026-03-01,Italy,Southern Europe,Services,Production Costs,Budget,-98803.4
2026-03-01,Italy,Southern Europe,Services,Personnel Costs,Budget,-290234.97
2026-03-01,Italy,Southern Europe,Services,External Services,Budget,-92628.18
2026-03-01,Italy,Southern Europe,Services,Travel Expenses,Budget,-15455.8
2026-03-01,Italy,Southern Europe,Services,IT Expenses,Budget,-11986.3
2026-03-01,Italy,Southern Europe,Services,Other Operating Expenses,Budget,-21905.12
2026-03-01,Italy,Southern Europe,Services,Depreciation,Budget,-24700.85
2026-03-01,Italy,Southern Europe,Services,Other Operating Income,Budget,5005.2
2026-03-01,Italy,Southern Europe,Services,Revenue,Forecast,1256644.39
2026-03-01,Italy,Southern Europe,Services,Material Costs,Forecast,-229596.65
2026-03-01,Italy,Southern Europe,Services,Production Costs,Forecast,-102042.95
2026-03-01,Italy,Southern Europe,Services,Personnel Costs,Forecast,-299751.18
2026-03-01,Italy,Southern Europe,Services,External Services,Forecast,-95665.27
2026-03-01,Italy,Southern Europe,Services,Travel Expenses,Forecast,-14876.96
2026-03-01,Italy,Southern Europe,Services,IT Expenses,Forecast,-12392.46
2026-03-01,Italy,Southern Europe,Services,Other Operating Expenses,Forecast,-21506.19
2026-03-01,Italy,Southern Europe,Services,Depreciation,Forecast,-25132.89
2026-03-01,Italy,Southern Europe,Services,Other Operating Income,Forecast,5047.38
2026-03-01,Italy,Southern Europe,Equipment,Revenue,Actual,1593237.33
2026-03-01,Italy,Southern Europe,Equipment,Material Costs,Actual,-690608.45
2026-03-01,Italy,Southern Europe,Equipment,Production Costs,Actual,-240909.92
2026-03-01,Italy,Southern Europe,Equipment,Personnel Costs,Actual,-192727.94
2026-03-01,Italy,Southern Europe,Equipment,External Services,Actual,-64242.65
2026-03-01,Italy,Southern Europe,Equipment,Travel Expenses,Actual,-19112.49
2026-03-01,Italy,Southern Europe,Equipment,IT Expenses,Actual,-15673.31
2026-03-01,Italy,Southern Europe,Equipment,Other Operating Expenses,Actual,-29268.53
2026-03-01,Italy,Southern Europe,Equipment,Depreciation,Actual,-71695.68
2026-03-01,Italy,Southern Europe,Equipment,Other Operating Income,Actual,6430.5
2026-03-01,Italy,Southern Europe,Equipment,Revenue,Budget,1616586.38
2026-03-01,Italy,Southern Europe,Equipment,Material Costs,Budget,-695132.14
2026-03-01,Italy,Southern Europe,Equipment,Production Costs,Budget,-242487.96
2026-03-01,Italy,Southern Europe,Equipment,Personnel Costs,Budget,-193990.37
2026-03-01,Italy,Southern Europe,Equipment,External Services,Budget,-64663.46
2026-03-01,Italy,Southern Europe,Equipment,Travel Expenses,Budget,-19409.29
2026-03-01,Italy,Southern Europe,Equipment,IT Expenses,Budget,-15850.51
2026-03-01,Italy,Southern Europe,Equipment,Other Operating Expenses,Budget,-30046.81
2026-03-01,Italy,Southern Europe,Equipment,Depreciation,Budget,-72746.39
2026-03-01,Italy,Southern Europe,Equipment,Other Operating Income,Budget,6638.27
2026-03-01,Italy,Southern Europe,Equipment,Revenue,Forecast,1603458.56
2026-03-01,Italy,Southern Europe,Equipment,Material Costs,Forecast,-684912.4
2026-03-01,Italy,Southern Europe,Equipment,Production Costs,Forecast,-238922.93
2026-03-01,Italy,Southern Europe,Equipment,Personnel Costs,Forecast,-191138.34
2026-03-01,Italy,Southern Europe,Equipment,External Services,Forecast,-63712.78
2026-03-01,Italy,Southern Europe,Equipment,Travel Expenses,Forecast,-19819.8
2026-03-01,Italy,Southern Europe,Equipment,IT Expenses,Forecast,-15875.02
2026-03-01,Italy,Southern Europe,Equipment,Other Operating Expenses,Forecast,-28297.99
2026-03-01,Italy,Southern Europe,Equipment,Depreciation,Forecast,-72155.64
2026-03-01,Italy,Southern Europe,Equipment,Other Operating Income,Forecast,6218.93
2026-03-01,Switzerland,DACH,Industrial Solutions,Revenue,Actual,1899428.16
2026-03-01,Switzerland,DACH,Industrial Solutions,Material Costs,Actual,-681205.02
2026-03-01,Switzerland,DACH,Industrial Solutions,Production Costs,Actual,-220931.36
2026-03-01,Switzerland,DACH,Industrial Solutions,Personnel Costs,Actual,-266958.72
2026-03-01,Switzerland,DACH,Industrial Solutions,External Services,Actual,-92054.73
2026-03-01,Switzerland,DACH,Industrial Solutions,Travel Expenses,Actual,-21373.86
2026-03-01,Switzerland,DACH,Industrial Solutions,IT Expenses,Actual,-18961.58
2026-03-01,Switzerland,DACH,Industrial Solutions,Other Operating Expenses,Actual,-34061.22
2026-03-01,Switzerland,DACH,Industrial Solutions,Depreciation,Actual,-66479.99
2026-03-01,Switzerland,DACH,Industrial Solutions,Other Operating Income,Actual,7498.43
2026-03-01,Switzerland,DACH,Industrial Solutions,Revenue,Budget,1828876.21
2026-03-01,Switzerland,DACH,Industrial Solutions,Material Costs,Budget,-676684.2
2026-03-01,Switzerland,DACH,Industrial Solutions,Production Costs,Budget,-219465.15
2026-03-01,Switzerland,DACH,Industrial Solutions,Personnel Costs,Budget,-265187.05
2026-03-01,Switzerland,DACH,Industrial Solutions,External Services,Budget,-91443.81
2026-03-01,Switzerland,DACH,Industrial Solutions,Travel Expenses,Budget,-21260.09
2026-03-01,Switzerland,DACH,Industrial Solutions,IT Expenses,Budget,-17859.99
2026-03-01,Switzerland,DACH,Industrial Solutions,Other Operating Expenses,Budget,-33301.95
2026-03-01,Switzerland,DACH,Industrial Solutions,Depreciation,Budget,-64010.67
2026-03-01,Switzerland,DACH,Industrial Solutions,Other Operating Income,Budget,7154.4
2026-03-01,Switzerland,DACH,Industrial Solutions,Revenue,Forecast,1840319.84
2026-03-01,Switzerland,DACH,Industrial Solutions,Material Costs,Forecast,-683503.31
2026-03-01,Switzerland,DACH,Industrial Solutions,Production Costs,Forecast,-221676.75
2026-03-01,Switzerland,DACH,Industrial Solutions,Personnel Costs,Forecast,-267859.41
2026-03-01,Switzerland,DACH,Industrial Solutions,External Services,Forecast,-92365.31
2026-03-01,Switzerland,DACH,Industrial Solutions,Travel Expenses,Forecast,-21497.35
2026-03-01,Switzerland,DACH,Industrial Solutions,IT Expenses,Forecast,-18469.84
2026-03-01,Switzerland,DACH,Industrial Solutions,Other Operating Expenses,Forecast,-34205.06
2026-03-01,Switzerland,DACH,Industrial Solutions,Depreciation,Forecast,-64411.19
2026-03-01,Switzerland,DACH,Industrial Solutions,Other Operating Income,Forecast,7533.88
2026-03-01,Switzerland,DACH,Services,Revenue,Actual,1178381.23
2026-03-01,Switzerland,DACH,Services,Material Costs,Actual,-212150.41
2026-03-01,Switzerland,DACH,Services,Production Costs,Actual,-94289.07
2026-03-01,Switzerland,DACH,Services,Personnel Costs,Actual,-276974.14
2026-03-01,Switzerland,DACH,Services,External Services,Actual,-88396.0
2026-03-01,Switzerland,DACH,Services,Travel Expenses,Actual,-14002.44
2026-03-01,Switzerland,DACH,Services,IT Expenses,Actual,-11745.08
2026-03-01,Switzerland,DACH,Services,Other Operating Expenses,Actual,-21323.33
2026-03-01,Switzerland,DACH,Services,Depreciation,Actual,-23567.62
2026-03-01,Switzerland,DACH,Services,Other Operating Income,Actual,4526.24
2026-03-01,Switzerland,DACH,Services,Revenue,Budget,1162088.39
2026-03-01,Switzerland,DACH,Services,Material Costs,Budget,-209175.91
2026-03-01,Switzerland,DACH,Services,Production Costs,Budget,-92967.07
2026-03-01,Switzerland,DACH,Services,Personnel Costs,Budget,-273090.77
2026-03-01,Switzerland,DACH,Services,External Services,Budget,-87156.63
2026-03-01,Switzerland,DACH,Services,Travel Expenses,Budget,-13520.07
2026-03-01,Switzerland,DACH,Services,IT Expenses,Budget,-11298.16
2026-03-01,Switzerland,DACH,Services,Other Operating Expenses,Budget,-20080.75
2026-03-01,Switzerland,DACH,Services,Depreciation,Budget,-23241.77
2026-03-01,Switzerland,DACH,Services,Other Operating Income,Budget,4422.02
2026-03-01,Switzerland,DACH,Services,Revenue,Forecast,1168794.8
2026-03-01,Switzerland,DACH,Services,Material Costs,Forecast,-210785.64
2026-03-01,Switzerland,DACH,Services,Production Costs,Forecast,-93682.51
2026-03-01,Switzerland,DACH,Services,Personnel Costs,Forecast,-275192.37
2026-03-01,Switzerland,DACH,Services,External Services,Forecast,-87827.35
2026-03-01,Switzerland,DACH,Services,Travel Expenses,Forecast,-13649.88
2026-03-01,Switzerland,DACH,Services,IT Expenses,Forecast,-11808.01
2026-03-01,Switzerland,DACH,Services,Other Operating Expenses,Forecast,-21056.56
2026-03-01,Switzerland,DACH,Services,Depreciation,Forecast,-23375.9
2026-03-01,Switzerland,DACH,Services,Other Operating Income,Forecast,4307.05
2026-03-01,Switzerland,DACH,Equipment,Revenue,Actual,1521279.12
2026-03-01,Switzerland,DACH,Equipment,Material Costs,Actual,-661021.73
2026-03-01,Switzerland,DACH,Equipment,Production Costs,Actual,-230588.98
2026-03-01,Switzerland,DACH,Equipment,Personnel Costs,Actual,-184471.18
2026-03-01,Switzerland,DACH,Equipment,External Services,Actual,-61490.39
2026-03-01,Switzerland,DACH,Equipment,Travel Expenses,Actual,-17786.28
2026-03-01,Switzerland,DACH,Equipment,IT Expenses,Actual,-15242.51
2026-03-01,Switzerland,DACH,Equipment,Other Operating Expenses,Actual,-26517.38
2026-03-01,Switzerland,DACH,Equipment,Depreciation,Actual,-68457.56
2026-03-01,Switzerland,DACH,Equipment,Other Operating Income,Actual,5648.67
2026-03-01,Switzerland,DACH,Equipment,Revenue,Budget,1490926.49
2026-03-01,Switzerland,DACH,Equipment,Material Costs,Budget,-641098.39
2026-03-01,Switzerland,DACH,Equipment,Production Costs,Budget,-223638.97
2026-03-01,Switzerland,DACH,Equipment,Personnel Costs,Budget,-178911.18
2026-03-01,Switzerland,DACH,Equipment,External Services,Budget,-59637.06
2026-03-01,Switzerland,DACH,Equipment,Travel Expenses,Budget,-17685.65
2026-03-01,Switzerland,DACH,Equipment,IT Expenses,Budget,-14872.37
2026-03-01,Switzerland,DACH,Equipment,Other Operating Expenses,Budget,-26569.87
2026-03-01,Switzerland,DACH,Equipment,Depreciation,Budget,-67091.69
2026-03-01,Switzerland,DACH,Equipment,Other Operating Income,Budget,5681.26
2026-03-01,Switzerland,DACH,Equipment,Revenue,Forecast,1495633.49
2026-03-01,Switzerland,DACH,Equipment,Material Costs,Forecast,-640036.19
2026-03-01,Switzerland,DACH,Equipment,Production Costs,Forecast,-223268.44
2026-03-01,Switzerland,DACH,Equipment,Personnel Costs,Forecast,-178614.75
2026-03-01,Switzerland,DACH,Equipment,External Services,Forecast,-59538.25
2026-03-01,Switzerland,DACH,Equipment,Travel Expenses,Forecast,-18092.6
2026-03-01,Switzerland,DACH,Equipment,IT Expenses,Forecast,-14942.91
2026-03-01,Switzerland,DACH,Equipment,Other Operating Expenses,Forecast,-27044.23
2026-03-01,Switzerland,DACH,Equipment,Depreciation,Forecast,-67303.51
2026-03-01,Switzerland,DACH,Equipment,Other Operating Income,Forecast,5822.17
2026-04-01,Austria,DACH,Industrial Solutions,Revenue,Actual,2440310.56
2026-04-01,Austria,DACH,Industrial Solutions,Material Costs,Actual,-962129.36
2026-04-01,Austria,DACH,Industrial Solutions,Production Costs,Actual,-312041.95
2026-04-01,Austria,DACH,Industrial Solutions,Personnel Costs,Actual,-377050.7
2026-04-01,Austria,DACH,Industrial Solutions,External Services,Actual,-130017.48
2026-04-01,Austria,DACH,Industrial Solutions,Travel Expenses,Actual,-29706.21
2026-04-01,Austria,DACH,Industrial Solutions,IT Expenses,Actual,-24304.26
2026-04-01,Austria,DACH,Industrial Solutions,Other Operating Expenses,Actual,-43345.45
2026-04-01,Austria,DACH,Industrial Solutions,Depreciation,Actual,-85410.87
2026-04-01,Austria,DACH,Industrial Solutions,Other Operating Income,Actual,10165.78
2026-04-01,Austria,DACH,Industrial Solutions,Revenue,Budget,2580866.97
2026-04-01,Austria,DACH,Industrial Solutions,Material Costs,Budget,-954920.78
2026-04-01,Austria,DACH,Industrial Solutions,Production Costs,Budget,-309704.04
2026-04-01,Austria,DACH,Industrial Solutions,Personnel Costs,Budget,-374225.71
2026-04-01,Austria,DACH,Industrial Solutions,External Services,Budget,-129043.35
2026-04-01,Austria,DACH,Industrial Solutions,Travel Expenses,Budget,-29648.3
2026-04-01,Austria,DACH,Industrial Solutions,IT Expenses,Budget,-25307.92
2026-04-01,Austria,DACH,Industrial Solutions,Other Operating Expenses,Budget,-45993.89
2026-04-01,Austria,DACH,Industrial Solutions,Depreciation,Budget,-90330.34
2026-04-01,Austria,DACH,Industrial Solutions,Other Operating Income,Budget,10834.54
2026-04-01,Austria,DACH,Industrial Solutions,Revenue,Forecast,2513326.04
2026-04-01,Austria,DACH,Industrial Solutions,Material Costs,Forecast,-934168.53
2026-04-01,Austria,DACH,Industrial Solutions,Production Costs,Forecast,-302973.58
2026-04-01,Austria,DACH,Industrial Solutions,Personnel Costs,Forecast,-366093.07
2026-04-01,Austria,DACH,Industrial Solutions,External Services,Forecast,-126238.99
2026-04-01,Austria,DACH,Industrial Solutions,Travel Expenses,Forecast,-29284.03
2026-04-01,Austria,DACH,Industrial Solutions,IT Expenses,Forecast,-24977.28
2026-04-01,Austria,DACH,Industrial Solutions,Other Operating Expenses,Forecast,-44545.07
2026-04-01,Austria,DACH,Industrial Solutions,Depreciation,Forecast,-87966.41
2026-04-01,Austria,DACH,Industrial Solutions,Other Operating Income,Forecast,9767.88
2026-04-01,Austria,DACH,Services,Revenue,Actual,1514306.02
2026-04-01,Austria,DACH,Services,Material Costs,Actual,-278218.95
2026-04-01,Austria,DACH,Services,Production Costs,Actual,-123652.87
2026-04-01,Austria,DACH,Services,Personnel Costs,Actual,-363230.3
2026-04-01,Austria,DACH,Services,External Services,Actual,-115924.56
2026-04-01,Austria,DACH,Services,Travel Expenses,Actual,-18766.36
2026-04-01,Austria,DACH,Services,IT Expenses,Actual,-15002.85
2026-04-01,Austria,DACH,Services,Other Operating Expenses,Actual,-27155.33
2026-04-01,Austria,DACH,Services,Depreciation,Actual,-30286.12
2026-04-01,Austria,DACH,Services,Other Operating Income,Actual,5709.99
2026-04-01,Austria,DACH,Services,Revenue,Budget,1609361.13
2026-04-01,Austria,DACH,Services,Material Costs,Budget,-289685.0
2026-04-01,Austria,DACH,Services,Production Costs,Budget,-128748.89
2026-04-01,Austria,DACH,Services,Personnel Costs,Budget,-378199.87
2026-04-01,Austria,DACH,Services,External Services,Budget,-120702.08
2026-04-01,Austria,DACH,Services,Travel Expenses,Budget,-19008.36
2026-04-01,Austria,DACH,Services,IT Expenses,Budget,-16252.51
2026-04-01,Austria,DACH,Services,Other Operating Expenses,Budget,-29907.13
2026-04-01,Austria,DACH,Services,Depreciation,Budget,-32187.22
2026-04-01,Austria,DACH,Services,Other Operating Income,Budget,6152.35
2026-04-01,Austria,DACH,Services,Revenue,Forecast,1577120.83
2026-04-01,Austria,DACH,Services,Material Costs,Forecast,-282636.62
2026-04-01,Austria,DACH,Services,Production Costs,Forecast,-125616.28
2026-04-01,Austria,DACH,Services,Personnel Costs,Forecast,-368997.81
2026-04-01,Austria,DACH,Services,External Services,Forecast,-117765.26
2026-04-01,Austria,DACH,Services,Travel Expenses,Forecast,-18839.55
2026-04-01,Austria,DACH,Services,IT Expenses,Forecast,-15330.94
2026-04-01,Austria,DACH,Services,Other Operating Expenses,Forecast,-28807.86
2026-04-01,Austria,DACH,Services,Depreciation,Forecast,-31542.42
2026-04-01,Austria,DACH,Services,Other Operating Income,Forecast,6125.79
2026-04-01,Austria,DACH,Equipment,Revenue,Actual,1982984.78
2026-04-01,Austria,DACH,Equipment,Material Costs,Actual,-852533.28
2026-04-01,Austria,DACH,Equipment,Production Costs,Actual,-297395.33
2026-04-01,Austria,DACH,Equipment,Personnel Costs,Actual,-237916.26
2026-04-01,Austria,DACH,Equipment,External Services,Actual,-79305.42
2026-04-01,Austria,DACH,Equipment,Travel Expenses,Actual,-23641.9
2026-04-01,Austria,DACH,Equipment,IT Expenses,Actual,-19682.37
2026-04-01,Austria,DACH,Equipment,Other Operating Expenses,Actual,-35043.69
2026-04-01,Austria,DACH,Equipment,Depreciation,Actual,-89234.32
2026-04-01,Austria,DACH,Equipment,Other Operating Income,Actual,8033.32
2026-04-01,Austria,DACH,Equipment,Revenue,Budget,2010132.03
2026-04-01,Austria,DACH,Equipment,Material Costs,Budget,-864356.77
2026-04-01,Austria,DACH,Equipment,Production Costs,Budget,-301519.81
2026-04-01,Austria,DACH,Equipment,Personnel Costs,Budget,-241215.84
2026-04-01,Austria,DACH,Equipment,External Services,Budget,-80405.28
2026-04-01,Austria,DACH,Equipment,Travel Expenses,Budget,-25318.22
2026-04-01,Austria,DACH,Equipment,IT Expenses,Budget,-20157.56
2026-04-01,Austria,DACH,Equipment,Other Operating Expenses,Budget,-37083.42
2026-04-01,Austria,DACH,Equipment,Depreciation,Budget,-90455.94
2026-04-01,Austria,DACH,Equipment,Other Operating Income,Budget,7593.4
2026-04-01,Austria,DACH,Equipment,Revenue,Forecast,1982601.93
2026-04-01,Austria,DACH,Equipment,Material Costs,Forecast,-854132.77
2026-04-01,Austria,DACH,Equipment,Production Costs,Forecast,-297953.29
2026-04-01,Austria,DACH,Equipment,Personnel Costs,Forecast,-238362.63
2026-04-01,Austria,DACH,Equipment,External Services,Forecast,-79454.21
2026-04-01,Austria,DACH,Equipment,Travel Expenses,Forecast,-23007.99
2026-04-01,Austria,DACH,Equipment,IT Expenses,Forecast,-19240.39
2026-04-01,Austria,DACH,Equipment,Other Operating Expenses,Forecast,-35027.19
2026-04-01,Austria,DACH,Equipment,Depreciation,Forecast,-89217.09
2026-04-01,Austria,DACH,Equipment,Other Operating Income,Forecast,8308.5
2026-04-01,Germany,DACH,Industrial Solutions,Revenue,Actual,3465082.66
2026-04-01,Germany,DACH,Industrial Solutions,Material Costs,Actual,-1275789.4
2026-04-01,Germany,DACH,Industrial Solutions,Production Costs,Actual,-413769.53
2026-04-01,Germany,DACH,Industrial Solutions,Personnel Costs,Actual,-499971.52
2026-04-01,Germany,DACH,Industrial Solutions,External Services,Actual,-172403.97
2026-04-01,Germany,DACH,Industrial Solutions,Travel Expenses,Actual,-41957.34
2026-04-01,Germany,DACH,Industrial Solutions,IT Expenses,Actual,-34772.48
2026-04-01,Germany,DACH,Industrial Solutions,Other Operating Expenses,Actual,-59496.48
2026-04-01,Germany,DACH,Industrial Solutions,Depreciation,Actual,-121277.89
2026-04-01,Germany,DACH,Industrial Solutions,Other Operating Income,Actual,13366.73
2026-04-01,Germany,DACH,Industrial Solutions,Revenue,Budget,3475029.56
2026-04-01,Germany,DACH,Industrial Solutions,Material Costs,Budget,-1285760.94
2026-04-01,Germany,DACH,Industrial Solutions,Production Costs,Budget,-417003.55
2026-04-01,Germany,DACH,Industrial Solutions,Personnel Costs,Budget,-503879.29
2026-04-01,Germany,DACH,Industrial Solutions,External Services,Budget,-173751.48
2026-04-01,Germany,DACH,Industrial Solutions,Travel Expenses,Budget,-41620.19
2026-04-01,Germany,DACH,Industrial Solutions,IT Expenses,Budget,-35123.02
2026-04-01,Germany,DACH,Industrial Solutions,Other Operating Expenses,Budget,-59116.31
2026-04-01,Germany,DACH,Industrial Solutions,Depreciation,Budget,-121626.03
2026-04-01,Germany,DACH,Industrial Solutions,Other Operating Income,Budget,13809.98
2026-04-01,Germany,DACH,Industrial Solutions,Revenue,Forecast,3427016.41
2026-04-01,Germany,DACH,Industrial Solutions,Material Costs,Forecast,-1270172.7
2026-04-01,Germany,DACH,Industrial Solutions,Production Costs,Forecast,-411947.9
2026-04-01,Germany,DACH,Industrial Solutions,Personnel Costs,Forecast,-497770.38
2026-04-01,Germany,DACH,Industrial Solutions,External Services,Forecast,-171644.96
2026-04-01,Germany,DACH,Industrial Solutions,Travel Expenses,Forecast,-42172.39
2026-04-01,Germany,DACH,Industrial Solutions,IT Expenses,Forecast,-34745.05
2026-04-01,Germany,DACH,Industrial Solutions,Other Operating Expenses,Forecast,-62584.71
2026-04-01,Germany,DACH,Industrial Solutions,Depreciation,Forecast,-119945.57
2026-04-01,Germany,DACH,Industrial Solutions,Other Operating Income,Forecast,13269.44
2026-04-01,Germany,DACH,Services,Revenue,Actual,2213175.13
2026-04-01,Germany,DACH,Services,Material Costs,Actual,-436984.3
2026-04-01,Germany,DACH,Services,Production Costs,Actual,-194215.24
2026-04-01,Germany,DACH,Services,Personnel Costs,Actual,-570507.28
2026-04-01,Germany,DACH,Services,External Services,Actual,-182076.79
2026-04-01,Germany,DACH,Services,Travel Expenses,Actual,-27124.23
2026-04-01,Germany,DACH,Services,IT Expenses,Actual,-22321.79
2026-04-01,Germany,DACH,Services,Other Operating Expenses,Actual,-40215.25
2026-04-01,Germany,DACH,Services,Depreciation,Actual,-44263.5
2026-04-01,Germany,DACH,Services,Other Operating Income,Actual,8655.77
2026-04-01,Germany,DACH,Services,Revenue,Budget,2098245.35
2026-04-01,Germany,DACH,Services,Material Costs,Budget,-377684.16
2026-04-01,Germany,DACH,Services,Production Costs,Budget,-167859.63
2026-04-01,Germany,DACH,Services,Personnel Costs,Budget,-493087.66
2026-04-01,Germany,DACH,Services,External Services,Budget,-157368.4
2026-04-01,Germany,DACH,Services,Travel Expenses,Budget,-25080.7
2026-04-01,Germany,DACH,Services,IT Expenses,Budget,-21682.88
2026-04-01,Germany,DACH,Services,Other Operating Expenses,Budget,-36878.44
2026-04-01,Germany,DACH,Services,Depreciation,Budget,-41964.91
2026-04-01,Germany,DACH,Services,Other Operating Income,Budget,8935.09
2026-04-01,Germany,DACH,Services,Revenue,Forecast,2178776.6
2026-04-01,Germany,DACH,Services,Material Costs,Forecast,-390664.27
2026-04-01,Germany,DACH,Services,Production Costs,Forecast,-173628.57
2026-04-01,Germany,DACH,Services,Personnel Costs,Forecast,-510033.91
2026-04-01,Germany,DACH,Services,External Services,Forecast,-162776.78
2026-04-01,Germany,DACH,Services,Travel Expenses,Forecast,-27184.93
2026-04-01,Germany,DACH,Services,IT Expenses,Forecast,-21174.74
2026-04-01,Germany,DACH,Services,Other Operating Expenses,Forecast,-39792.43
2026-04-01,Germany,DACH,Services,Depreciation,Forecast,-43575.53
2026-04-01,Germany,DACH,Services,Other Operating Income,Forecast,8458.27
2026-04-01,Germany,DACH,Equipment,Revenue,Actual,2740860.79
2026-04-01,Germany,DACH,Equipment,Material Costs,Actual,-1153674.57
2026-04-01,Germany,DACH,Equipment,Production Costs,Actual,-402444.62
2026-04-01,Germany,DACH,Equipment,Personnel Costs,Actual,-321955.69
2026-04-01,Germany,DACH,Equipment,External Services,Actual,-107318.56
2026-04-01,Germany,DACH,Equipment,Travel Expenses,Actual,-31411.24
2026-04-01,Germany,DACH,Equipment,IT Expenses,Actual,-27358.26
2026-04-01,Germany,DACH,Equipment,Other Operating Expenses,Actual,-49227.65
2026-04-01,Germany,DACH,Equipment,Depreciation,Actual,-123338.74
2026-04-01,Germany,DACH,Equipment,Other Operating Income,Actual,11203.9
2026-04-01,Germany,DACH,Equipment,Revenue,Budget,2673860.65
2026-04-01,Germany,DACH,Equipment,Material Costs,Budget,-1149760.08
2026-04-01,Germany,DACH,Equipment,Production Costs,Budget,-401079.1
2026-04-01,Germany,DACH,Equipment,Personnel Costs,Budget,-320863.28
2026-04-01,Germany,DACH,Equipment,External Services,Budget,-106954.43
2026-04-01,Germany,DACH,Equipment,Travel Expenses,Budget,-33000.4
2026-04-01,Germany,DACH,Equipment,IT Expenses,Budget,-26706.83
2026-04-01,Germany,DACH,Equipment,Other Operating Expenses,Budget,-50362.1
2026-04-01,Germany,DACH,Equipment,Depreciation,Budget,-120323.73
2026-04-01,Germany,DACH,Equipment,Other Operating Income,Budget,10791.37
2026-04-01,Germany,DACH,Equipment,Revenue,Forecast,2732601.81
2026-04-01,Germany,DACH,Equipment,Material Costs,Forecast,-1170134.09
2026-04-01,Germany,DACH,Equipment,Production Costs,Forecast,-408186.31
2026-04-01,Germany,DACH,Equipment,Personnel Costs,Forecast,-326549.05
2026-04-01,Germany,DACH,Equipment,External Services,Forecast,-108849.68
2026-04-01,Germany,DACH,Equipment,Travel Expenses,Forecast,-31205.86
2026-04-01,Germany,DACH,Equipment,IT Expenses,Forecast,-27182.47
2026-04-01,Germany,DACH,Equipment,Other Operating Expenses,Forecast,-48773.19
2026-04-01,Germany,DACH,Equipment,Depreciation,Forecast,-122967.08
2026-04-01,Germany,DACH,Equipment,Other Operating Income,Forecast,11350.27
2026-04-01,France,Western Europe,Industrial Solutions,Revenue,Actual,2684028.48
2026-04-01,France,Western Europe,Industrial Solutions,Material Costs,Actual,-1009762.82
2026-04-01,France,Western Europe,Industrial Solutions,Production Costs,Actual,-327490.64
2026-04-01,France,Western Europe,Industrial Solutions,Personnel Costs,Actual,-395717.86
2026-04-01,France,Western Europe,Industrial Solutions,External Services,Actual,-136454.43
2026-04-01,France,Western Europe,Industrial Solutions,Travel Expenses,Actual,-33684.8
2026-04-01,France,Western Europe,Industrial Solutions,IT Expenses,Actual,-27316.7
2026-04-01,France,Western Europe,Industrial Solutions,Other Operating Expenses,Actual,-49231.47
2026-04-01,France,Western Europe,Industrial Solutions,Depreciation,Actual,-93941.0
2026-04-01,France,Western Europe,Industrial Solutions,Other Operating Income,Actual,10761.92
2026-04-01,France,Western Europe,Industrial Solutions,Revenue,Budget,2815126.89
2026-04-01,France,Western Europe,Industrial Solutions,Material Costs,Budget,-1041596.95
2026-04-01,France,Western Europe,Industrial Solutions,Production Costs,Budget,-337815.23
2026-04-01,France,Western Europe,Industrial Solutions,Personnel Costs,Budget,-408193.4
2026-04-01,France,Western Europe,Industrial Solutions,External Services,Budget,-140756.34
2026-04-01,France,Western Europe,Industrial Solutions,Travel Expenses,Budget,-34175.06
2026-04-01,France,Western Europe,Industrial Solutions,IT Expenses,Budget,-28854.77
2026-04-01,France,Western Europe,Industrial Solutions,Other Operating Expenses,Budget,-48983.91
2026-04-01,France,Western Europe,Industrial Solutions,Depreciation,Budget,-98529.44
2026-04-01,France,Western Europe,Industrial Solutions,Other Operating Income,Budget,11103.11
2026-04-01,France,Western Europe,Industrial Solutions,Revenue,Forecast,2746802.74
2026-04-01,France,Western Europe,Industrial Solutions,Material Costs,Forecast,-1006894.92
2026-04-01,France,Western Europe,Industrial Solutions,Production Costs,Forecast,-326560.51
2026-04-01,France,Western Europe,Industrial Solutions,Personnel Costs,Forecast,-394593.95
2026-04-01,France,Western Europe,Industrial Solutions,External Services,Forecast,-136066.88
2026-04-01,France,Western Europe,Industrial Solutions,Travel Expenses,Forecast,-33336.56
2026-04-01,France,Western Europe,Industrial Solutions,IT Expenses,Forecast,-28143.86
2026-04-01,France,Western Europe,Industrial Solutions,Other Operating Expenses,Forecast,-48704.55
2026-04-01,France,Western Europe,Industrial Solutions,Depreciation,Forecast,-96138.1
2026-04-01,France,Western Europe,Industrial Solutions,Other Operating Income,Forecast,9936.7
2026-04-01,France,Western Europe,Services,Revenue,Actual,1805685.64
2026-04-01,France,Western Europe,Services,Material Costs,Actual,-328502.68
2026-04-01,France,Western Europe,Services,Production Costs,Actual,-146001.19
2026-04-01,France,Western Europe,Services,Personnel Costs,Actual,-428878.5
2026-04-01,France,Western Europe,Services,External Services,Actual,-136876.12
2026-04-01,France,Western Europe,Services,Travel Expenses,Actual,-21486.22
2026-04-01,France,Western Europe,Services,IT Expenses,Actual,-17594.95
2026-04-01,France,Western Europe,Services,Other Operating Expenses,Actual,-32921.05
2026-04-01,France,Western Europe,Services,Depreciation,Actual,-36113.71
2026-04-01,France,Western Europe,Services,Other Operating Income,Actual,6981.71
2026-04-01,France,Western Europe,Services,Revenue,Budget,1741088.21
2026-04-01,France,Western Europe,Services,Material Costs,Budget,-313395.88
2026-04-01,France,Western Europe,Services,Production Costs,Budget,-139287.06
2026-04-01,France,Western Europe,Services,Personnel Costs,Budget,-409155.73
2026-04-01,France,Western Europe,Services,External Services,Budget,-130581.62
2026-04-01,France,Western Europe,Services,Travel Expenses,Budget,-22262.03
2026-04-01,France,Western Europe,Services,IT Expenses,Budget,-17609.54
2026-04-01,France,Western Europe,Services,Other Operating Expenses,Budget,-30884.66
2026-04-01,France,Western Europe,Services,Depreciation,Budget,-34821.76
2026-04-01,France,Western Europe,Services,Other Operating Income,Budget,6794.04
2026-04-01,France,Western Europe,Services,Revenue,Forecast,1784258.09
2026-04-01,France,Western Europe,Services,Material Costs,Forecast,-320808.25
2026-04-01,France,Western Europe,Services,Production Costs,Forecast,-142581.44
2026-04-01,France,Western Europe,Services,Personnel Costs,Forecast,-418832.99
2026-04-01,France,Western Europe,Services,External Services,Forecast,-133670.1
2026-04-01,France,Western Europe,Services,Travel Expenses,Forecast,-21257.26
2026-04-01,France,Western Europe,Services,IT Expenses,Forecast,-18241.12
2026-04-01,France,Western Europe,Services,Other Operating Expenses,Forecast,-32266.32
2026-04-01,France,Western Europe,Services,Depreciation,Forecast,-35685.16
2026-04-01,France,Western Europe,Services,Other Operating Income,Forecast,6928.17
2026-04-01,France,Western Europe,Equipment,Revenue,Actual,2075855.96
2026-04-01,France,Western Europe,Equipment,Material Costs,Actual,-879045.21
2026-04-01,France,Western Europe,Equipment,Production Costs,Actual,-306643.68
2026-04-01,France,Western Europe,Equipment,Personnel Costs,Actual,-245314.94
2026-04-01,France,Western Europe,Equipment,External Services,Actual,-81771.65
2026-04-01,France,Western Europe,Equipment,Travel Expenses,Actual,-25181.63
2026-04-01,France,Western Europe,Equipment,IT Expenses,Actual,-20887.72
2026-04-01,France,Western Europe,Equipment,Other Operating Expenses,Actual,-35600.22
2026-04-01,France,Western Europe,Equipment,Depreciation,Actual,-93413.52
2026-04-01,France,Western Europe,Equipment,Other Operating Income,Actual,8972.77
2026-04-01,France,Western Europe,Equipment,Revenue,Budget,2266620.21
2026-04-01,France,Western Europe,Equipment,Material Costs,Budget,-974646.69
2026-04-01,France,Western Europe,Equipment,Production Costs,Budget,-339993.03
2026-04-01,France,Western Europe,Equipment,Personnel Costs,Budget,-271994.43
2026-04-01,France,Western Europe,Equipment,External Services,Budget,-90664.81
2026-04-01,France,Western Europe,Equipment,Travel Expenses,Budget,-28252.59
2026-04-01,France,Western Europe,Equipment,IT Expenses,Budget,-22486.14
2026-04-01,France,Western Europe,Equipment,Other Operating Expenses,Budget,-39674.87
2026-04-01,France,Western Europe,Equipment,Depreciation,Budget,-101997.91
2026-04-01,France,Western Europe,Equipment,Other Operating Income,Budget,9192.53
2026-04-01,France,Western Europe,Equipment,Revenue,Forecast,2174995.88
2026-04-01,France,Western Europe,Equipment,Material Costs,Forecast,-936221.23
2026-04-01,France,Western Europe,Equipment,Production Costs,Forecast,-326588.8
2026-04-01,France,Western Europe,Equipment,Personnel Costs,Forecast,-261271.04
2026-04-01,France,Western Europe,Equipment,External Services,Forecast,-87090.35
2026-04-01,France,Western Europe,Equipment,Travel Expenses,Forecast,-26378.44
2026-04-01,France,Western Europe,Equipment,IT Expenses,Forecast,-21833.29
2026-04-01,France,Western Europe,Equipment,Other Operating Expenses,Forecast,-39645.41
2026-04-01,France,Western Europe,Equipment,Depreciation,Forecast,-97874.81
2026-04-01,France,Western Europe,Equipment,Other Operating Income,Forecast,9203.64
2026-04-01,Italy,Southern Europe,Industrial Solutions,Revenue,Actual,1961264.4
2026-04-01,Italy,Southern Europe,Industrial Solutions,Material Costs,Actual,-755431.36
2026-04-01,Italy,Southern Europe,Industrial Solutions,Production Costs,Actual,-245004.76
2026-04-01,Italy,Southern Europe,Industrial Solutions,Personnel Costs,Actual,-296047.42
2026-04-01,Italy,Southern Europe,Industrial Solutions,External Services,Actual,-102085.32
2026-04-01,Italy,Southern Europe,Industrial Solutions,Travel Expenses,Actual,-25760.7
2026-04-01,Italy,Southern Europe,Industrial Solutions,IT Expenses,Actual,-19171.95
2026-04-01,Italy,Southern Europe,Industrial Solutions,Other Operating Expenses,Actual,-35517.12
2026-04-01,Italy,Southern Europe,Industrial Solutions,Depreciation,Actual,-68644.25
2026-04-01,Italy,Southern Europe,Industrial Solutions,Other Operating Income,Actual,7191.69
2026-04-01,Italy,Southern Europe,Industrial Solutions,Revenue,Budget,2049945.59
2026-04-01,Italy,Southern Europe,Industrial Solutions,Material Costs,Budget,-758479.87
2026-04-01,Italy,Southern Europe,Industrial Solutions,Production Costs,Budget,-245993.47
2026-04-01,Italy,Southern Europe,Industrial Solutions,Personnel Costs,Budget,-297242.11
2026-04-01,Italy,Southern Europe,Industrial Solutions,External Services,Budget,-102497.28
2026-04-01,Italy,Southern Europe,Industrial Solutions,Travel Expenses,Budget,-25007.56
2026-04-01,Italy,Southern Europe,Industrial Solutions,IT Expenses,Budget,-20274.7
2026-04-01,Italy,Southern Europe,Industrial Solutions,Other Operating Expenses,Budget,-38673.35
2026-04-01,Italy,Southern Europe,Industrial Solutions,Depreciation,Budget,-71748.1
2026-04-01,Italy,Southern Europe,Industrial Solutions,Other Operating Income,Budget,7945.72
2026-04-01,Italy,Southern Europe,Industrial Solutions,Revenue,Forecast,2022984.71
2026-04-01,Italy,Southern Europe,Industrial Solutions,Material Costs,Forecast,-733332.01
2026-04-01,Italy,Southern Europe,Industrial Solutions,Production Costs,Forecast,-237837.41
2026-04-01,Italy,Southern Europe,Industrial Solutions,Personnel Costs,Forecast,-287386.87
2026-04-01,Italy,Southern Europe,Industrial Solutions,External Services,Forecast,-99098.92
2026-04-01,Italy,Southern Europe,Industrial Solutions,Travel Expenses,Forecast,-23932.61
2026-04-01,Italy,Southern Europe,Industrial Solutions,IT Expenses,Forecast,-19430.57
2026-04-01,Italy,Southern Europe,Industrial Solutions,Other Operating Expenses,Forecast,-37097.48
2026-04-01,Italy,Southern Europe,Industrial Solutions,Depreciation,Forecast,-70804.46
2026-04-01,Italy,Southern Europe,Industrial Solutions,Other Operating Income,Forecast,7423.52
2026-04-01,Italy,Southern Europe,Services,Revenue,Actual,1179997.27
2026-04-01,Italy,Southern Europe,Services,Material Costs,Actual,-221125.83
2026-04-01,Italy,Southern Europe,Services,Production Costs,Actual,-98278.15
2026-04-01,Italy,Southern Europe,Services,Personnel Costs,Actual,-288692.05
2026-04-01,Italy,Southern Europe,Services,External Services,Actual,-92135.76
2026-04-01,Italy,Southern Europe,Services,Travel Expenses,Actual,-14313.17
2026-04-01,Italy,Southern Europe,Services,IT Expenses,Actual,-11596.19
2026-04-01,Italy,Southern Europe,Services,Other Operating Expenses,Actual,-21223.38
2026-04-01,Italy,Southern Europe,Services,Depreciation,Actual,-23599.95
2026-04-01,Italy,Southern Europe,Services,Other Operating Income,Actual,4723.39
2026-04-01,Italy,Southern Europe,Services,Revenue,Budget,1272975.34
2026-04-01,Italy,Southern Europe,Services,Material Costs,Budget,-229135.56
2026-04-01,Italy,Southern Europe,Services,Production Costs,Budget,-101838.03
2026-04-01,Italy,Southern Europe,Services,Personnel Costs,Budget,-299149.21
2026-04-01,Italy,Southern Europe,Services,External Services,Budget,-95473.15
2026-04-01,Italy,Southern Europe,Services,Travel Expenses,Budget,-15492.3
2026-04-01,Italy,Southern Europe,Services,IT Expenses,Budget,-12381.76
2026-04-01,Italy,Southern Europe,Services,Other Operating Expenses,Budget,-23253.0
2026-04-01,Italy,Southern Europe,Services,Depreciation,Budget,-25459.51
2026-04-01,Italy,Southern Europe,Services,Other Operating Income,Budget,4541.08
2026-04-01,Italy,Southern Europe,Services,Revenue,Forecast,1218706.59
2026-04-01,Italy,Southern Europe,Services,Material Costs,Forecast,-217709.07
2026-04-01,Italy,Southern Europe,Services,Production Costs,Forecast,-96759.59
2026-04-01,Italy,Southern Europe,Services,Personnel Costs,Forecast,-284231.29
2026-04-01,Italy,Southern Europe,Services,External Services,Forecast,-90712.11
2026-04-01,Italy,Southern Europe,Services,Travel Expenses,Forecast,-14410.26
2026-04-01,Italy,Southern Europe,Services,IT Expenses,Forecast,-12341.43
2026-04-01,Italy,Southern Europe,Services,Other Operating Expenses,Forecast,-21949.13
2026-04-01,Italy,Southern Europe,Services,Depreciation,Forecast,-24374.13
2026-04-01,Italy,Southern Europe,Services,Other Operating Income,Forecast,4600.75
2026-04-01,Italy,Southern Europe,Equipment,Revenue,Actual,1623093.71
2026-04-01,Italy,Southern Europe,Equipment,Material Costs,Actual,-687825.59
2026-04-01,Italy,Southern Europe,Equipment,Production Costs,Actual,-239939.16
2026-04-01,Italy,Southern Europe,Equipment,Personnel Costs,Actual,-191951.33
2026-04-01,Italy,Southern Europe,Equipment,External Services,Actual,-63983.78
2026-04-01,Italy,Southern Europe,Equipment,Travel Expenses,Actual,-19196.17
2026-04-01,Italy,Southern Europe,Equipment,IT Expenses,Actual,-16456.93
2026-04-01,Italy,Southern Europe,Equipment,Other Operating Expenses,Actual,-28837.57
2026-04-01,Italy,Southern Europe,Equipment,Depreciation,Actual,-73039.22
2026-04-01,Italy,Southern Europe,Equipment,Other Operating Income,Actual,6469.5
2026-04-01,Italy,Southern Europe,Equipment,Revenue,Budget,1592832.64
2026-04-01,Italy,Southern Europe,Equipment,Material Costs,Budget,-684918.04
2026-04-01,Italy,Southern Europe,Equipment,Production Costs,Budget,-238924.9
2026-04-01,Italy,Southern Europe,Equipment,Personnel Costs,Budget,-191139.92
2026-04-01,Italy,Southern Europe,Equipment,External Services,Budget,-63713.31
2026-04-01,Italy,Southern Europe,Equipment,Travel Expenses,Budget,-20358.28
2026-04-01,Italy,Southern Europe,Equipment,IT Expenses,Budget,-15474.79
2026-04-01,Italy,Southern Europe,Equipment,Other Operating Expenses,Budget,-27343.63
2026-04-01,Italy,Southern Europe,Equipment,Depreciation,Budget,-71677.47
2026-04-01,Italy,Southern Europe,Equipment,Other Operating Income,Budget,6571.03
2026-04-01,Italy,Southern Europe,Equipment,Revenue,Forecast,1608458.18
2026-04-01,Italy,Southern Europe,Equipment,Material Costs,Forecast,-686004.52
2026-04-01,Italy,Southern Europe,Equipment,Production Costs,Forecast,-239303.9
2026-04-01,Italy,Southern Europe,Equipment,Personnel Costs,Forecast,-191443.12
2026-04-01,Italy,Southern Europe,Equipment,External Services,Forecast,-63814.37
2026-04-01,Italy,Southern Europe,Equipment,Travel Expenses,Forecast,-19117.22
2026-04-01,Italy,Southern Europe,Equipment,IT Expenses,Forecast,-15833.29
2026-04-01,Italy,Southern Europe,Equipment,Other Operating Expenses,Forecast,-28764.2
2026-04-01,Italy,Southern Europe,Equipment,Depreciation,Forecast,-72380.62
2026-04-01,Italy,Southern Europe,Equipment,Other Operating Income,Forecast,6845.22
2026-04-01,Switzerland,DACH,Industrial Solutions,Revenue,Actual,1966414.94
2026-04-01,Switzerland,DACH,Industrial Solutions,Material Costs,Actual,-706634.8
2026-04-01,Switzerland,DACH,Industrial Solutions,Production Costs,Actual,-229178.85
2026-04-01,Switzerland,DACH,Industrial Solutions,Personnel Costs,Actual,-276924.45
2026-04-01,Switzerland,DACH,Industrial Solutions,External Services,Actual,-95491.19
2026-04-01,Switzerland,DACH,Industrial Solutions,Travel Expenses,Actual,-21587.17
2026-04-01,Switzerland,DACH,Industrial Solutions,IT Expenses,Actual,-19345.83
2026-04-01,Switzerland,DACH,Industrial Solutions,Other Operating Expenses,Actual,-36242.04
2026-04-01,Switzerland,DACH,Industrial Solutions,Depreciation,Actual,-68824.52
2026-04-01,Switzerland,DACH,Industrial Solutions,Other Operating Income,Actual,8028.3
2026-04-01,Switzerland,DACH,Industrial Solutions,Revenue,Budget,1927184.51
2026-04-01,Switzerland,DACH,Industrial Solutions,Material Costs,Budget,-713058.27
2026-04-01,Switzerland,DACH,Industrial Solutions,Production Costs,Budget,-231262.14
2026-04-01,Switzerland,DACH,Industrial Solutions,Personnel Costs,Budget,-279441.75
2026-04-01,Switzerland,DACH,Industrial Solutions,External Services,Budget,-96359.23
2026-04-01,Switzerland,DACH,Industrial Solutions,Travel Expenses,Budget,-22972.53
2026-04-01,Switzerland,DACH,Industrial Solutions,IT Expenses,Budget,-19263.25
2026-04-01,Switzerland,DACH,Industrial Solutions,Other Operating Expenses,Budget,-34091.9
2026-04-01,Switzerland,DACH,Industrial Solutions,Depreciation,Budget,-67451.46
2026-04-01,Switzerland,DACH,Industrial Solutions,Other Operating Income,Budget,7771.88
2026-04-01,Switzerland,DACH,Industrial Solutions,Revenue,Forecast,1926682.14
2026-04-01,Switzerland,DACH,Industrial Solutions,Material Costs,Forecast,-719424.07
2026-04-01,Switzerland,DACH,Industrial Solutions,Production Costs,Forecast,-233326.73
2026-04-01,Switzerland,DACH,Industrial Solutions,Personnel Costs,Forecast,-281936.46
2026-04-01,Switzerland,DACH,Industrial Solutions,External Services,Forecast,-97219.47
2026-04-01,Switzerland,DACH,Industrial Solutions,Travel Expenses,Forecast,-21999.4
2026-04-01,Switzerland,DACH,Industrial Solutions,IT Expenses,Forecast,-19382.29
2026-04-01,Switzerland,DACH,Industrial Solutions,Other Operating Expenses,Forecast,-35488.71
2026-04-01,Switzerland,DACH,Industrial Solutions,Depreciation,Forecast,-67433.87
2026-04-01,Switzerland,DACH,Industrial Solutions,Other Operating Income,Forecast,7578.77
2026-04-01,Switzerland,DACH,Services,Revenue,Actual,1310533.57
2026-04-01,Switzerland,DACH,Services,Material Costs,Actual,-238215.53
2026-04-01,Switzerland,DACH,Services,Production Costs,Actual,-105873.57
2026-04-01,Switzerland,DACH,Services,Personnel Costs,Actual,-311003.61
2026-04-01,Switzerland,DACH,Services,External Services,Actual,-99256.47
2026-04-01,Switzerland,DACH,Services,Travel Expenses,Actual,-15378.19
2026-04-01,Switzerland,DACH,Services,IT Expenses,Actual,-13152.84
2026-04-01,Switzerland,DACH,Services,Other Operating Expenses,Actual,-23861.04
2026-04-01,Switzerland,DACH,Services,Depreciation,Actual,-26210.67
2026-04-01,Switzerland,DACH,Services,Other Operating Income,Actual,5282.99
2026-04-01,Switzerland,DACH,Services,Revenue,Budget,1203038.27
2026-04-01,Switzerland,DACH,Services,Material Costs,Budget,-216546.89
2026-04-01,Switzerland,DACH,Services,Production Costs,Budget,-96243.06
2026-04-01,Switzerland,DACH,Services,Personnel Costs,Budget,-282713.99
2026-04-01,Switzerland,DACH,Services,External Services,Budget,-90227.87
2026-04-01,Switzerland,DACH,Services,Travel Expenses,Budget,-13994.84
2026-04-01,Switzerland,DACH,Services,IT Expenses,Budget,-12080.03
2026-04-01,Switzerland,DACH,Services,Other Operating Expenses,Budget,-22446.27
2026-04-01,Switzerland,DACH,Services,Depreciation,Budget,-24060.77
2026-04-01,Switzerland,DACH,Services,Other Operating Income,Budget,4898.51
2026-04-01,Switzerland,DACH,Services,Revenue,Forecast,1261107.1
2026-04-01,Switzerland,DACH,Services,Material Costs,Forecast,-229619.72
2026-04-01,Switzerland,DACH,Services,Production Costs,Forecast,-102053.21
2026-04-01,Switzerland,DACH,Services,Personnel Costs,Forecast,-299781.31
2026-04-01,Switzerland,DACH,Services,External Services,Forecast,-95674.88
2026-04-01,Switzerland,DACH,Services,Travel Expenses,Forecast,-15025.68
2026-04-01,Switzerland,DACH,Services,IT Expenses,Forecast,-12800.21
2026-04-01,Switzerland,DACH,Services,Other Operating Expenses,Forecast,-22858.41
2026-04-01,Switzerland,DACH,Services,Depreciation,Forecast,-25222.14
2026-04-01,Switzerland,DACH,Services,Other Operating Income,Forecast,4852.56
2026-04-01,Switzerland,DACH,Equipment,Revenue,Actual,1458691.36
2026-04-01,Switzerland,DACH,Equipment,Material Costs,Actual,-630206.13
2026-04-01,Switzerland,DACH,Equipment,Production Costs,Actual,-219839.35
2026-04-01,Switzerland,DACH,Equipment,Personnel Costs,Actual,-175871.48
2026-04-01,Switzerland,DACH,Equipment,External Services,Actual,-58623.83
2026-04-01,Switzerland,DACH,Equipment,Travel Expenses,Actual,-17660.39
2026-04-01,Switzerland,DACH,Equipment,IT Expenses,Actual,-14239.97
2026-04-01,Switzerland,DACH,Equipment,Other Operating Expenses,Actual,-26948.29
2026-04-01,Switzerland,DACH,Equipment,Depreciation,Actual,-65641.11
2026-04-01,Switzerland,DACH,Equipment,Other Operating Income,Actual,5968.27
2026-04-01,Switzerland,DACH,Equipment,Revenue,Budget,1516918.14
2026-04-01,Switzerland,DACH,Equipment,Material Costs,Budget,-652274.8
2026-04-01,Switzerland,DACH,Equipment,Production Costs,Budget,-227537.72
2026-04-01,Switzerland,DACH,Equipment,Personnel Costs,Budget,-182030.18
2026-04-01,Switzerland,DACH,Equipment,External Services,Budget,-60676.73
2026-04-01,Switzerland,DACH,Equipment,Travel Expenses,Budget,-17818.17
2026-04-01,Switzerland,DACH,Equipment,IT Expenses,Budget,-14702.7
2026-04-01,Switzerland,DACH,Equipment,Other Operating Expenses,Budget,-27205.61
2026-04-01,Switzerland,DACH,Equipment,Depreciation,Budget,-68261.32
2026-04-01,Switzerland,DACH,Equipment,Other Operating Income,Budget,5959.44
2026-04-01,Switzerland,DACH,Equipment,Revenue,Forecast,1477375.34
2026-04-01,Switzerland,DACH,Equipment,Material Costs,Forecast,-636133.89
2026-04-01,Switzerland,DACH,Equipment,Production Costs,Forecast,-221907.17
2026-04-01,Switzerland,DACH,Equipment,Personnel Costs,Forecast,-177525.74
2026-04-01,Switzerland,DACH,Equipment,External Services,Forecast,-59175.25
2026-04-01,Switzerland,DACH,Equipment,Travel Expenses,Forecast,-17535.38
2026-04-01,Switzerland,DACH,Equipment,IT Expenses,Forecast,-14180.6
2026-04-01,Switzerland,DACH,Equipment,Other Operating Expenses,Forecast,-26334.58
2026-04-01,Switzerland,DACH,Equipment,Depreciation,Forecast,-66481.89
2026-04-01,Switzerland,DACH,Equipment,Other Operating Income,Forecast,5837.26
2026-05-01,Austria,DACH,Industrial Solutions,Revenue,Actual,2535351.84
2026-05-01,Austria,DACH,Industrial Solutions,Material Costs,Actual,-924512.07
2026-05-01,Austria,DACH,Industrial Solutions,Production Costs,Actual,-299841.75
2026-05-01,Austria,DACH,Industrial Solutions,Personnel Costs,Actual,-362308.79
2026-05-01,Austria,DACH,Industrial Solutions,External Services,Actual,-124934.06
2026-05-01,Austria,DACH,Industrial Solutions,Travel Expenses,Actual,-31620.96
2026-05-01,Austria,DACH,Industrial Solutions,IT Expenses,Actual,-25239.77
2026-05-01,Austria,DACH,Industrial Solutions,Other Operating Expenses,Actual,-46617.04
2026-05-01,Austria,DACH,Industrial Solutions,Depreciation,Actual,-88737.31
2026-05-01,Austria,DACH,Industrial Solutions,Other Operating Income,Actual,10173.78
2026-05-01,Austria,DACH,Industrial Solutions,Revenue,Budget,2618621.72
2026-05-01,Austria,DACH,Industrial Solutions,Material Costs,Budget,-968890.04
2026-05-01,Austria,DACH,Industrial Solutions,Production Costs,Budget,-314234.61
2026-05-01,Austria,DACH,Industrial Solutions,Personnel Costs,Budget,-379700.15
2026-05-01,Austria,DACH,Industrial Solutions,External Services,Budget,-130931.09
2026-05-01,Austria,DACH,Industrial Solutions,Travel Expenses,Budget,-32497.72
2026-05-01,Austria,DACH,Industrial Solutions,IT Expenses,Budget,-25983.35
2026-05-01,Austria,DACH,Industrial Solutions,Other Operating Expenses,Budget,-45840.6
2026-05-01,Austria,DACH,Industrial Solutions,Depreciation,Budget,-91651.76
2026-05-01,Austria,DACH,Industrial Solutions,Other Operating Income,Budget,11069.65
2026-05-01,Austria,DACH,Industrial Solutions,Revenue,Forecast,2607374.75
2026-05-01,Austria,DACH,Industrial Solutions,Material Costs,Forecast,-963414.92
2026-05-01,Austria,DACH,Industrial Solutions,Production Costs,Forecast,-312458.89
2026-05-01,Austria,DACH,Industrial Solutions,Personnel Costs,Forecast,-377554.5
2026-05-01,Austria,DACH,Industrial Solutions,External Services,Forecast,-130191.21
2026-05-01,Austria,DACH,Industrial Solutions,Travel Expenses,Forecast,-31496.46
2026-05-01,Austria,DACH,Industrial Solutions,IT Expenses,Forecast,-26717.64
2026-05-01,Austria,DACH,Industrial Solutions,Other Operating Expenses,Forecast,-45721.93
2026-05-01,Austria,DACH,Industrial Solutions,Depreciation,Forecast,-91258.12
2026-05-01,Austria,DACH,Industrial Solutions,Other Operating Income,Forecast,10677.93
2026-05-01,Austria,DACH,Services,Revenue,Actual,1616773.76
2026-05-01,Austria,DACH,Services,Material Costs,Actual,-280104.44
2026-05-01,Austria,DACH,Services,Production Costs,Actual,-124490.86
2026-05-01,Austria,DACH,Services,Personnel Costs,Actual,-365691.91
2026-05-01,Austria,DACH,Services,External Services,Actual,-116710.18
2026-05-01,Austria,DACH,Services,Travel Expenses,Actual,-18947.97
2026-05-01,Austria,DACH,Services,IT Expenses,Actual,-16604.61
2026-05-01,Austria,DACH,Services,Other Operating Expenses,Actual,-29746.67
2026-05-01,Austria,DACH,Services,Depreciation,Actual,-32335.48
2026-05-01,Austria,DACH,Services,Other Operating Income,Actual,6450.89
2026-05-01,Austria,DACH,Services,Revenue,Budget,1612789.7
2026-05-01,Austria,DACH,Services,Material Costs,Budget,-290302.15
2026-05-01,Austria,DACH,Services,Production Costs,Budget,-129023.18
2026-05-01,Austria,DACH,Services,Personnel Costs,Budget,-379005.58
2026-05-01,Austria,DACH,Services,External Services,Budget,-120959.23
2026-05-01,Austria,DACH,Services,Travel Expenses,Budget,-19494.63
2026-05-01,Austria,DACH,Services,IT Expenses,Budget,-16032.99
2026-05-01,Austria,DACH,Services,Other Operating Expenses,Budget,-30014.76
2026-05-01,Austria,DACH,Services,Depreciation,Budget,-32255.79
2026-05-01,Austria,DACH,Services,Other Operating Income,Budget,6399.46
2026-05-01,Austria,DACH,Services,Revenue,Forecast,1615914.77
2026-05-01,Austria,DACH,Services,Material Costs,Forecast,-291673.87
2026-05-01,Austria,DACH,Services,Production Costs,Forecast,-129632.83
2026-05-01,Austria,DACH,Services,Personnel Costs,Forecast,-380796.45
2026-05-01,Austria,DACH,Services,External Services,Forecast,-121530.78
2026-05-01,Austria,DACH,Services,Travel Expenses,Forecast,-20057.66
2026-05-01,Austria,DACH,Services,IT Expenses,Forecast,-15907.91
2026-05-01,Austria,DACH,Services,Other Operating Expenses,Forecast,-30219.96
2026-05-01,Austria,DACH,Services,Depreciation,Forecast,-32318.3
2026-05-01,Austria,DACH,Services,Other Operating Income,Forecast,6067.96
2026-05-01,Austria,DACH,Equipment,Revenue,Actual,2030594.56
2026-05-01,Austria,DACH,Equipment,Material Costs,Actual,-831898.83
2026-05-01,Austria,DACH,Equipment,Production Costs,Actual,-290197.27
2026-05-01,Austria,DACH,Equipment,Personnel Costs,Actual,-232157.81
2026-05-01,Austria,DACH,Equipment,External Services,Actual,-77385.94
2026-05-01,Austria,DACH,Equipment,Travel Expenses,Actual,-24034.67
2026-05-01,Austria,DACH,Equipment,IT Expenses,Actual,-19883.66
2026-05-01,Austria,DACH,Equipment,Other Operating Expenses,Actual,-35995.45
2026-05-01,Austria,DACH,Equipment,Depreciation,Actual,-91376.76
2026-05-01,Austria,DACH,Equipment,Other Operating Income,Actual,8077.77
2026-05-01,Austria,DACH,Equipment,Revenue,Budget,2097665.47
2026-05-01,Austria,DACH,Equipment,Material Costs,Budget,-901996.15
2026-05-01,Austria,DACH,Equipment,Production Costs,Budget,-314649.82
2026-05-01,Austria,DACH,Equipment,Personnel Costs,Budget,-251719.86
2026-05-01,Austria,DACH,Equipment,External Services,Budget,-83906.62
2026-05-01,Austria,DACH,Equipment,Travel Expenses,Budget,-25895.27
2026-05-01,Austria,DACH,Equipment,IT Expenses,Budget,-21063.75
2026-05-01,Austria,DACH,Equipment,Other Operating Expenses,Budget,-38048.41
2026-05-01,Austria,DACH,Equipment,Depreciation,Budget,-94394.95
2026-05-01,Austria,DACH,Equipment,Other Operating Income,Budget,8022.98
2026-05-01,Austria,DACH,Equipment,Revenue,Forecast,2056775.29
2026-05-01,Austria,DACH,Equipment,Material Costs,Forecast,-875065.97
2026-05-01,Austria,DACH,Equipment,Production Costs,Forecast,-305255.57
2026-05-01,Austria,DACH,Equipment,Personnel Costs,Forecast,-244204.46
2026-05-01,Austria,DACH,Equipment,External Services,Forecast,-81401.49
2026-05-01,Austria,DACH,Equipment,Travel Expenses,Forecast,-26013.15
2026-05-01,Austria,DACH,Equipment,IT Expenses,Forecast,-20265.32
2026-05-01,Austria,DACH,Equipment,Other Operating Expenses,Forecast,-38554.86
2026-05-01,Austria,DACH,Equipment,Depreciation,Forecast,-92554.89
2026-05-01,Austria,DACH,Equipment,Other Operating Income,Forecast,8147.11
2026-05-01,Germany,DACH,Industrial Solutions,Revenue,Actual,3639897.93
2026-05-01,Germany,DACH,Industrial Solutions,Material Costs,Actual,-1343031.28
2026-05-01,Germany,DACH,Industrial Solutions,Production Costs,Actual,-435577.71
2026-05-01,Germany,DACH,Industrial Solutions,Personnel Costs,Actual,-526323.07
2026-05-01,Germany,DACH,Industrial Solutions,External Services,Actual,-181490.71
2026-05-01,Germany,DACH,Industrial Solutions,Travel Expenses,Actual,-43170.04
2026-05-01,Germany,DACH,Industrial Solutions,IT Expenses,Actual,-36358.27
2026-05-01,Germany,DACH,Industrial Solutions,Other Operating Expenses,Actual,-66071.72
2026-05-01,Germany,DACH,Industrial Solutions,Depreciation,Actual,-127396.43
2026-05-01,Germany,DACH,Industrial Solutions,Other Operating Income,Actual,15078.67
2026-05-01,Germany,DACH,Industrial Solutions,Revenue,Budget,3508557.54
2026-05-01,Germany,DACH,Industrial Solutions,Material Costs,Budget,-1298166.29
2026-05-01,Germany,DACH,Industrial Solutions,Production Costs,Budget,-421026.9
2026-05-01,Germany,DACH,Industrial Solutions,Personnel Costs,Budget,-508740.84
2026-05-01,Germany,DACH,Industrial Solutions,External Services,Budget,-175427.88
2026-05-01,Germany,DACH,Industrial Solutions,Travel Expenses,Budget,-42108.03
2026-05-01,Germany,DACH,Industrial Solutions,IT Expenses,Budget,-35519.86
2026-05-01,Germany,DACH,Industrial Solutions,Other Operating Expenses,Budget,-65740.76
2026-05-01,Germany,DACH,Industrial Solutions,Depreciation,Budget,-122799.51
2026-05-01,Germany,DACH,Industrial Solutions,Other Operating Income,Budget,14248.29
2026-05-01,Germany,DACH,Industrial Solutions,Revenue,Forecast,3617229.84
2026-05-01,Germany,DACH,Industrial Solutions,Material Costs,Forecast,-1343380.34
2026-05-01,Germany,DACH,Industrial Solutions,Production Costs,Forecast,-435690.92
2026-05-01,Germany,DACH,Industrial Solutions,Personnel Costs,Forecast,-526459.86
2026-05-01,Germany,DACH,Industrial Solutions,External Services,Forecast,-181537.88
2026-05-01,Germany,DACH,Industrial Solutions,Travel Expenses,Forecast,-41428.83
2026-05-01,Germany,DACH,Industrial Solutions,IT Expenses,Forecast,-34269.11
2026-05-01,Germany,DACH,Industrial Solutions,Other Operating Expenses,Forecast,-65742.32
2026-05-01,Germany,DACH,Industrial Solutions,Depreciation,Forecast,-126603.04
2026-05-01,Germany,DACH,Industrial Solutions,Other Operating Income,Forecast,14414.04
2026-05-01,Germany,DACH,Services,Revenue,Actual,2310995.15
2026-05-01,Germany,DACH,Services,Material Costs,Actual,-453369.9
2026-05-01,Germany,DACH,Services,Production Costs,Actual,-201497.73
2026-05-01,Germany,DACH,Services,Personnel Costs,Actual,-591899.59
2026-05-01,Germany,DACH,Services,External Services,Actual,-188904.13
2026-05-01,Germany,DACH,Services,Travel Expenses,Actual,-27803.58
2026-05-01,Germany,DACH,Services,IT Expenses,Actual,-22764.72
2026-05-01,Germany,DACH,Services,Other Operating Expenses,Actual,-42627.63
2026-05-01,Germany,DACH,Services,Depreciation,Actual,-46219.9
2026-05-01,Germany,DACH,Services,Other Operating Income,Actual,9163.69
2026-05-01,Germany,DACH,Services,Revenue,Budget,2179242.55
2026-05-01,Germany,DACH,Services,Material Costs,Budget,-392263.66
2026-05-01,Germany,DACH,Services,Production Costs,Budget,-174339.4
2026-05-01,Germany,DACH,Services,Personnel Costs,Budget,-512122.0
2026-05-01,Germany,DACH,Services,External Services,Budget,-163443.19
2026-05-01,Germany,DACH,Services,Travel Expenses,Budget,-26563.99
2026-05-01,Germany,DACH,Services,IT Expenses,Budget,-21584.35
2026-05-01,Germany,DACH,Services,Other Operating Expenses,Budget,-38589.11
2026-05-01,Germany,DACH,Services,Depreciation,Budget,-43584.85
2026-05-01,Germany,DACH,Services,Other Operating Income,Budget,8746.32
2026-05-01,Germany,DACH,Services,Revenue,Forecast,2250618.39
2026-05-01,Germany,DACH,Services,Material Costs,Forecast,-405173.67
2026-05-01,Germany,DACH,Services,Production Costs,Forecast,-180077.19
2026-05-01,Germany,DACH,Services,Personnel Costs,Forecast,-528976.74
2026-05-01,Germany,DACH,Services,External Services,Forecast,-168822.36
2026-05-01,Germany,DACH,Services,Travel Expenses,Forecast,-27396.19
2026-05-01,Germany,DACH,Services,IT Expenses,Forecast,-22385.26
2026-05-01,Germany,DACH,Services,Other Operating Expenses,Forecast,-38651.31
2026-05-01,Germany,DACH,Services,Depreciation,Forecast,-45012.37
2026-05-01,Germany,DACH,Services,Other Operating Income,Forecast,8846.63
2026-05-01,Germany,DACH,Equipment,Revenue,Actual,2748622.79
2026-05-01,Germany,DACH,Equipment,Material Costs,Actual,-1211052.95
2026-05-01,Germany,DACH,Equipment,Production Costs,Actual,-422460.33
2026-05-01,Germany,DACH,Equipment,Personnel Costs,Actual,-337968.27
2026-05-01,Germany,DACH,Equipment,External Services,Actual,-112656.09
2026-05-01,Germany,DACH,Equipment,Travel Expenses,Actual,-32278.97
2026-05-01,Germany,DACH,Equipment,IT Expenses,Actual,-26638.11
2026-05-01,Germany,DACH,Equipment,Other Operating Expenses,Actual,-49276.53
2026-05-01,Germany,DACH,Equipment,Depreciation,Actual,-123688.03
2026-05-01,Germany,DACH,Equipment,Other Operating Income,Actual,10781.56
2026-05-01,Germany,DACH,Equipment,Revenue,Budget,2803990.07
2026-05-01,Germany,DACH,Equipment,Material Costs,Budget,-1205715.73
2026-05-01,Germany,DACH,Equipment,Production Costs,Budget,-420598.51
2026-05-01,Germany,DACH,Equipment,Personnel Costs,Budget,-336478.81
2026-05-01,Germany,DACH,Equipment,External Services,Budget,-112159.6
2026-05-01,Germany,DACH,Equipment,Travel Expenses,Budget,-32672.52
2026-05-01,Germany,DACH,Equipment,IT Expenses,Budget,-27941.55
2026-05-01,Germany,DACH,Equipment,Other Operating Expenses,Budget,-51092.0
2026-05-01,Germany,DACH,Equipment,Depreciation,Budget,-126179.55
2026-05-01,Germany,DACH,Equipment,Other Operating Income,Budget,11211.79
2026-05-01,Germany,DACH,Equipment,Revenue,Forecast,2768071.24
2026-05-01,Germany,DACH,Equipment,Material Costs,Forecast,-1194655.32
2026-05-01,Germany,DACH,Equipment,Production Costs,Forecast,-416740.23
2026-05-01,Germany,DACH,Equipment,Personnel Costs,Forecast,-333392.18
2026-05-01,Germany,DACH,Equipment,External Services,Forecast,-111130.73
2026-05-01,Germany,DACH,Equipment,Travel Expenses,Forecast,-35023.93
2026-05-01,Germany,DACH,Equipment,IT Expenses,Forecast,-27490.89
2026-05-01,Germany,DACH,Equipment,Other Operating Expenses,Forecast,-50172.0
2026-05-01,Germany,DACH,Equipment,Depreciation,Forecast,-124563.21
2026-05-01,Germany,DACH,Equipment,Other Operating Income,Forecast,10846.76
2026-05-01,France,Western Europe,Industrial Solutions,Revenue,Actual,2800222.59
2026-05-01,France,Western Europe,Industrial Solutions,Material Costs,Actual,-1045393.52
2026-05-01,France,Western Europe,Industrial Solutions,Production Costs,Actual,-339046.55
2026-05-01,France,Western Europe,Industrial Solutions,Personnel Costs,Actual,-409681.24
2026-05-01,France,Western Europe,Industrial Solutions,External Services,Actual,-141269.39
2026-05-01,France,Western Europe,Industrial Solutions,Travel Expenses,Actual,-35970.73
2026-05-01,France,Western Europe,Industrial Solutions,IT Expenses,Actual,-27601.21
2026-05-01,France,Western Europe,Industrial Solutions,Other Operating Expenses,Actual,-49879.02
2026-05-01,France,Western Europe,Industrial Solutions,Depreciation,Actual,-98007.79
2026-05-01,France,Western Europe,Industrial Solutions,Other Operating Income,Actual,11172.61
2026-05-01,France,Western Europe,Industrial Solutions,Revenue,Budget,2829711.84
2026-05-01,France,Western Europe,Industrial Solutions,Material Costs,Budget,-1046993.38
2026-05-01,France,Western Europe,Industrial Solutions,Production Costs,Budget,-339565.42
2026-05-01,France,Western Europe,Industrial Solutions,Personnel Costs,Budget,-410308.22
2026-05-01,France,Western Europe,Industrial Solutions,External Services,Budget,-141485.59
2026-05-01,France,Western Europe,Industrial Solutions,Travel Expenses,Budget,-34359.74
2026-05-01,France,Western Europe,Industrial Solutions,IT Expenses,Budget,-28446.27
2026-05-01,France,Western Europe,Industrial Solutions,Other Operating Expenses,Budget,-52569.94
2026-05-01,France,Western Europe,Industrial Solutions,Depreciation,Budget,-99039.91
2026-05-01,France,Western Europe,Industrial Solutions,Other Operating Income,Budget,10220.29
2026-05-01,France,Western Europe,Industrial Solutions,Revenue,Forecast,2802716.88
2026-05-01,France,Western Europe,Industrial Solutions,Material Costs,Forecast,-1007302.14
2026-05-01,France,Western Europe,Industrial Solutions,Production Costs,Forecast,-326692.59
2026-05-01,France,Western Europe,Industrial Solutions,Personnel Costs,Forecast,-394753.54
2026-05-01,France,Western Europe,Industrial Solutions,External Services,Forecast,-136121.91
2026-05-01,France,Western Europe,Industrial Solutions,Travel Expenses,Forecast,-33132.27
2026-05-01,France,Western Europe,Industrial Solutions,IT Expenses,Forecast,-28642.25
2026-05-01,France,Western Europe,Industrial Solutions,Other Operating Expenses,Forecast,-48474.27
2026-05-01,France,Western Europe,Industrial Solutions,Depreciation,Forecast,-98095.09
2026-05-01,France,Western Europe,Industrial Solutions,Other Operating Income,Forecast,9862.14
2026-05-01,France,Western Europe,Services,Revenue,Actual,1801953.48
2026-05-01,France,Western Europe,Services,Material Costs,Actual,-316360.09
2026-05-01,France,Western Europe,Services,Production Costs,Actual,-140604.49
2026-05-01,France,Western Europe,Services,Personnel Costs,Actual,-413025.68
2026-05-01,France,Western Europe,Services,External Services,Actual,-131816.71
2026-05-01,France,Western Europe,Services,Travel Expenses,Actual,-20994.37
2026-05-01,France,Western Europe,Services,IT Expenses,Actual,-18059.37
2026-05-01,France,Western Europe,Services,Other Operating Expenses,Actual,-31927.3
2026-05-01,France,Western Europe,Services,Depreciation,Actual,-36039.07
2026-05-01,France,Western Europe,Services,Other Operating Income,Actual,7350.26
2026-05-01,France,Western Europe,Services,Revenue,Budget,1798962.79
2026-05-01,France,Western Europe,Services,Material Costs,Budget,-323813.3
2026-05-01,France,Western Europe,Services,Production Costs,Budget,-143917.02
2026-05-01,France,Western Europe,Services,Personnel Costs,Budget,-422756.25
2026-05-01,France,Western Europe,Services,External Services,Budget,-134922.21
2026-05-01,France,Western Europe,Services,Travel Expenses,Budget,-19738.82
2026-05-01,France,Western Europe,Services,IT Expenses,Budget,-17681.34
2026-05-01,France,Western Europe,Services,Other Operating Expenses,Budget,-31469.75
2026-05-01,France,Western Europe,Services,Depreciation,Budget,-35979.26
2026-05-01,France,Western Europe,Services,Other Operating Income,Budget,7122.07
2026-05-01,France,Western Europe,Services,Revenue,Forecast,1784903.37
2026-05-01,France,Western Europe,Services,Material Costs,Forecast,-319208.22
2026-05-01,France,Western Europe,Services,Production Costs,Forecast,-141870.32
2026-05-01,France,Western Europe,Services,Personnel Costs,Forecast,-416744.07
2026-05-01,France,Western Europe,Services,External Services,Forecast,-133003.43
2026-05-01,France,Western Europe,Services,Travel Expenses,Forecast,-21931.51
2026-05-01,France,Western Europe,Services,IT Expenses,Forecast,-17185.29
2026-05-01,France,Western Europe,Services,Other Operating Expenses,Forecast,-32164.8
2026-05-01,France,Western Europe,Services,Depreciation,Forecast,-35698.07
2026-05-01,France,Western Europe,Services,Other Operating Income,Forecast,7299.07
2026-05-01,France,Western Europe,Equipment,Revenue,Actual,2080387.01
2026-05-01,France,Western Europe,Equipment,Material Costs,Actual,-854224.54
2026-05-01,France,Western Europe,Equipment,Production Costs,Actual,-297985.3
2026-05-01,France,Western Europe,Equipment,Personnel Costs,Actual,-238388.24
2026-05-01,France,Western Europe,Equipment,External Services,Actual,-79462.75
2026-05-01,France,Western Europe,Equipment,Travel Expenses,Actual,-23173.21
2026-05-01,France,Western Europe,Equipment,IT Expenses,Actual,-21155.36
2026-05-01,France,Western Europe,Equipment,Other Operating Expenses,Actual,-37441.76
2026-05-01,France,Western Europe,Equipment,Depreciation,Actual,-93617.42
2026-05-01,France,Western Europe,Equipment,Other Operating Income,Actual,8713.83
2026-05-01,France,Western Europe,Equipment,Revenue,Budget,2313597.05
2026-05-01,France,Western Europe,Equipment,Material Costs,Budget,-994846.73
2026-05-01,France,Western Europe,Equipment,Production Costs,Budget,-347039.56
2026-05-01,France,Western Europe,Equipment,Personnel Costs,Budget,-277631.65
2026-05-01,France,Western Europe,Equipment,External Services,Budget,-92543.88
2026-05-01,France,Western Europe,Equipment,Travel Expenses,Budget,-26619.26
2026-05-01,France,Western Europe,Equipment,IT Expenses,Budget,-23376.54
2026-05-01,France,Western Europe,Equipment,Other Operating Expenses,Budget,-43590.41
2026-05-01,France,Western Europe,Equipment,Depreciation,Budget,-104111.87
2026-05-01,France,Western Europe,Equipment,Other Operating Income,Budget,9409.75
2026-05-01,France,Western Europe,Equipment,Revenue,Forecast,2191003.93
2026-05-01,France,Western Europe,Equipment,Material Costs,Forecast,-945258.6
2026-05-01,France,Western Europe,Equipment,Production Costs,Forecast,-329741.37
2026-05-01,France,Western Europe,Equipment,Personnel Costs,Forecast,-263793.1
2026-05-01,France,Western Europe,Equipment,External Services,Forecast,-87931.03
2026-05-01,France,Western Europe,Equipment,Travel Expenses,Forecast,-26298.8
2026-05-01,France,Western Europe,Equipment,IT Expenses,Forecast,-21221.68
2026-05-01,France,Western Europe,Equipment,Other Operating Expenses,Forecast,-40774.6
2026-05-01,France,Western Europe,Equipment,Depreciation,Forecast,-98595.18
2026-05-01,France,Western Europe,Equipment,Other Operating Income,Forecast,8549.87
2026-05-01,Italy,Southern Europe,Industrial Solutions,Revenue,Actual,1965349.12
2026-05-01,Italy,Southern Europe,Industrial Solutions,Material Costs,Actual,-753268.31
2026-05-01,Italy,Southern Europe,Industrial Solutions,Production Costs,Actual,-244303.24
2026-05-01,Italy,Southern Europe,Industrial Solutions,Personnel Costs,Actual,-295199.74
2026-05-01,Italy,Southern Europe,Industrial Solutions,External Services,Actual,-101793.02
2026-05-01,Italy,Southern Europe,Industrial Solutions,Travel Expenses,Actual,-23338.46
2026-05-01,Italy,Southern Europe,Industrial Solutions,IT Expenses,Actual,-20224.73
2026-05-01,Italy,Southern Europe,Industrial Solutions,Other Operating Expenses,Actual,-35307.1
2026-05-01,Italy,Southern Europe,Industrial Solutions,Depreciation,Actual,-68787.22
2026-05-01,Italy,Southern Europe,Industrial Solutions,Other Operating Income,Actual,7282.2
2026-05-01,Italy,Southern Europe,Industrial Solutions,Revenue,Budget,2091674.51
2026-05-01,Italy,Southern Europe,Industrial Solutions,Material Costs,Budget,-773919.57
2026-05-01,Italy,Southern Europe,Industrial Solutions,Production Costs,Budget,-251000.94
2026-05-01,Italy,Southern Europe,Industrial Solutions,Personnel Costs,Budget,-303292.8
2026-05-01,Italy,Southern Europe,Industrial Solutions,External Services,Budget,-104583.73
2026-05-01,Italy,Southern Europe,Industrial Solutions,Travel Expenses,Budget,-25771.82
2026-05-01,Italy,Southern Europe,Industrial Solutions,IT Expenses,Budget,-20669.97
2026-05-01,Italy,Southern Europe,Industrial Solutions,Other Operating Expenses,Budget,-38307.78
2026-05-01,Italy,Southern Europe,Industrial Solutions,Depreciation,Budget,-73208.61
2026-05-01,Italy,Southern Europe,Industrial Solutions,Other Operating Income,Budget,8375.14
2026-05-01,Italy,Southern Europe,Industrial Solutions,Revenue,Forecast,2003114.76
2026-05-01,Italy,Southern Europe,Industrial Solutions,Material Costs,Forecast,-727428.23
2026-05-01,Italy,Southern Europe,Industrial Solutions,Production Costs,Forecast,-235922.67
2026-05-01,Italy,Southern Europe,Industrial Solutions,Personnel Costs,Forecast,-285073.23
2026-05-01,Italy,Southern Europe,Industrial Solutions,External Services,Forecast,-98301.11
2026-05-01,Italy,Southern Europe,Industrial Solutions,Travel Expenses,Forecast,-24155.85
2026-05-01,Italy,Southern Europe,Industrial Solutions,IT Expenses,Forecast,-20911.0
2026-05-01,Italy,Southern Europe,Industrial Solutions,Other Operating Expenses,Forecast,-36500.44
2026-05-01,Italy,Southern Europe,Industrial Solutions,Depreciation,Forecast,-70109.02
2026-05-01,Italy,Southern Europe,Industrial Solutions,Other Operating Income,Forecast,7994.02
2026-05-01,Italy,Southern Europe,Services,Revenue,Actual,1309011.29
2026-05-01,Italy,Southern Europe,Services,Material Costs,Actual,-229191.76
2026-05-01,Italy,Southern Europe,Services,Production Costs,Actual,-101863.0
2026-05-01,Italy,Southern Europe,Services,Personnel Costs,Actual,-299222.57
2026-05-01,Italy,Southern Europe,Services,External Services,Actual,-95496.57
2026-05-01,Italy,Southern Europe,Services,Travel Expenses,Actual,-15818.34
2026-05-01,Italy,Southern Europe,Services,IT Expenses,Actual,-13361.19
2026-05-01,Italy,Southern Europe,Services,Other Operating Expenses,Actual,-23069.72
2026-05-01,Italy,Southern Europe,Services,Depreciation,Actual,-26180.23
2026-05-01,Italy,Southern Europe,Services,Other Operating Income,Actual,5534.39
2026-05-01,Italy,Southern Europe,Services,Revenue,Budget,1316198.08
2026-05-01,Italy,Southern Europe,Services,Material Costs,Budget,-236915.65
2026-05-01,Italy,Southern Europe,Services,Production Costs,Budget,-105295.85
2026-05-01,Italy,Southern Europe,Services,Personnel Costs,Budget,-309306.55
2026-05-01,Italy,Southern Europe,Services,External Services,Budget,-98714.86
2026-05-01,Italy,Southern Europe,Services,Travel Expenses,Budget,-15750.92
2026-05-01,Italy,Southern Europe,Services,IT Expenses,Budget,-12928.28
2026-05-01,Italy,Southern Europe,Services,Other Operating Expenses,Budget,-24282.45
2026-05-01,Italy,Southern Europe,Services,Depreciation,Budget,-26323.96
2026-05-01,Italy,Southern Europe,Services,Other Operating Income,Budget,5204.4
2026-05-01,Italy,Southern Europe,Services,Revenue,Forecast,1314445.03
2026-05-01,Italy,Southern Europe,Services,Material Costs,Forecast,-238756.52
2026-05-01,Italy,Southern Europe,Services,Production Costs,Forecast,-106114.01
2026-05-01,Italy,Southern Europe,Services,Personnel Costs,Forecast,-311709.9
2026-05-01,Italy,Southern Europe,Services,External Services,Forecast,-99481.88
2026-05-01,Italy,Southern Europe,Services,Travel Expenses,Forecast,-15635.28
2026-05-01,Italy,Southern Europe,Services,IT Expenses,Forecast,-13128.72
2026-05-01,Italy,Southern Europe,Services,Other Operating Expenses,Forecast,-23951.95
2026-05-01,Italy,Southern Europe,Services,Depreciation,Forecast,-26288.9
2026-05-01,Italy,Southern Europe,Services,Other Operating Income,Forecast,5318.96
2026-05-01,Italy,Southern Europe,Equipment,Revenue,Actual,1581352.08
2026-05-01,Italy,Southern Europe,Equipment,Material Costs,Actual,-677735.14
2026-05-01,Italy,Southern Europe,Equipment,Production Costs,Actual,-236419.23
2026-05-01,Italy,Southern Europe,Equipment,Personnel Costs,Actual,-189135.39
2026-05-01,Italy,Southern Europe,Equipment,External Services,Actual,-63045.13
2026-05-01,Italy,Southern Europe,Equipment,Travel Expenses,Actual,-18678.07
2026-05-01,Italy,Southern Europe,Equipment,IT Expenses,Actual,-15383.84
2026-05-01,Italy,Southern Europe,Equipment,Other Operating Expenses,Actual,-27695.99
2026-05-01,Italy,Southern Europe,Equipment,Depreciation,Actual,-71160.84
2026-05-01,Italy,Southern Europe,Equipment,Other Operating Income,Actual,5813.86
2026-05-01,Italy,Southern Europe,Equipment,Revenue,Budget,1606530.35
2026-05-01,Italy,Southern Europe,Equipment,Material Costs,Budget,-690808.05
2026-05-01,Italy,Southern Europe,Equipment,Production Costs,Budget,-240979.55
2026-05-01,Italy,Southern Europe,Equipment,Personnel Costs,Budget,-192783.64
2026-05-01,Italy,Southern Europe,Equipment,External Services,Budget,-64261.21
2026-05-01,Italy,Southern Europe,Equipment,Travel Expenses,Budget,-19219.79
2026-05-01,Italy,Southern Europe,Equipment,IT Expenses,Budget,-15873.02
2026-05-01,Italy,Southern Europe,Equipment,Other Operating Expenses,Budget,-28218.76
2026-05-01,Italy,Southern Europe,Equipment,Depreciation,Budget,-72293.87
2026-05-01,Italy,Southern Europe,Equipment,Other Operating Income,Budget,6408.61
2026-05-01,Italy,Southern Europe,Equipment,Revenue,Forecast,1604524.34
2026-05-01,Italy,Southern Europe,Equipment,Material Costs,Forecast,-692958.91
2026-05-01,Italy,Southern Europe,Equipment,Production Costs,Forecast,-241729.85
2026-05-01,Italy,Southern Europe,Equipment,Personnel Costs,Forecast,-193383.88
2026-05-01,Italy,Southern Europe,Equipment,External Services,Forecast,-64461.29
2026-05-01,Italy,Southern Europe,Equipment,Travel Expenses,Forecast,-20463.38
2026-05-01,Italy,Southern Europe,Equipment,IT Expenses,Forecast,-15560.07
2026-05-01,Italy,Southern Europe,Equipment,Other Operating Expenses,Forecast,-29718.55
2026-05-01,Italy,Southern Europe,Equipment,Depreciation,Forecast,-72203.6
2026-05-01,Italy,Southern Europe,Equipment,Other Operating Income,Forecast,6667.92
2026-05-01,Switzerland,DACH,Industrial Solutions,Revenue,Actual,1963009.89
2026-05-01,Switzerland,DACH,Industrial Solutions,Material Costs,Actual,-729685.36
2026-05-01,Switzerland,DACH,Industrial Solutions,Production Costs,Actual,-236654.71
2026-05-01,Switzerland,DACH,Industrial Solutions,Personnel Costs,Actual,-285957.78
2026-05-01,Switzerland,DACH,Industrial Solutions,External Services,Actual,-98606.13
2026-05-01,Switzerland,DACH,Industrial Solutions,Travel Expenses,Actual,-24622.6
2026-05-01,Switzerland,DACH,Industrial Solutions,IT Expenses,Actual,-19867.86
2026-05-01,Switzerland,DACH,Industrial Solutions,Other Operating Expenses,Actual,-35783.46
2026-05-01,Switzerland,DACH,Industrial Solutions,Depreciation,Actual,-68705.35
2026-05-01,Switzerland,DACH,Industrial Solutions,Other Operating Income,Actual,7716.89
2026-05-01,Switzerland,DACH,Industrial Solutions,Revenue,Budget,1930922.34
2026-05-01,Switzerland,DACH,Industrial Solutions,Material Costs,Budget,-714441.27
2026-05-01,Switzerland,DACH,Industrial Solutions,Production Costs,Budget,-231710.68
2026-05-01,Switzerland,DACH,Industrial Solutions,Personnel Costs,Budget,-279983.74
2026-05-01,Switzerland,DACH,Industrial Solutions,External Services,Budget,-96546.12
2026-05-01,Switzerland,DACH,Industrial Solutions,Travel Expenses,Budget,-22139.45
2026-05-01,Switzerland,DACH,Industrial Solutions,IT Expenses,Budget,-19228.72
2026-05-01,Switzerland,DACH,Industrial Solutions,Other Operating Expenses,Budget,-35805.04
2026-05-01,Switzerland,DACH,Industrial Solutions,Depreciation,Budget,-67582.28
2026-05-01,Switzerland,DACH,Industrial Solutions,Other Operating Income,Budget,7251.87
2026-05-01,Switzerland,DACH,Industrial Solutions,Revenue,Forecast,1941436.65
2026-05-01,Switzerland,DACH,Industrial Solutions,Material Costs,Forecast,-709236.71
2026-05-01,Switzerland,DACH,Industrial Solutions,Production Costs,Forecast,-230022.72
2026-05-01,Switzerland,DACH,Industrial Solutions,Personnel Costs,Forecast,-277944.12
2026-05-01,Switzerland,DACH,Industrial Solutions,External Services,Forecast,-95842.8
2026-05-01,Switzerland,DACH,Industrial Solutions,Travel Expenses,Forecast,-23385.49
2026-05-01,Switzerland,DACH,Industrial Solutions,IT Expenses,Forecast,-19032.04
2026-05-01,Switzerland,DACH,Industrial Solutions,Other Operating Expenses,Forecast,-34253.47
2026-05-01,Switzerland,DACH,Industrial Solutions,Depreciation,Forecast,-67950.28
2026-05-01,Switzerland,DACH,Industrial Solutions,Other Operating Income,Forecast,7634.16
2026-05-01,Switzerland,DACH,Services,Revenue,Actual,1176681.53
2026-05-01,Switzerland,DACH,Services,Material Costs,Actual,-204880.07
2026-05-01,Switzerland,DACH,Services,Production Costs,Actual,-91057.81
2026-05-01,Switzerland,DACH,Services,Personnel Costs,Actual,-267482.31
2026-05-01,Switzerland,DACH,Services,External Services,Actual,-85366.69
2026-05-01,Switzerland,DACH,Services,Travel Expenses,Actual,-13443.31
2026-05-01,Switzerland,DACH,Services,IT Expenses,Actual,-11618.55
2026-05-01,Switzerland,DACH,Services,Other Operating Expenses,Actual,-21567.84
2026-05-01,Switzerland,DACH,Services,Depreciation,Actual,-23533.63
2026-05-01,Switzerland,DACH,Services,Other Operating Income,Actual,4669.65
2026-05-01,Switzerland,DACH,Services,Revenue,Budget,1198252.3
2026-05-01,Switzerland,DACH,Services,Material Costs,Budget,-215685.41
2026-05-01,Switzerland,DACH,Services,Production Costs,Budget,-95860.18
2026-05-01,Switzerland,DACH,Services,Personnel Costs,Budget,-281589.29
2026-05-01,Switzerland,DACH,Services,External Services,Budget,-89868.92
2026-05-01,Switzerland,DACH,Services,Travel Expenses,Budget,-14178.62
2026-05-01,Switzerland,DACH,Services,IT Expenses,Budget,-11993.15
2026-05-01,Switzerland,DACH,Services,Other Operating Expenses,Budget,-20627.23
2026-05-01,Switzerland,DACH,Services,Depreciation,Budget,-23965.05
2026-05-01,Switzerland,DACH,Services,Other Operating Income,Budget,4887.85
2026-05-01,Switzerland,DACH,Services,Revenue,Forecast,1193064.69
2026-05-01,Switzerland,DACH,Services,Material Costs,Forecast,-215739.76
2026-05-01,Switzerland,DACH,Services,Production Costs,Forecast,-95884.34
2026-05-01,Switzerland,DACH,Services,Personnel Costs,Forecast,-281660.25
2026-05-01,Switzerland,DACH,Services,External Services,Forecast,-89891.57
2026-05-01,Switzerland,DACH,Services,Travel Expenses,Forecast,-14140.98
2026-05-01,Switzerland,DACH,Services,IT Expenses,Forecast,-12170.67
2026-05-01,Switzerland,DACH,Services,Other Operating Expenses,Forecast,-20869.84
2026-05-01,Switzerland,DACH,Services,Depreciation,Forecast,-23861.29
2026-05-01,Switzerland,DACH,Services,Other Operating Income,Forecast,4987.57
2026-05-01,Switzerland,DACH,Equipment,Revenue,Actual,1524896.83
2026-05-01,Switzerland,DACH,Equipment,Material Costs,Actual,-653947.29
2026-05-01,Switzerland,DACH,Equipment,Production Costs,Actual,-228121.15
2026-05-01,Switzerland,DACH,Equipment,Personnel Costs,Actual,-182496.92
2026-05-01,Switzerland,DACH,Equipment,External Services,Actual,-60832.31
2026-05-01,Switzerland,DACH,Equipment,Travel Expenses,Actual,-18968.65
2026-05-01,Switzerland,DACH,Equipment,IT Expenses,Actual,-14920.6
2026-05-01,Switzerland,DACH,Equipment,Other Operating Expenses,Actual,-26924.9
2026-05-01,Switzerland,DACH,Equipment,Depreciation,Actual,-68620.36
2026-05-01,Switzerland,DACH,Equipment,Other Operating Income,Actual,6352.43
2026-05-01,Switzerland,DACH,Equipment,Revenue,Budget,1545933.96
2026-05-01,Switzerland,DACH,Equipment,Material Costs,Budget,-664751.6
2026-05-01,Switzerland,DACH,Equipment,Production Costs,Budget,-231890.09
2026-05-01,Switzerland,DACH,Equipment,Personnel Costs,Budget,-185512.08
2026-05-01,Switzerland,DACH,Equipment,External Services,Budget,-61837.36
2026-05-01,Switzerland,DACH,Equipment,Travel Expenses,Budget,-18219.77
2026-05-01,Switzerland,DACH,Equipment,IT Expenses,Budget,-15737.77
2026-05-01,Switzerland,DACH,Equipment,Other Operating Expenses,Budget,-29009.06
2026-05-01,Switzerland,DACH,Equipment,Depreciation,Budget,-69567.03
2026-05-01,Switzerland,DACH,Equipment,Other Operating Income,Budget,6084.35
2026-05-01,Switzerland,DACH,Equipment,Revenue,Forecast,1534119.59
2026-05-01,Switzerland,DACH,Equipment,Material Costs,Forecast,-665065.13
2026-05-01,Switzerland,DACH,Equipment,Production Costs,Forecast,-231999.46
2026-05-01,Switzerland,DACH,Equipment,Personnel Costs,Forecast,-185599.57
2026-05-01,Switzerland,DACH,Equipment,External Services,Forecast,-61866.52
2026-05-01,Switzerland,DACH,Equipment,Travel Expenses,Forecast,-17772.27
2026-05-01,Switzerland,DACH,Equipment,IT Expenses,Forecast,-15572.77
2026-05-01,Switzerland,DACH,Equipment,Other Operating Expenses,Forecast,-27751.83
2026-05-01,Switzerland,DACH,Equipment,Depreciation,Forecast,-69035.38
2026-05-01,Switzerland,DACH,Equipment,Other Operating Income,Forecast,6252.59
2026-06-01,Austria,DACH,Industrial Solutions,Revenue,Actual,2498560.24
2026-06-01,Austria,DACH,Industrial Solutions,Material Costs,Actual,-907465.82
2026-06-01,Austria,DACH,Industrial Solutions,Production Costs,Actual,-294313.24
2026-06-01,Austria,DACH,Industrial Solutions,Personnel Costs,Actual,-355628.5
2026-06-01,Austria,DACH,Industrial Solutions,External Services,Actual,-122630.52
2026-06-01,Austria,DACH,Industrial Solutions,Travel Expenses,Actual,-29697.27
2026-06-01,Austria,DACH,Industrial Solutions,IT Expenses,Actual,-25455.92
2026-06-01,Austria,DACH,Industrial Solutions,Other Operating Expenses,Actual,-45189.84
2026-06-01,Austria,DACH,Industrial Solutions,Depreciation,Actual,-87449.61
2026-06-01,Austria,DACH,Industrial Solutions,Other Operating Income,Actual,10773.13
2026-06-01,Austria,DACH,Industrial Solutions,Revenue,Budget,2632237.01
2026-06-01,Austria,DACH,Industrial Solutions,Material Costs,Budget,-973927.69
2026-06-01,Austria,DACH,Industrial Solutions,Production Costs,Budget,-315868.44
2026-06-01,Austria,DACH,Industrial Solutions,Personnel Costs,Budget,-381674.37
2026-06-01,Austria,DACH,Industrial Solutions,External Services,Budget,-131611.85
2026-06-01,Austria,DACH,Industrial Solutions,Travel Expenses,Budget,-32558.24
2026-06-01,Austria,DACH,Industrial Solutions,IT Expenses,Budget,-25978.13
2026-06-01,Austria,DACH,Industrial Solutions,Other Operating Expenses,Budget,-47412.62
2026-06-01,Austria,DACH,Industrial Solutions,Depreciation,Budget,-92128.3
2026-06-01,Austria,DACH,Industrial Solutions,Other Operating Income,Budget,10509.0
2026-06-01,Austria,DACH,Industrial Solutions,Revenue,Forecast,2569016.21
2026-06-01,Austria,DACH,Industrial Solutions,Material Costs,Forecast,-932489.01
2026-06-01,Austria,DACH,Industrial Solutions,Production Costs,Forecast,-302428.87
2026-06-01,Austria,DACH,Industrial Solutions,Personnel Costs,Forecast,-365434.88
2026-06-01,Austria,DACH,Industrial Solutions,External Services,Forecast,-126012.03
2026-06-01,Austria,DACH,Industrial Solutions,Travel Expenses,Forecast,-29958.47
2026-06-01,Austria,DACH,Industrial Solutions,IT Expenses,Forecast,-25402.04
2026-06-01,Austria,DACH,Industrial Solutions,Other Operating Expenses,Forecast,-43888.3
2026-06-01,Austria,DACH,Industrial Solutions,Depreciation,Forecast,-89915.57
2026-06-01,Austria,DACH,Industrial Solutions,Other Operating Income,Forecast,10295.59
2026-06-01,Austria,DACH,Services,Revenue,Actual,1560914.79
2026-06-01,Austria,DACH,Services,Material Costs,Actual,-285993.04
2026-06-01,Austria,DACH,Services,Production Costs,Actual,-127108.02
2026-06-01,Austria,DACH,Services,Personnel Costs,Actual,-373379.8
2026-06-01,Austria,DACH,Services,External Services,Actual,-119163.76
2026-06-01,Austria,DACH,Services,Travel Expenses,Actual,-18858.55
2026-06-01,Austria,DACH,Services,IT Expenses,Actual,-15507.98
2026-06-01,Austria,DACH,Services,Other Operating Expenses,Actual,-28511.9
2026-06-01,Austria,DACH,Services,Depreciation,Actual,-31218.3
2026-06-01,Austria,DACH,Services,Other Operating Income,Actual,6413.54
2026-06-01,Austria,DACH,Services,Revenue,Budget,1653036.86
2026-06-01,Austria,DACH,Services,Material Costs,Budget,-297546.64
2026-06-01,Austria,DACH,Services,Production Costs,Budget,-132242.95
2026-06-01,Austria,DACH,Services,Personnel Costs,Budget,-388463.66
2026-06-01,Austria,DACH,Services,External Services,Budget,-123977.76
2026-06-01,Austria,DACH,Services,Travel Expenses,Budget,-20019.38
2026-06-01,Austria,DACH,Services,IT Expenses,Budget,-16257.75
2026-06-01,Austria,DACH,Services,Other Operating Expenses,Budget,-29960.42
2026-06-01,Austria,DACH,Services,Depreciation,Budget,-33060.74
2026-06-01,Austria,DACH,Services,Other Operating Income,Budget,6928.34
2026-06-01,Austria,DACH,Services,Revenue,Forecast,1607551.31
2026-06-01,Austria,DACH,Services,Material Costs,Forecast,-287287.55
2026-06-01,Austria,DACH,Services,Production Costs,Forecast,-127683.36
2026-06-01,Austria,DACH,Services,Personnel Costs,Forecast,-375069.86
2026-06-01,Austria,DACH,Services,External Services,Forecast,-119703.15
2026-06-01,Austria,DACH,Services,Travel Expenses,Forecast,-20504.73
2026-06-01,Austria,DACH,Services,IT Expenses,Forecast,-15906.52
2026-06-01,Austria,DACH,Services,Other Operating Expenses,Forecast,-28959.37
2026-06-01,Austria,DACH,Services,Depreciation,Forecast,-32151.03
2026-06-01,Austria,DACH,Services,Other Operating Income,Forecast,6257.24
2026-06-01,Austria,DACH,Equipment,Revenue,Actual,1972062.84
2026-06-01,Austria,DACH,Equipment,Material Costs,Actual,-824834.41
2026-06-01,Austria,DACH,Equipment,Production Costs,Actual,-287732.93
2026-06-01,Austria,DACH,Equipment,Personnel Costs,Actual,-230186.35
2026-06-01,Austria,DACH,Equipment,External Services,Actual,-76728.78
2026-06-01,Austria,DACH,Equipment,Travel Expenses,Actual,-23760.84
2026-06-01,Austria,DACH,Equipment,IT Expenses,Actual,-20112.85
2026-06-01,Austria,DACH,Equipment,Other Operating Expenses,Actual,-36070.42
2026-06-01,Austria,DACH,Equipment,Depreciation,Actual,-88742.83
2026-06-01,Austria,DACH,Equipment,Other Operating Income,Actual,7139.92
2026-06-01,Austria,DACH,Equipment,Revenue,Budget,2105750.43
2026-06-01,Austria,DACH,Equipment,Material Costs,Budget,-905472.69
2026-06-01,Austria,DACH,Equipment,Production Costs,Budget,-315862.56
2026-06-01,Austria,DACH,Equipment,Personnel Costs,Budget,-252690.05
2026-06-01,Austria,DACH,Equipment,External Services,Budget,-84230.02
2026-06-01,Austria,DACH,Equipment,Travel Expenses,Budget,-26817.04
2026-06-01,Austria,DACH,Equipment,IT Expenses,Budget,-21181.86
2026-06-01,Austria,DACH,Equipment,Other Operating Expenses,Budget,-37167.71
2026-06-01,Austria,DACH,Equipment,Depreciation,Budget,-94758.77
2026-06-01,Austria,DACH,Equipment,Other Operating Income,Budget,8475.94
2026-06-01,Austria,DACH,Equipment,Revenue,Forecast,2023344.83
2026-06-01,Austria,DACH,Equipment,Material Costs,Forecast,-871877.78
2026-06-01,Austria,DACH,Equipment,Production Costs,Forecast,-304143.41
2026-06-01,Austria,DACH,Equipment,Personnel Costs,Forecast,-243314.73
2026-06-01,Austria,DACH,Equipment,External Services,Forecast,-81104.91
2026-06-01,Austria,DACH,Equipment,Travel Expenses,Forecast,-23794.4
2026-06-01,Austria,DACH,Equipment,IT Expenses,Forecast,-20313.54
2026-06-01,Austria,DACH,Equipment,Other Operating Expenses,Forecast,-35867.1
2026-06-01,Austria,DACH,Equipment,Depreciation,Forecast,-91050.52
2026-06-01,Austria,DACH,Equipment,Other Operating Income,Forecast,7962.47
2026-06-01,Germany,DACH,Industrial Solutions,Revenue,Actual,3401686.46
2026-06-01,Germany,DACH,Industrial Solutions,Material Costs,Actual,-1277040.79
2026-06-01,Germany,DACH,Industrial Solutions,Production Costs,Actual,-414175.39
2026-06-01,Germany,DACH,Industrial Solutions,Personnel Costs,Actual,-500461.93
2026-06-01,Germany,DACH,Industrial Solutions,External Services,Actual,-172573.08
2026-06-01,Germany,DACH,Industrial Solutions,Travel Expenses,Actual,-41450.77
2026-06-01,Germany,DACH,Industrial Solutions,IT Expenses,Actual,-34574.69
2026-06-01,Germany,DACH,Industrial Solutions,Other Operating Expenses,Actual,-61726.84
2026-06-01,Germany,DACH,Industrial Solutions,Depreciation,Actual,-119059.03
2026-06-01,Germany,DACH,Industrial Solutions,Other Operating Income,Actual,13316.8
2026-06-01,Germany,DACH,Industrial Solutions,Revenue,Budget,3551770.57
2026-06-01,Germany,DACH,Industrial Solutions,Material Costs,Budget,-1314155.11
2026-06-01,Germany,DACH,Industrial Solutions,Production Costs,Budget,-426212.47
2026-06-01,Germany,DACH,Industrial Solutions,Personnel Costs,Budget,-515006.73
2026-06-01,Germany,DACH,Industrial Solutions,External Services,Budget,-177588.53
2026-06-01,Germany,DACH,Industrial Solutions,Travel Expenses,Budget,-43694.87
2026-06-01,Germany,DACH,Industrial Solutions,IT Expenses,Budget,-34553.39
2026-06-01,Germany,DACH,Industrial Solutions,Other Operating Expenses,Budget,-62492.33
2026-06-01,Germany,DACH,Industrial Solutions,Depreciation,Budget,-124311.97
2026-06-01,Germany,DACH,Industrial Solutions,Other Operating Income,Budget,13659.14
2026-06-01,Germany,DACH,Industrial Solutions,Revenue,Forecast,3473271.83
2026-06-01,Germany,DACH,Industrial Solutions,Material Costs,Forecast,-1301766.47
2026-06-01,Germany,DACH,Industrial Solutions,Production Costs,Forecast,-422194.53
2026-06-01,Germany,DACH,Industrial Solutions,Personnel Costs,Forecast,-510151.73
2026-06-01,Germany,DACH,Industrial Solutions,External Services,Forecast,-175914.39
2026-06-01,Germany,DACH,Industrial Solutions,Travel Expenses,Forecast,-42858.1
2026-06-01,Germany,DACH,Industrial Solutions,IT Expenses,Forecast,-35071.23
2026-06-01,Germany,DACH,Industrial Solutions,Other Operating Expenses,Forecast,-64194.29
2026-06-01,Germany,DACH,Industrial Solutions,Depreciation,Forecast,-121564.51
2026-06-01,Germany,DACH,Industrial Solutions,Other Operating Income,Forecast,13404.45
2026-06-01,Germany,DACH,Services,Revenue,Actual,2328765.28
2026-06-01,Germany,DACH,Services,Material Costs,Actual,-443048.48
2026-06-01,Germany,DACH,Services,Production Costs,Actual,-196910.44
2026-06-01,Germany,DACH,Services,Personnel Costs,Actual,-578424.41
2026-06-01,Germany,DACH,Services,External Services,Actual,-184603.53
2026-06-01,Germany,DACH,Services,Travel Expenses,Actual,-27622.46
2026-06-01,Germany,DACH,Services,IT Expenses,Actual,-23539.58
2026-06-01,Germany,DACH,Services,Other Operating Expenses,Actual,-42835.95
2026-06-01,Germany,DACH,Services,Depreciation,Actual,-46575.31
2026-06-01,Germany,DACH,Services,Other Operating Income,Actual,9066.03
2026-06-01,Germany,DACH,Services,Revenue,Budget,2247652.79
2026-06-01,Germany,DACH,Services,Material Costs,Budget,-404577.5
2026-06-01,Germany,DACH,Services,Production Costs,Budget,-179812.22
2026-06-01,Germany,DACH,Services,Personnel Costs,Budget,-528198.41
2026-06-01,Germany,DACH,Services,External Services,Budget,-168573.96
2026-06-01,Germany,DACH,Services,Travel Expenses,Budget,-26922.41
2026-06-01,Germany,DACH,Services,IT Expenses,Budget,-22000.73
2026-06-01,Germany,DACH,Services,Other Operating Expenses,Budget,-37931.1
2026-06-01,Germany,DACH,Services,Depreciation,Budget,-44953.06
2026-06-01,Germany,DACH,Services,Other Operating Income,Budget,9062.7
2026-06-01,Germany,DACH,Services,Revenue,Forecast,2307794.88
2026-06-01,Germany,DACH,Services,Material Costs,Forecast,-418438.37
2026-06-01,Germany,DACH,Services,Production Costs,Forecast,-185972.61
2026-06-01,Germany,DACH,Services,Personnel Costs,Forecast,-546294.54
2026-06-01,Germany,DACH,Services,External Services,Forecast,-174349.32
2026-06-01,Germany,DACH,Services,Travel Expenses,Forecast,-27911.27
2026-06-01,Germany,DACH,Services,IT Expenses,Forecast,-22178.11
2026-06-01,Germany,DACH,Services,Other Operating Expenses,Forecast,-41175.95
2026-06-01,Germany,DACH,Services,Depreciation,Forecast,-46155.9
2026-06-01,Germany,DACH,Services,Other Operating Income,Forecast,8412.06
2026-06-01,Germany,DACH,Equipment,Revenue,Actual,2727396.85
2026-06-01,Germany,DACH,Equipment,Material Costs,Actual,-1200513.09
2026-06-01,Germany,DACH,Equipment,Production Costs,Actual,-418783.63
2026-06-01,Germany,DACH,Equipment,Personnel Costs,Actual,-335026.91
2026-06-01,Germany,DACH,Equipment,External Services,Actual,-111675.64
2026-06-01,Germany,DACH,Equipment,Travel Expenses,Actual,-31844.51
2026-06-01,Germany,DACH,Equipment,IT Expenses,Actual,-26656.06
2026-06-01,Germany,DACH,Equipment,Other Operating Expenses,Actual,-49523.16
2026-06-01,Germany,DACH,Equipment,Depreciation,Actual,-122732.86
2026-06-01,Germany,DACH,Equipment,Other Operating Income,Actual,10541.14
2026-06-01,Germany,DACH,Equipment,Revenue,Budget,2881766.94
2026-06-01,Germany,DACH,Equipment,Material Costs,Budget,-1239159.78
2026-06-01,Germany,DACH,Equipment,Production Costs,Budget,-432265.04
2026-06-01,Germany,DACH,Equipment,Personnel Costs,Budget,-345812.03
2026-06-01,Germany,DACH,Equipment,External Services,Budget,-115270.68
2026-06-01,Germany,DACH,Equipment,Travel Expenses,Budget,-34687.52
2026-06-01,Germany,DACH,Equipment,IT Expenses,Budget,-28539.39
2026-06-01,Germany,DACH,Equipment,Other Operating Expenses,Budget,-49562.01
2026-06-01,Germany,DACH,Equipment,Depreciation,Budget,-129679.51
2026-06-01,Germany,DACH,Equipment,Other Operating Income,Budget,10498.64
2026-06-01,Germany,DACH,Equipment,Revenue,Forecast,2824952.93
2026-06-01,Germany,DACH,Equipment,Material Costs,Forecast,-1218034.08
2026-06-01,Germany,DACH,Equipment,Production Costs,Forecast,-424895.61
2026-06-01,Germany,DACH,Equipment,Personnel Costs,Forecast,-339916.49
2026-06-01,Germany,DACH,Equipment,External Services,Forecast,-113305.5
2026-06-01,Germany,DACH,Equipment,Travel Expenses,Forecast,-33328.34
2026-06-01,Germany,DACH,Equipment,IT Expenses,Forecast,-27937.04
2026-06-01,Germany,DACH,Equipment,Other Operating Expenses,Forecast,-51733.75
2026-06-01,Germany,DACH,Equipment,Depreciation,Forecast,-127122.88
2026-06-01,Germany,DACH,Equipment,Other Operating Income,Forecast,11830.2
2026-06-01,France,Western Europe,Industrial Solutions,Revenue,Actual,2883280.44
2026-06-01,France,Western Europe,Industrial Solutions,Material Costs,Actual,-1030623.82
2026-06-01,France,Western Europe,Industrial Solutions,Production Costs,Actual,-334256.38
2026-06-01,France,Western Europe,Industrial Solutions,Personnel Costs,Actual,-403893.12
2026-06-01,France,Western Europe,Industrial Solutions,External Services,Actual,-139273.49
2026-06-01,France,Western Europe,Industrial Solutions,Travel Expenses,Actual,-34830.99
2026-06-01,France,Western Europe,Industrial Solutions,IT Expenses,Actual,-29151.05
2026-06-01,France,Western Europe,Industrial Solutions,Other Operating Expenses,Actual,-52781.63
2026-06-01,France,Western Europe,Industrial Solutions,Depreciation,Actual,-100914.82
2026-06-01,France,Western Europe,Industrial Solutions,Other Operating Income,Actual,10639.65
2026-06-01,France,Western Europe,Industrial Solutions,Revenue,Budget,2908522.94
2026-06-01,France,Western Europe,Industrial Solutions,Material Costs,Budget,-1076153.49
2026-06-01,France,Western Europe,Industrial Solutions,Production Costs,Budget,-349022.75
2026-06-01,France,Western Europe,Industrial Solutions,Personnel Costs,Budget,-421735.83
2026-06-01,France,Western Europe,Industrial Solutions,External Services,Budget,-145426.15
2026-06-01,France,Western Europe,Industrial Solutions,Travel Expenses,Budget,-34105.08
2026-06-01,France,Western Europe,Industrial Solutions,IT Expenses,Budget,-28574.34
2026-06-01,France,Western Europe,Industrial Solutions,Other Operating Expenses,Budget,-52484.15
2026-06-01,France,Western Europe,Industrial Solutions,Depreciation,Budget,-101798.3
2026-06-01,France,Western Europe,Industrial Solutions,Other Operating Income,Budget,11857.81
2026-06-01,France,Western Europe,Industrial Solutions,Revenue,Forecast,2906221.43
2026-06-01,France,Western Europe,Industrial Solutions,Material Costs,Forecast,-1094614.92
2026-06-01,France,Western Europe,Industrial Solutions,Production Costs,Forecast,-355010.24
2026-06-01,France,Western Europe,Industrial Solutions,Personnel Costs,Forecast,-428970.71
2026-06-01,France,Western Europe,Industrial Solutions,External Services,Forecast,-147920.93
2026-06-01,France,Western Europe,Industrial Solutions,Travel Expenses,Forecast,-34356.8
2026-06-01,France,Western Europe,Industrial Solutions,IT Expenses,Forecast,-28773.0
2026-06-01,France,Western Europe,Industrial Solutions,Other Operating Expenses,Forecast,-53815.53
2026-06-01,France,Western Europe,Industrial Solutions,Depreciation,Forecast,-101717.75
2026-06-01,France,Western Europe,Industrial Solutions,Other Operating Income,Forecast,11762.79
2026-06-01,France,Western Europe,Services,Revenue,Actual,1842221.9
2026-06-01,France,Western Europe,Services,Material Costs,Actual,-320548.31
2026-06-01,France,Western Europe,Services,Production Costs,Actual,-142465.92
2026-06-01,France,Western Europe,Services,Personnel Costs,Actual,-418493.63
2026-06-01,France,Western Europe,Services,External Services,Actual,-133561.8
2026-06-01,France,Western Europe,Services,Travel Expenses,Actual,-21077.7
2026-06-01,France,Western Europe,Services,IT Expenses,Actual,-18666.15
2026-06-01,France,Western Europe,Services,Other Operating Expenses,Actual,-34145.34
2026-06-01,France,Western Europe,Services,Depreciation,Actual,-36844.44
2026-06-01,France,Western Europe,Services,Other Operating Income,Actual,7914.0
2026-06-01,France,Western Europe,Services,Revenue,Budget,1851534.8
2026-06-01,France,Western Europe,Services,Material Costs,Budget,-333276.26
2026-06-01,France,Western Europe,Services,Production Costs,Budget,-148122.78
2026-06-01,France,Western Europe,Services,Personnel Costs,Budget,-435110.68
2026-06-01,France,Western Europe,Services,External Services,Budget,-138865.11
2026-06-01,France,Western Europe,Services,Travel Expenses,Budget,-22780.39
2026-06-01,France,Western Europe,Services,IT Expenses,Budget,-18945.96
2026-06-01,France,Western Europe,Services,Other Operating Expenses,Budget,-32844.36
2026-06-01,France,Western Europe,Services,Depreciation,Budget,-37030.7
2026-06-01,France,Western Europe,Services,Other Operating Income,Budget,7063.56
2026-06-01,France,Western Europe,Services,Revenue,Forecast,1829320.59
2026-06-01,France,Western Europe,Services,Material Costs,Forecast,-332636.65
2026-06-01,France,Western Europe,Services,Production Costs,Forecast,-147838.51
2026-06-01,France,Western Europe,Services,Personnel Costs,Forecast,-434275.63
2026-06-01,France,Western Europe,Services,External Services,Forecast,-138598.6
2026-06-01,France,Western Europe,Services,Travel Expenses,Forecast,-22226.91
2026-06-01,France,Western Europe,Services,IT Expenses,Forecast,-18332.52
2026-06-01,France,Western Europe,Services,Other Operating Expenses,Forecast,-33246.65
2026-06-01,France,Western Europe,Services,Depreciation,Forecast,-36586.41
2026-06-01,France,Western Europe,Services,Other Operating Income,Forecast,7411.88
2026-06-01,France,Western Europe,Equipment,Revenue,Actual,2257877.08
2026-06-01,France,Western Europe,Equipment,Material Costs,Actual,-991416.62
2026-06-01,France,Western Europe,Equipment,Production Costs,Actual,-345843.01
2026-06-01,France,Western Europe,Equipment,Personnel Costs,Actual,-276674.41
2026-06-01,France,Western Europe,Equipment,External Services,Actual,-92224.8
2026-06-01,France,Western Europe,Equipment,Travel Expenses,Actual,-27512.37
2026-06-01,France,Western Europe,Equipment,IT Expenses,Actual,-22370.52
2026-06-01,France,Western Europe,Equipment,Other Operating Expenses,Actual,-41410.49
2026-06-01,France,Western Europe,Equipment,Depreciation,Actual,-101604.47
2026-06-01,France,Western Europe,Equipment,Other Operating Income,Actual,8527.73
2026-06-01,France,Western Europe,Equipment,Revenue,Budget,2345725.54
2026-06-01,France,Western Europe,Equipment,Material Costs,Budget,-1008661.98
2026-06-01,France,Western Europe,Equipment,Production Costs,Budget,-351858.83
2026-06-01,France,Western Europe,Equipment,Personnel Costs,Budget,-281487.07
2026-06-01,France,Western Europe,Equipment,External Services,Budget,-93829.02
2026-06-01,France,Western Europe,Equipment,Travel Expenses,Budget,-29038.68
2026-06-01,France,Western Europe,Equipment,IT Expenses,Budget,-22896.85
2026-06-01,France,Western Europe,Equipment,Other Operating Expenses,Budget,-42524.75
2026-06-01,France,Western Europe,Equipment,Depreciation,Budget,-105557.65
2026-06-01,France,Western Europe,Equipment,Other Operating Income,Budget,9065.7
2026-06-01,France,Western Europe,Equipment,Revenue,Forecast,2307411.26
2026-06-01,France,Western Europe,Equipment,Material Costs,Forecast,-998775.62
2026-06-01,France,Western Europe,Equipment,Production Costs,Forecast,-348410.1
2026-06-01,France,Western Europe,Equipment,Personnel Costs,Forecast,-278728.08
2026-06-01,France,Western Europe,Equipment,External Services,Forecast,-92909.36
2026-06-01,France,Western Europe,Equipment,Travel Expenses,Forecast,-27660.75
2026-06-01,France,Western Europe,Equipment,IT Expenses,Forecast,-22338.16
2026-06-01,France,Western Europe,Equipment,Other Operating Expenses,Forecast,-41970.23
2026-06-01,France,Western Europe,Equipment,Depreciation,Forecast,-103833.51
2026-06-01,France,Western Europe,Equipment,Other Operating Income,Forecast,9016.28
2026-06-01,Italy,Southern Europe,Industrial Solutions,Revenue,Actual,2122328.71
2026-06-01,Italy,Southern Europe,Industrial Solutions,Material Costs,Actual,-766463.07
2026-06-01,Italy,Southern Europe,Industrial Solutions,Production Costs,Actual,-248582.62
2026-06-01,Italy,Southern Europe,Industrial Solutions,Personnel Costs,Actual,-300370.66
2026-06-01,Italy,Southern Europe,Industrial Solutions,External Services,Actual,-103576.09
2026-06-01,Italy,Southern Europe,Industrial Solutions,Travel Expenses,Actual,-25017.67
2026-06-01,Italy,Southern Europe,Industrial Solutions,IT Expenses,Actual,-21028.61
2026-06-01,Italy,Southern Europe,Industrial Solutions,Other Operating Expenses,Actual,-39020.11
2026-06-01,Italy,Southern Europe,Industrial Solutions,Depreciation,Actual,-74281.5
2026-06-01,Italy,Southern Europe,Industrial Solutions,Other Operating Income,Actual,9058.91
2026-06-01,Italy,Southern Europe,Industrial Solutions,Revenue,Budget,2144670.19
2026-06-01,Italy,Southern Europe,Industrial Solutions,Material Costs,Budget,-793527.97
2026-06-01,Italy,Southern Europe,Industrial Solutions,Production Costs,Budget,-257360.42
2026-06-01,Italy,Southern Europe,Industrial Solutions,Personnel Costs,Budget,-310977.18
2026-06-01,Italy,Southern Europe,Industrial Solutions,External Services,Budget,-107233.51
2026-06-01,Italy,Southern Europe,Industrial Solutions,Travel Expenses,Budget,-25114.38
2026-06-01,Italy,Southern Europe,Industrial Solutions,IT Expenses,Budget,-21908.6
2026-06-01,Italy,Southern Europe,Industrial Solutions,Other Operating Expenses,Budget,-36510.1
2026-06-01,Italy,Southern Europe,Industrial Solutions,Depreciation,Budget,-75063.46
2026-06-01,Italy,Southern Europe,Industrial Solutions,Other Operating Income,Budget,8168.9
2026-06-01,Italy,Southern Europe,Industrial Solutions,Revenue,Forecast,2139127.89
2026-06-01,Italy,Southern Europe,Industrial Solutions,Material Costs,Forecast,-782371.1
2026-06-01,Italy,Southern Europe,Industrial Solutions,Production Costs,Forecast,-253741.98
2026-06-01,Italy,Southern Europe,Industrial Solutions,Personnel Costs,Forecast,-306604.89
2026-06-01,Italy,Southern Europe,Industrial Solutions,External Services,Forecast,-105725.82
2026-06-01,Italy,Southern Europe,Industrial Solutions,Travel Expenses,Forecast,-24627.99
2026-06-01,Italy,Southern Europe,Industrial Solutions,IT Expenses,Forecast,-20713.78
2026-06-01,Italy,Southern Europe,Industrial Solutions,Other Operating Expenses,Forecast,-38901.86
2026-06-01,Italy,Southern Europe,Industrial Solutions,Depreciation,Forecast,-74869.48
2026-06-01,Italy,Southern Europe,Industrial Solutions,Other Operating Income,Forecast,8483.24
2026-06-01,Italy,Southern Europe,Services,Revenue,Actual,1358448.26
2026-06-01,Italy,Southern Europe,Services,Material Costs,Actual,-248541.6
2026-06-01,Italy,Southern Europe,Services,Production Costs,Actual,-110462.94
2026-06-01,Italy,Southern Europe,Services,Personnel Costs,Actual,-324484.87
2026-06-01,Italy,Southern Europe,Services,External Services,Actual,-103559.0
2026-06-01,Italy,Southern Europe,Services,Travel Expenses,Actual,-16267.37
2026-06-01,Italy,Southern Europe,Services,IT Expenses,Actual,-13261.99
2026-06-01,Italy,Southern Europe,Services,Other Operating Expenses,Actual,-25098.71
2026-06-01,Italy,Southern Europe,Services,Depreciation,Actual,-27168.97
2026-06-01,Italy,Southern Europe,Services,Other Operating Income,Actual,5305.75
2026-06-01,Italy,Southern Europe,Services,Revenue,Budget,1332432.79
2026-06-01,Italy,Southern Europe,Services,Material Costs,Budget,-239837.9
2026-06-01,Italy,Southern Europe,Services,Production Costs,Budget,-106594.62
2026-06-01,Italy,Southern Europe,Services,Personnel Costs,Budget,-313121.71
2026-06-01,Italy,Southern Europe,Services,External Services,Budget,-99932.46
2026-06-01,Italy,Southern Europe,Services,Travel Expenses,Budget,-15540.41
2026-06-01,Italy,Southern Europe,Services,IT Expenses,Budget,-13276.92
2026-06-01,Italy,Southern Europe,Services,Other Operating Expenses,Budget,-23436.47
2026-06-01,Italy,Southern Europe,Services,Depreciation,Budget,-26648.66
2026-06-01,Italy,Southern Europe,Services,Other Operating Income,Budget,5240.74
2026-06-01,Italy,Southern Europe,Services,Revenue,Forecast,1349603.04
2026-06-01,Italy,Southern Europe,Services,Material Costs,Forecast,-243931.51
2026-06-01,Italy,Southern Europe,Services,Production Costs,Forecast,-108414.01
2026-06-01,Italy,Southern Europe,Services,Personnel Costs,Forecast,-318466.14
2026-06-01,Italy,Southern Europe,Services,External Services,Forecast,-101638.13
2026-06-01,Italy,Southern Europe,Services,Travel Expenses,Forecast,-16364.48
2026-06-01,Italy,Southern Europe,Services,IT Expenses,Forecast,-13253.69
2026-06-01,Italy,Southern Europe,Services,Other Operating Expenses,Forecast,-23996.66
2026-06-01,Italy,Southern Europe,Services,Depreciation,Forecast,-26992.06
2026-06-01,Italy,Southern Europe,Services,Other Operating Income,Forecast,5630.4
2026-06-01,Italy,Southern Europe,Equipment,Revenue,Actual,1802119.95
2026-06-01,Italy,Southern Europe,Equipment,Material Costs,Actual,-797079.73
2026-06-01,Italy,Southern Europe,Equipment,Production Costs,Actual,-278051.07
2026-06-01,Italy,Southern Europe,Equipment,Personnel Costs,Actual,-222440.85
2026-06-01,Italy,Southern Europe,Equipment,External Services,Actual,-74146.95
2026-06-01,Italy,Southern Europe,Equipment,Travel Expenses,Actual,-20725.04
2026-06-01,Italy,Southern Europe,Equipment,IT Expenses,Actual,-18296.51
2026-06-01,Italy,Southern Europe,Equipment,Other Operating Expenses,Actual,-32395.09
2026-06-01,Italy,Southern Europe,Equipment,Depreciation,Actual,-81095.4
2026-06-01,Italy,Southern Europe,Equipment,Other Operating Income,Actual,7049.61
2026-06-01,Italy,Southern Europe,Equipment,Revenue,Budget,1690106.96
2026-06-01,Italy,Southern Europe,Equipment,Material Costs,Budget,-726745.99
2026-06-01,Italy,Southern Europe,Equipment,Production Costs,Budget,-253516.04
2026-06-01,Italy,Southern Europe,Equipment,Personnel Costs,Budget,-202812.83
2026-06-01,Italy,Southern Europe,Equipment,External Services,Budget,-67604.28
2026-06-01,Italy,Southern Europe,Equipment,Travel Expenses,Budget,-20383.51
2026-06-01,Italy,Southern Europe,Equipment,IT Expenses,Budget,-17220.57
2026-06-01,Italy,Southern Europe,Equipment,Other Operating Expenses,Budget,-30802.83
2026-06-01,Italy,Southern Europe,Equipment,Depreciation,Budget,-76054.81
2026-06-01,Italy,Southern Europe,Equipment,Other Operating Income,Budget,6522.87
2026-06-01,Italy,Southern Europe,Equipment,Revenue,Forecast,1768252.08
2026-06-01,Italy,Southern Europe,Equipment,Material Costs,Forecast,-767122.72
2026-06-01,Italy,Southern Europe,Equipment,Production Costs,Forecast,-267600.95
2026-06-01,Italy,Southern Europe,Equipment,Personnel Costs,Forecast,-214080.76
2026-06-01,Italy,Southern Europe,Equipment,External Services,Forecast,-71360.25
2026-06-01,Italy,Southern Europe,Equipment,Travel Expenses,Forecast,-20813.16
2026-06-01,Italy,Southern Europe,Equipment,IT Expenses,Forecast,-17759.15
2026-06-01,Italy,Southern Europe,Equipment,Other Operating Expenses,Forecast,-31587.16
2026-06-01,Italy,Southern Europe,Equipment,Depreciation,Forecast,-79571.34
2026-06-01,Italy,Southern Europe,Equipment,Other Operating Income,Forecast,7011.09
2026-06-01,Switzerland,DACH,Industrial Solutions,Revenue,Actual,1917156.25
2026-06-01,Switzerland,DACH,Industrial Solutions,Material Costs,Actual,-677053.23
2026-06-01,Switzerland,DACH,Industrial Solutions,Production Costs,Actual,-219584.83
2026-06-01,Switzerland,DACH,Industrial Solutions,Personnel Costs,Actual,-265331.67
2026-06-01,Switzerland,DACH,Industrial Solutions,External Services,Actual,-91493.68
2026-06-01,Switzerland,DACH,Industrial Solutions,Travel Expenses,Actual,-22593.38
2026-06-01,Switzerland,DACH,Industrial Solutions,IT Expenses,Actual,-19313.51
2026-06-01,Switzerland,DACH,Industrial Solutions,Other Operating Expenses,Actual,-35012.91
2026-06-01,Switzerland,DACH,Industrial Solutions,Depreciation,Actual,-67100.47
2026-06-01,Switzerland,DACH,Industrial Solutions,Other Operating Income,Actual,7637.8
2026-06-01,Switzerland,DACH,Industrial Solutions,Revenue,Budget,2007884.97
2026-06-01,Switzerland,DACH,Industrial Solutions,Material Costs,Budget,-742917.44
2026-06-01,Switzerland,DACH,Industrial Solutions,Production Costs,Budget,-240946.2
2026-06-01,Switzerland,DACH,Industrial Solutions,Personnel Costs,Budget,-291143.32
2026-06-01,Switzerland,DACH,Industrial Solutions,External Services,Budget,-100394.25
2026-06-01,Switzerland,DACH,Industrial Solutions,Travel Expenses,Budget,-24053.14
2026-06-01,Switzerland,DACH,Industrial Solutions,IT Expenses,Budget,-20243.72
2026-06-01,Switzerland,DACH,Industrial Solutions,Other Operating Expenses,Budget,-35933.15
2026-06-01,Switzerland,DACH,Industrial Solutions,Depreciation,Budget,-70275.97
2026-06-01,Switzerland,DACH,Industrial Solutions,Other Operating Income,Budget,8479.12
2026-06-01,Switzerland,DACH,Industrial Solutions,Revenue,Forecast,1988453.47
2026-06-01,Switzerland,DACH,Industrial Solutions,Material Costs,Forecast,-743138.17
2026-06-01,Switzerland,DACH,Industrial Solutions,Production Costs,Forecast,-241017.79
2026-06-01,Switzerland,DACH,Industrial Solutions,Personnel Costs,Forecast,-291229.82
2026-06-01,Switzerland,DACH,Industrial Solutions,External Services,Forecast,-100424.08
2026-06-01,Switzerland,DACH,Industrial Solutions,Travel Expenses,Forecast,-24486.25
2026-06-01,Switzerland,DACH,Industrial Solutions,IT Expenses,Forecast,-19500.3
2026-06-01,Switzerland,DACH,Industrial Solutions,Other Operating Expenses,Forecast,-35721.13
2026-06-01,Switzerland,DACH,Industrial Solutions,Depreciation,Forecast,-69595.87
2026-06-01,Switzerland,DACH,Industrial Solutions,Other Operating Income,Forecast,7858.22
2026-06-01,Switzerland,DACH,Services,Revenue,Actual,1259169.45
2026-06-01,Switzerland,DACH,Services,Material Costs,Actual,-230364.19
2026-06-01,Switzerland,DACH,Services,Production Costs,Actual,-102384.09
2026-06-01,Switzerland,DACH,Services,Personnel Costs,Actual,-300753.25
2026-06-01,Switzerland,DACH,Services,External Services,Actual,-95985.08
2026-06-01,Switzerland,DACH,Services,Travel Expenses,Actual,-14624.91
2026-06-01,Switzerland,DACH,Services,IT Expenses,Actual,-13024.61
2026-06-01,Switzerland,DACH,Services,Other Operating Expenses,Actual,-22157.16
2026-06-01,Switzerland,DACH,Services,Depreciation,Actual,-25183.39
2026-06-01,Switzerland,DACH,Services,Other Operating Income,Actual,5080.86
2026-06-01,Switzerland,DACH,Services,Revenue,Budget,1228488.77
2026-06-01,Switzerland,DACH,Services,Material Costs,Budget,-221127.98
2026-06-01,Switzerland,DACH,Services,Production Costs,Budget,-98279.1
2026-06-01,Switzerland,DACH,Services,Personnel Costs,Budget,-288694.86
2026-06-01,Switzerland,DACH,Services,External Services,Budget,-92136.66
2026-06-01,Switzerland,DACH,Services,Travel Expenses,Budget,-15092.07
2026-06-01,Switzerland,DACH,Services,IT Expenses,Budget,-12144.68
2026-06-01,Switzerland,DACH,Services,Other Operating Expenses,Budget,-22584.06
2026-06-01,Switzerland,DACH,Services,Depreciation,Budget,-24569.78
2026-06-01,Switzerland,DACH,Services,Other Operating Income,Budget,4672.35
2026-06-01,Switzerland,DACH,Services,Revenue,Forecast,1240006.63
2026-06-01,Switzerland,DACH,Services,Material Costs,Forecast,-227090.57
2026-06-01,Switzerland,DACH,Services,Production Costs,Forecast,-100929.14
2026-06-01,Switzerland,DACH,Services,Personnel Costs,Forecast,-296479.35
2026-06-01,Switzerland,DACH,Services,External Services,Forecast,-94621.07
2026-06-01,Switzerland,DACH,Services,Travel Expenses,Forecast,-14886.4
2026-06-01,Switzerland,DACH,Services,IT Expenses,Forecast,-12252.16
2026-06-01,Switzerland,DACH,Services,Other Operating Expenses,Forecast,-22153.18
2026-06-01,Switzerland,DACH,Services,Depreciation,Forecast,-24800.13
2026-06-01,Switzerland,DACH,Services,Other Operating Income,Forecast,5120.52
2026-06-01,Switzerland,DACH,Equipment,Revenue,Actual,1533781.98
2026-06-01,Switzerland,DACH,Equipment,Material Costs,Actual,-640120.32
2026-06-01,Switzerland,DACH,Equipment,Production Costs,Actual,-223297.78
2026-06-01,Switzerland,DACH,Equipment,Personnel Costs,Actual,-178638.23
2026-06-01,Switzerland,DACH,Equipment,External Services,Actual,-59546.08
2026-06-01,Switzerland,DACH,Equipment,Travel Expenses,Actual,-19410.62
2026-06-01,Switzerland,DACH,Equipment,IT Expenses,Actual,-15164.07
2026-06-01,Switzerland,DACH,Equipment,Other Operating Expenses,Actual,-28182.06
2026-06-01,Switzerland,DACH,Equipment,Depreciation,Actual,-69020.19
2026-06-01,Switzerland,DACH,Equipment,Other Operating Income,Actual,6186.53
2026-06-01,Switzerland,DACH,Equipment,Revenue,Budget,1564045.9
2026-06-01,Switzerland,DACH,Equipment,Material Costs,Budget,-672539.74
2026-06-01,Switzerland,DACH,Equipment,Production Costs,Budget,-234606.89
2026-06-01,Switzerland,DACH,Equipment,Personnel Costs,Budget,-187685.51
2026-06-01,Switzerland,DACH,Equipment,External Services,Budget,-62561.84
2026-06-01,Switzerland,DACH,Equipment,Travel Expenses,Budget,-18214.2
2026-06-01,Switzerland,DACH,Equipment,IT Expenses,Budget,-15638.6
2026-06-01,Switzerland,DACH,Equipment,Other Operating Expenses,Budget,-28704.62
2026-06-01,Switzerland,DACH,Equipment,Depreciation,Budget,-70382.07
2026-06-01,Switzerland,DACH,Equipment,Other Operating Income,Budget,6209.07
2026-06-01,Switzerland,DACH,Equipment,Revenue,Forecast,1544658.3
2026-06-01,Switzerland,DACH,Equipment,Material Costs,Forecast,-673712.7
2026-06-01,Switzerland,DACH,Equipment,Production Costs,Forecast,-235016.06
2026-06-01,Switzerland,DACH,Equipment,Personnel Costs,Forecast,-188012.85
2026-06-01,Switzerland,DACH,Equipment,External Services,Forecast,-62670.95
2026-06-01,Switzerland,DACH,Equipment,Travel Expenses,Forecast,-19103.94
2026-06-01,Switzerland,DACH,Equipment,IT Expenses,Forecast,-15730.46
2026-06-01,Switzerland,DACH,Equipment,Other Operating Expenses,Forecast,-27484.34
2026-06-01,Switzerland,DACH,Equipment,Depreciation,Forecast,-69509.62
2026-06-01,Switzerland,DACH,Equipment,Other Operating Income,Forecast,5911.76
2026-07-01,Austria,DACH,Industrial Solutions,Revenue,Actual,2220742.25
2026-07-01,Austria,DACH,Industrial Solutions,Material Costs,Actual,-804263.83
2026-07-01,Austria,DACH,Industrial Solutions,Production Costs,Actual,-260842.32
2026-07-01,Austria,DACH,Industrial Solutions,Personnel Costs,Actual,-315184.47
2026-07-01,Austria,DACH,Industrial Solutions,External Services,Actual,-108684.3
2026-07-01,Austria,DACH,Industrial Solutions,Travel Expenses,Actual,-26642.42
2026-07-01,Austria,DACH,Industrial Solutions,IT Expenses,Actual,-22277.64
2026-07-01,Austria,DACH,Industrial Solutions,Other Operating Expenses,Actual,-39696.0
2026-07-01,Austria,DACH,Industrial Solutions,Depreciation,Actual,-77725.98
2026-07-01,Austria,DACH,Industrial Solutions,Other Operating Income,Actual,9341.78
2026-07-01,Austria,DACH,Industrial Solutions,Revenue,Budget,2189353.38
2026-07-01,Austria,DACH,Industrial Solutions,Material Costs,Budget,-810060.75
2026-07-01,Austria,DACH,Industrial Solutions,Production Costs,Budget,-262722.41
2026-07-01,Austria,DACH,Industrial Solutions,Personnel Costs,Budget,-317456.24
2026-07-01,Austria,DACH,Industrial Solutions,External Services,Budget,-109467.67
2026-07-01,Austria,DACH,Industrial Solutions,Travel Expenses,Budget,-26604.67
2026-07-01,Austria,DACH,Industrial Solutions,IT Expenses,Budget,-22467.23
2026-07-01,Austria,DACH,Industrial Solutions,Other Operating Expenses,Budget,-39195.59
2026-07-01,Austria,DACH,Industrial Solutions,Depreciation,Budget,-76627.37
2026-07-01,Austria,DACH,Industrial Solutions,Other Operating Income,Budget,9085.81
2026-07-01,Austria,DACH,Industrial Solutions,Revenue,Forecast,2216252.0
2026-07-01,Austria,DACH,Industrial Solutions,Material Costs,Forecast,-836102.55
2026-07-01,Austria,DACH,Industrial Solutions,Production Costs,Forecast,-271168.4
2026-07-01,Austria,DACH,Industrial Solutions,Personnel Costs,Forecast,-327661.81
2026-07-01,Austria,DACH,Industrial Solutions,External Services,Forecast,-112986.83
2026-07-01,Austria,DACH,Industrial Solutions,Travel Expenses,Forecast,-27641.56
2026-07-01,Austria,DACH,Industrial Solutions,IT Expenses,Forecast,-21678.43
2026-07-01,Austria,DACH,Industrial Solutions,Other Operating Expenses,Forecast,-39639.54
2026-07-01,Austria,DACH,Industrial Solutions,Depreciation,Forecast,-77568.82
2026-07-01,Austria,DACH,Industrial Solutions,Other Operating Income,Forecast,8742.61
2026-07-01,Austria,DACH,Services,Revenue,Actual,1411610.54
2026-07-01,Austria,DACH,Services,Material Costs,Actual,-254520.82
2026-07-01,Austria,DACH,Services,Production Costs,Actual,-113120.37
2026-07-01,Austria,DACH,Services,Personnel Costs,Actual,-332291.08
2026-07-01,Austria,DACH,Services,External Services,Actual,-106050.34
2026-07-01,Austria,DACH,Services,Travel Expenses,Actual,-15912.84
2026-07-01,Austria,DACH,Services,IT Expenses,Actual,-14523.2
2026-07-01,Austria,DACH,Services,Other Operating Expenses,Actual,-25083.52
2026-07-01,Austria,DACH,Services,Depreciation,Actual,-28232.21
2026-07-01,Austria,DACH,Services,Other Operating Income,Actual,5659.06
2026-07-01,Austria,DACH,Services,Revenue,Budget,1386589.02
2026-07-01,Austria,DACH,Services,Material Costs,Budget,-249586.02
2026-07-01,Austria,DACH,Services,Production Costs,Budget,-110927.12
2026-07-01,Austria,DACH,Services,Personnel Costs,Budget,-325848.42
2026-07-01,Austria,DACH,Services,External Services,Budget,-103994.18
2026-07-01,Austria,DACH,Services,Travel Expenses,Budget,-16484.5
2026-07-01,Austria,DACH,Services,IT Expenses,Budget,-14183.7
2026-07-01,Austria,DACH,Services,Other Operating Expenses,Budget,-23188.1
2026-07-01,Austria,DACH,Services,Depreciation,Budget,-27731.78
2026-07-01,Austria,DACH,Services,Other Operating Income,Budget,5542.67
2026-07-01,Austria,DACH,Services,Revenue,Forecast,1390952.91
2026-07-01,Austria,DACH,Services,Material Costs,Forecast,-250053.6
2026-07-01,Austria,DACH,Services,Production Costs,Forecast,-111134.93
2026-07-01,Austria,DACH,Services,Personnel Costs,Forecast,-326458.86
2026-07-01,Austria,DACH,Services,External Services,Forecast,-104189.0
2026-07-01,Austria,DACH,Services,Travel Expenses,Forecast,-16464.28
2026-07-01,Austria,DACH,Services,IT Expenses,Forecast,-14389.75
2026-07-01,Austria,DACH,Services,Other Operating Expenses,Forecast,-24481.75
2026-07-01,Austria,DACH,Services,Depreciation,Forecast,-27819.06
2026-07-01,Austria,DACH,Services,Other Operating Income,Forecast,5735.58
2026-07-01,Austria,DACH,Equipment,Revenue,Actual,1823190.3
2026-07-01,Austria,DACH,Equipment,Material Costs,Actual,-769606.16
2026-07-01,Austria,DACH,Equipment,Production Costs,Actual,-268467.26
2026-07-01,Austria,DACH,Equipment,Personnel Costs,Actual,-214773.81
2026-07-01,Austria,DACH,Equipment,External Services,Actual,-71591.27
2026-07-01,Austria,DACH,Equipment,Travel Expenses,Actual,-22597.69
2026-07-01,Austria,DACH,Equipment,IT Expenses,Actual,-18386.99
2026-07-01,Austria,DACH,Equipment,Other Operating Expenses,Actual,-31549.9
2026-07-01,Austria,DACH,Equipment,Depreciation,Actual,-82043.56
2026-07-01,Austria,DACH,Equipment,Other Operating Income,Actual,7135.44
2026-07-01,Austria,DACH,Equipment,Revenue,Budget,1753559.29
2026-07-01,Austria,DACH,Equipment,Material Costs,Budget,-754030.5
2026-07-01,Austria,DACH,Equipment,Production Costs,Budget,-263033.89
2026-07-01,Austria,DACH,Equipment,Personnel Costs,Budget,-210427.12
2026-07-01,Austria,DACH,Equipment,External Services,Budget,-70142.37
2026-07-01,Austria,DACH,Equipment,Travel Expenses,Budget,-21286.63
2026-07-01,Austria,DACH,Equipment,IT Expenses,Budget,-17829.41
2026-07-01,Austria,DACH,Equipment,Other Operating Expenses,Budget,-31028.09
2026-07-01,Austria,DACH,Equipment,Depreciation,Budget,-78910.17
2026-07-01,Austria,DACH,Equipment,Other Operating Income,Budget,6196.59
2026-07-01,Austria,DACH,Equipment,Revenue,Forecast,1782292.29
2026-07-01,Austria,DACH,Equipment,Material Costs,Forecast,-771197.57
2026-07-01,Austria,DACH,Equipment,Production Costs,Forecast,-269022.41
2026-07-01,Austria,DACH,Equipment,Personnel Costs,Forecast,-215217.93
2026-07-01,Austria,DACH,Equipment,External Services,Forecast,-71739.31
2026-07-01,Austria,DACH,Equipment,Travel Expenses,Forecast,-20604.52
2026-07-01,Austria,DACH,Equipment,IT Expenses,Forecast,-17103.83
2026-07-01,Austria,DACH,Equipment,Other Operating Expenses,Forecast,-29809.65
2026-07-01,Austria,DACH,Equipment,Depreciation,Forecast,-80203.15
2026-07-01,Austria,DACH,Equipment,Other Operating Income,Forecast,7361.29
2026-07-01,Germany,DACH,Industrial Solutions,Revenue,Actual,2954034.31
2026-07-01,Germany,DACH,Industrial Solutions,Material Costs,Actual,-1110407.48
2026-07-01,Germany,DACH,Industrial Solutions,Production Costs,Actual,-360132.15
2026-07-01,Germany,DACH,Industrial Solutions,Personnel Costs,Actual,-435159.69
2026-07-01,Germany,DACH,Industrial Solutions,External Services,Actual,-150055.06
2026-07-01,Germany,DACH,Industrial Solutions,Travel Expenses,Actual,-37167.27
2026-07-01,Germany,DACH,Industrial Solutions,IT Expenses,Actual,-28717.51
2026-07-01,Germany,DACH,Industrial Solutions,Other Operating Expenses,Actual,-53126.69
2026-07-01,Germany,DACH,Industrial Solutions,Depreciation,Actual,-103391.2
2026-07-01,Germany,DACH,Industrial Solutions,Other Operating Income,Actual,11052.0
2026-07-01,Germany,DACH,Industrial Solutions,Revenue,Budget,2982146.51
2026-07-01,Germany,DACH,Industrial Solutions,Material Costs,Budget,-1103394.21
2026-07-01,Germany,DACH,Industrial Solutions,Production Costs,Budget,-357857.58
2026-07-01,Germany,DACH,Industrial Solutions,Personnel Costs,Budget,-432411.24
2026-07-01,Germany,DACH,Industrial Solutions,External Services,Budget,-149107.33
2026-07-01,Germany,DACH,Industrial Solutions,Travel Expenses,Budget,-35539.5
2026-07-01,Germany,DACH,Industrial Solutions,IT Expenses,Budget,-29673.18
2026-07-01,Germany,DACH,Industrial Solutions,Other Operating Expenses,Budget,-54519.53
2026-07-01,Germany,DACH,Industrial Solutions,Depreciation,Budget,-104375.13
2026-07-01,Germany,DACH,Industrial Solutions,Other Operating Income,Budget,11950.33
2026-07-01,Germany,DACH,Industrial Solutions,Revenue,Forecast,2999651.18
2026-07-01,Germany,DACH,Industrial Solutions,Material Costs,Forecast,-1118173.75
2026-07-01,Germany,DACH,Industrial Solutions,Production Costs,Forecast,-362650.95
2026-07-01,Germany,DACH,Industrial Solutions,Personnel Costs,Forecast,-438203.23
2026-07-01,Germany,DACH,Industrial Solutions,External Services,Forecast,-151104.56
2026-07-01,Germany,DACH,Industrial Solutions,Travel Expenses,Forecast,-36755.44
2026-07-01,Germany,DACH,Industrial Solutions,IT Expenses,Forecast,-31289.32
2026-07-01,Germany,DACH,Industrial Solutions,Other Operating Expenses,Forecast,-53568.12
2026-07-01,Germany,DACH,Industrial Solutions,Depreciation,Forecast,-104987.79
2026-07-01,Germany,DACH,Industrial Solutions,Other Operating Income,Forecast,11546.97
2026-07-01,Germany,DACH,Services,Revenue,Actual,1890105.8
2026-07-01,Germany,DACH,Services,Material Costs,Actual,-358078.75
2026-07-01,Germany,DACH,Services,Production Costs,Actual,-159146.11
2026-07-01,Germany,DACH,Services,Personnel Costs,Actual,-467491.7
2026-07-01,Germany,DACH,Services,External Services,Actual,-149199.48
2026-07-01,Germany,DACH,Services,Travel Expenses,Actual,-22296.43
2026-07-01,Germany,DACH,Services,IT Expenses,Actual,-18722.89
2026-07-01,Germany,DACH,Services,Other Operating Expenses,Actual,-34632.95
2026-07-01,Germany,DACH,Services,Depreciation,Actual,-37802.12
2026-07-01,Germany,DACH,Services,Other Operating Income,Actual,7512.72
2026-07-01,Germany,DACH,Services,Revenue,Budget,1866464.78
2026-07-01,Germany,DACH,Services,Material Costs,Budget,-335963.66
2026-07-01,Germany,DACH,Services,Production Costs,Budget,-149317.18
2026-07-01,Germany,DACH,Services,Personnel Costs,Budget,-438619.22
2026-07-01,Germany,DACH,Services,External Services,Budget,-139984.86
2026-07-01,Germany,DACH,Services,Travel Expenses,Budget,-21966.42
2026-07-01,Germany,DACH,Services,IT Expenses,Budget,-19286.31
2026-07-01,Germany,DACH,Services,Other Operating Expenses,Budget,-32877.26
2026-07-01,Germany,DACH,Services,Depreciation,Budget,-37329.3
2026-07-01,Germany,DACH,Services,Other Operating Income,Budget,7476.48
2026-07-01,Germany,DACH,Services,Revenue,Forecast,1901749.71
2026-07-01,Germany,DACH,Services,Material Costs,Forecast,-344994.48
2026-07-01,Germany,DACH,Services,Production Costs,Forecast,-153330.88
2026-07-01,Germany,DACH,Services,Personnel Costs,Forecast,-450409.46
2026-07-01,Germany,DACH,Services,External Services,Forecast,-143747.7
2026-07-01,Germany,DACH,Services,Travel Expenses,Forecast,-21704.14
2026-07-01,Germany,DACH,Services,IT Expenses,Forecast,-19200.16
2026-07-01,Germany,DACH,Services,Other Operating Expenses,Forecast,-33328.55
2026-07-01,Germany,DACH,Services,Depreciation,Forecast,-38034.99
2026-07-01,Germany,DACH,Services,Other Operating Income,Forecast,7857.36
2026-07-01,Germany,DACH,Equipment,Revenue,Actual,2414383.32
2026-07-01,Germany,DACH,Equipment,Material Costs,Actual,-1060543.09
2026-07-01,Germany,DACH,Equipment,Production Costs,Actual,-369956.89
2026-07-01,Germany,DACH,Equipment,Personnel Costs,Actual,-295965.51
2026-07-01,Germany,DACH,Equipment,External Services,Actual,-98655.17
2026-07-01,Germany,DACH,Equipment,Travel Expenses,Actual,-29191.04
2026-07-01,Germany,DACH,Equipment,IT Expenses,Actual,-24032.14
2026-07-01,Germany,DACH,Equipment,Other Operating Expenses,Actual,-42832.64
2026-07-01,Germany,DACH,Equipment,Depreciation,Actual,-108647.25
2026-07-01,Germany,DACH,Equipment,Other Operating Income,Actual,10225.8
2026-07-01,Germany,DACH,Equipment,Revenue,Budget,2329997.57
2026-07-01,Germany,DACH,Equipment,Material Costs,Budget,-1001898.95
2026-07-01,Germany,DACH,Equipment,Production Costs,Budget,-349499.63
2026-07-01,Germany,DACH,Equipment,Personnel Costs,Budget,-279599.71
2026-07-01,Germany,DACH,Equipment,External Services,Budget,-93199.9
2026-07-01,Germany,DACH,Equipment,Travel Expenses,Budget,-27373.23
2026-07-01,Germany,DACH,Equipment,IT Expenses,Budget,-22816.7
2026-07-01,Germany,DACH,Equipment,Other Operating Expenses,Budget,-42637.59
2026-07-01,Germany,DACH,Equipment,Depreciation,Budget,-104849.89
2026-07-01,Germany,DACH,Equipment,Other Operating Income,Budget,9023.19
2026-07-01,Germany,DACH,Equipment,Revenue,Forecast,2397433.03
2026-07-01,Germany,DACH,Equipment,Material Costs,Forecast,-1019143.2
2026-07-01,Germany,DACH,Equipment,Production Costs,Forecast,-355515.07
2026-07-01,Germany,DACH,Equipment,Personnel Costs,Forecast,-284412.06
2026-07-01,Germany,DACH,Equipment,External Services,Forecast,-94804.02
2026-07-01,Germany,DACH,Equipment,Travel Expenses,Forecast,-27523.26
2026-07-01,Germany,DACH,Equipment,IT Expenses,Forecast,-23742.78
2026-07-01,Germany,DACH,Equipment,Other Operating Expenses,Forecast,-43064.56
2026-07-01,Germany,DACH,Equipment,Depreciation,Forecast,-107884.49
2026-07-01,Germany,DACH,Equipment,Other Operating Income,Forecast,9682.98
2026-07-01,France,Western Europe,Industrial Solutions,Revenue,Actual,2470894.33
2026-07-01,France,Western Europe,Industrial Solutions,Material Costs,Actual,-909700.98
2026-07-01,France,Western Europe,Industrial Solutions,Production Costs,Actual,-295038.16
2026-07-01,France,Western Europe,Industrial Solutions,Personnel Costs,Actual,-356504.44
2026-07-01,France,Western Europe,Industrial Solutions,External Services,Actual,-122932.57
2026-07-01,France,Western Europe,Industrial Solutions,Travel Expenses,Actual,-30104.53
2026-07-01,France,Western Europe,Industrial Solutions,IT Expenses,Actual,-25337.82
2026-07-01,France,Western Europe,Industrial Solutions,Other Operating Expenses,Actual,-44616.55
2026-07-01,France,Western Europe,Industrial Solutions,Depreciation,Actual,-86481.3
2026-07-01,France,Western Europe,Industrial Solutions,Other Operating Income,Actual,9698.11
2026-07-01,France,Western Europe,Industrial Solutions,Revenue,Budget,2453848.78
2026-07-01,France,Western Europe,Industrial Solutions,Material Costs,Budget,-907924.05
2026-07-01,France,Western Europe,Industrial Solutions,Production Costs,Budget,-294461.85
2026-07-01,France,Western Europe,Industrial Solutions,Personnel Costs,Budget,-355808.07
2026-07-01,France,Western Europe,Industrial Solutions,External Services,Budget,-122692.44
2026-07-01,France,Western Europe,Industrial Solutions,Travel Expenses,Budget,-28569.1
2026-07-01,France,Western Europe,Industrial Solutions,IT Expenses,Budget,-23829.22
2026-07-01,France,Western Europe,Industrial Solutions,Other Operating Expenses,Budget,-44904.99
2026-07-01,France,Western Europe,Industrial Solutions,Depreciation,Budget,-85884.71
2026-07-01,France,Western Europe,Industrial Solutions,Other Operating Income,Budget,10042.32
2026-07-01,France,Western Europe,Industrial Solutions,Revenue,Forecast,2459462.54
2026-07-01,France,Western Europe,Industrial Solutions,Material Costs,Forecast,-916305.96
2026-07-01,France,Western Europe,Industrial Solutions,Production Costs,Forecast,-297180.31
2026-07-01,France,Western Europe,Industrial Solutions,Personnel Costs,Forecast,-359092.88
2026-07-01,France,Western Europe,Industrial Solutions,External Services,Forecast,-123825.13
2026-07-01,France,Western Europe,Industrial Solutions,Travel Expenses,Forecast,-29399.63
2026-07-01,France,Western Europe,Industrial Solutions,IT Expenses,Forecast,-25286.69
2026-07-01,France,Western Europe,Industrial Solutions,Other Operating Expenses,Forecast,-43734.52
2026-07-01,France,Western Europe,Industrial Solutions,Depreciation,Forecast,-86081.19
2026-07-01,France,Western Europe,Industrial Solutions,Other Operating Income,Forecast,10213.76
2026-07-01,France,Western Europe,Services,Revenue,Actual,1484058.93
2026-07-01,France,Western Europe,Services,Material Costs,Actual,-269866.27
2026-07-01,France,Western Europe,Services,Production Costs,Actual,-119940.56
2026-07-01,France,Western Europe,Services,Personnel Costs,Actual,-352325.4
2026-07-01,France,Western Europe,Services,External Services,Actual,-112444.28
2026-07-01,France,Western Europe,Services,Travel Expenses,Actual,-17999.42
2026-07-01,France,Western Europe,Services,IT Expenses,Actual,-14864.71
2026-07-01,France,Western Europe,Services,Other Operating Expenses,Actual,-26687.75
2026-07-01,France,Western Europe,Services,Depreciation,Actual,-29681.18
2026-07-01,France,Western Europe,Services,Other Operating Income,Actual,6503.35
2026-07-01,France,Western Europe,Services,Revenue,Budget,1515640.41
2026-07-01,France,Western Europe,Services,Material Costs,Budget,-272815.27
2026-07-01,France,Western Europe,Services,Production Costs,Budget,-121251.23
2026-07-01,France,Western Europe,Services,Personnel Costs,Budget,-356175.5
2026-07-01,France,Western Europe,Services,External Services,Budget,-113673.03
2026-07-01,France,Western Europe,Services,Travel Expenses,Budget,-18833.85
2026-07-01,France,Western Europe,Services,IT Expenses,Budget,-15375.51
2026-07-01,France,Western Europe,Services,Other Operating Expenses,Budget,-27357.78
2026-07-01,France,Western Europe,Services,Depreciation,Budget,-30312.81
2026-07-01,France,Western Europe,Services,Other Operating Income,Budget,6306.8
2026-07-01,France,Western Europe,Services,Revenue,Forecast,1505372.76
2026-07-01,France,Western Europe,Services,Material Costs,Forecast,-272651.41
2026-07-01,France,Western Europe,Services,Production Costs,Forecast,-121178.41
2026-07-01,France,Western Europe,Services,Personnel Costs,Forecast,-355961.57
2026-07-01,France,Western Europe,Services,External Services,Forecast,-113604.75
2026-07-01,France,Western Europe,Services,Travel Expenses,Forecast,-18078.67
2026-07-01,France,Western Europe,Services,IT Expenses,Forecast,-14962.33
2026-07-01,France,Western Europe,Services,Other Operating Expenses,Forecast,-27041.89
2026-07-01,France,Western Europe,Services,Depreciation,Forecast,-30107.46
2026-07-01,France,Western Europe,Services,Other Operating Income,Forecast,5257.86
2026-07-01,France,Western Europe,Equipment,Revenue,Actual,1765155.19
2026-07-01,France,Western Europe,Equipment,Material Costs,Actual,-759383.79
2026-07-01,France,Western Europe,Equipment,Production Costs,Actual,-264901.32
2026-07-01,France,Western Europe,Equipment,Personnel Costs,Actual,-211921.06
2026-07-01,France,Western Europe,Equipment,External Services,Actual,-70640.35
2026-07-01,France,Western Europe,Equipment,Travel Expenses,Actual,-20426.33
2026-07-01,France,Western Europe,Equipment,IT Expenses,Actual,-17633.94
2026-07-01,France,Western Europe,Equipment,Other Operating Expenses,Actual,-30941.84
2026-07-01,France,Western Europe,Equipment,Depreciation,Actual,-79431.98
2026-07-01,France,Western Europe,Equipment,Other Operating Income,Actual,7194.32
2026-07-01,France,Western Europe,Equipment,Revenue,Budget,1925558.17
2026-07-01,France,Western Europe,Equipment,Material Costs,Budget,-827990.01
2026-07-01,France,Western Europe,Equipment,Production Costs,Budget,-288833.73
2026-07-01,France,Western Europe,Equipment,Personnel Costs,Budget,-231066.98
2026-07-01,France,Western Europe,Equipment,External Services,Budget,-77022.33
2026-07-01,France,Western Europe,Equipment,Travel Expenses,Budget,-23308.38
2026-07-01,France,Western Europe,Equipment,IT Expenses,Budget,-19624.46
2026-07-01,France,Western Europe,Equipment,Other Operating Expenses,Budget,-33974.75
2026-07-01,France,Western Europe,Equipment,Depreciation,Budget,-86650.12
2026-07-01,France,Western Europe,Equipment,Other Operating Income,Budget,7712.71
2026-07-01,France,Western Europe,Equipment,Revenue,Forecast,1860746.7
2026-07-01,France,Western Europe,Equipment,Material Costs,Forecast,-787014.89
2026-07-01,France,Western Europe,Equipment,Production Costs,Forecast,-274540.08
2026-07-01,France,Western Europe,Equipment,Personnel Costs,Forecast,-219632.06
2026-07-01,France,Western Europe,Equipment,External Services,Forecast,-73210.69
2026-07-01,France,Western Europe,Equipment,Travel Expenses,Forecast,-22798.87
2026-07-01,France,Western Europe,Equipment,IT Expenses,Forecast,-18800.56
2026-07-01,France,Western Europe,Equipment,Other Operating Expenses,Forecast,-33908.6
2026-07-01,France,Western Europe,Equipment,Depreciation,Forecast,-83733.6
2026-07-01,France,Western Europe,Equipment,Other Operating Income,Forecast,7443.47
2026-07-01,Italy,Southern Europe,Industrial Solutions,Revenue,Actual,1863553.17
2026-07-01,Italy,Southern Europe,Industrial Solutions,Material Costs,Actual,-691904.62
2026-07-01,Italy,Southern Europe,Industrial Solutions,Production Costs,Actual,-224401.5
2026-07-01,Italy,Southern Europe,Industrial Solutions,Personnel Costs,Actual,-271151.81
2026-07-01,Italy,Southern Europe,Industrial Solutions,External Services,Actual,-93500.62
2026-07-01,Italy,Southern Europe,Industrial Solutions,Travel Expenses,Actual,-21633.98
2026-07-01,Italy,Southern Europe,Industrial Solutions,IT Expenses,Actual,-18311.92
2026-07-01,Italy,Southern Europe,Industrial Solutions,Other Operating Expenses,Actual,-33625.98
2026-07-01,Italy,Southern Europe,Industrial Solutions,Depreciation,Actual,-65224.36
2026-07-01,Italy,Southern Europe,Industrial Solutions,Other Operating Income,Actual,7783.37
2026-07-01,Italy,Southern Europe,Industrial Solutions,Revenue,Budget,1773256.9
2026-07-01,Italy,Southern Europe,Industrial Solutions,Material Costs,Budget,-656105.05
2026-07-01,Italy,Southern Europe,Industrial Solutions,Production Costs,Budget,-212790.83
2026-07-01,Italy,Southern Europe,Industrial Solutions,Personnel Costs,Budget,-257122.25
2026-07-01,Italy,Southern Europe,Industrial Solutions,External Services,Budget,-88662.84
2026-07-01,Italy,Southern Europe,Industrial Solutions,Travel Expenses,Budget,-21115.48
2026-07-01,Italy,Southern Europe,Industrial Solutions,IT Expenses,Budget,-17648.9
2026-07-01,Italy,Southern Europe,Industrial Solutions,Other Operating Expenses,Budget,-31593.94
2026-07-01,Italy,Southern Europe,Industrial Solutions,Depreciation,Budget,-62063.99
2026-07-01,Italy,Southern Europe,Industrial Solutions,Other Operating Income,Budget,6941.31
2026-07-01,Italy,Southern Europe,Industrial Solutions,Revenue,Forecast,1818762.22
2026-07-01,Italy,Southern Europe,Industrial Solutions,Material Costs,Forecast,-675324.0
2026-07-01,Italy,Southern Europe,Industrial Solutions,Production Costs,Forecast,-219024.0
2026-07-01,Italy,Southern Europe,Industrial Solutions,Personnel Costs,Forecast,-264654.0
2026-07-01,Italy,Southern Europe,Industrial Solutions,External Services,Forecast,-91260.0
2026-07-01,Italy,Southern Europe,Industrial Solutions,Travel Expenses,Forecast,-20844.81
2026-07-01,Italy,Southern Europe,Industrial Solutions,IT Expenses,Forecast,-18653.57
2026-07-01,Italy,Southern Europe,Industrial Solutions,Other Operating Expenses,Forecast,-32193.11
2026-07-01,Italy,Southern Europe,Industrial Solutions,Depreciation,Forecast,-63656.68
2026-07-01,Italy,Southern Europe,Industrial Solutions,Other Operating Income,Forecast,7485.12
2026-07-01,Italy,Southern Europe,Services,Revenue,Actual,1128612.45
2026-07-01,Italy,Southern Europe,Services,Material Costs,Actual,-205101.51
2026-07-01,Italy,Southern Europe,Services,Production Costs,Actual,-91156.23
2026-07-01,Italy,Southern Europe,Services,Personnel Costs,Actual,-267771.42
2026-07-01,Italy,Southern Europe,Services,External Services,Actual,-85458.96
2026-07-01,Italy,Southern Europe,Services,Travel Expenses,Actual,-13139.31
2026-07-01,Italy,Southern Europe,Services,IT Expenses,Actual,-11342.45
2026-07-01,Italy,Southern Europe,Services,Other Operating Expenses,Actual,-19714.18
2026-07-01,Italy,Southern Europe,Services,Depreciation,Actual,-22572.25
2026-07-01,Italy,Southern Europe,Services,Other Operating Income,Actual,4468.81
2026-07-01,Italy,Southern Europe,Services,Revenue,Budget,1085990.04
2026-07-01,Italy,Southern Europe,Services,Material Costs,Budget,-195478.21
2026-07-01,Italy,Southern Europe,Services,Production Costs,Budget,-86879.2
2026-07-01,Italy,Southern Europe,Services,Personnel Costs,Budget,-255207.66
2026-07-01,Italy,Southern Europe,Services,External Services,Budget,-81449.25
2026-07-01,Italy,Southern Europe,Services,Travel Expenses,Budget,-13434.34
2026-07-01,Italy,Southern Europe,Services,IT Expenses,Budget,-11032.94
2026-07-01,Italy,Southern Europe,Services,Other Operating Expenses,Budget,-19555.24
2026-07-01,Italy,Southern Europe,Services,Depreciation,Budget,-21719.8
2026-07-01,Italy,Southern Europe,Services,Other Operating Income,Budget,4174.58
2026-07-01,Italy,Southern Europe,Services,Revenue,Forecast,1115396.18
2026-07-01,Italy,Southern Europe,Services,Material Costs,Forecast,-202326.7
2026-07-01,Italy,Southern Europe,Services,Production Costs,Forecast,-89922.98
2026-07-01,Italy,Southern Europe,Services,Personnel Costs,Forecast,-264148.75
2026-07-01,Italy,Southern Europe,Services,External Services,Forecast,-84302.79
2026-07-01,Italy,Southern Europe,Services,Travel Expenses,Forecast,-13392.54
2026-07-01,Italy,Southern Europe,Services,IT Expenses,Forecast,-10636.35
2026-07-01,Italy,Southern Europe,Services,Other Operating Expenses,Forecast,-20469.96
2026-07-01,Italy,Southern Europe,Services,Depreciation,Forecast,-22307.92
2026-07-01,Italy,Southern Europe,Services,Other Operating Income,Forecast,4457.26
2026-07-01,Italy,Southern Europe,Equipment,Revenue,Actual,1343327.26
2026-07-01,Italy,Southern Europe,Equipment,Material Costs,Actual,-581660.91
2026-07-01,Italy,Southern Europe,Equipment,Production Costs,Actual,-202904.97
2026-07-01,Italy,Southern Europe,Equipment,Personnel Costs,Actual,-162323.97
2026-07-01,Italy,Southern Europe,Equipment,External Services,Actual,-54107.99
2026-07-01,Italy,Southern Europe,Equipment,Travel Expenses,Actual,-16260.93
2026-07-01,Italy,Southern Europe,Equipment,IT Expenses,Actual,-12979.05
2026-07-01,Italy,Southern Europe,Equipment,Other Operating Expenses,Actual,-23588.39
2026-07-01,Italy,Southern Europe,Equipment,Depreciation,Actual,-60449.73
2026-07-01,Italy,Southern Europe,Equipment,Other Operating Income,Actual,5965.49
2026-07-01,Italy,Southern Europe,Equipment,Revenue,Budget,1417031.84
2026-07-01,Italy,Southern Europe,Equipment,Material Costs,Budget,-609323.69
2026-07-01,Italy,Southern Europe,Equipment,Production Costs,Budget,-212554.78
2026-07-01,Italy,Southern Europe,Equipment,Personnel Costs,Budget,-170043.82
2026-07-01,Italy,Southern Europe,Equipment,External Services,Budget,-56681.27
2026-07-01,Italy,Southern Europe,Equipment,Travel Expenses,Budget,-16848.48
2026-07-01,Italy,Southern Europe,Equipment,IT Expenses,Budget,-14377.48
2026-07-01,Italy,Southern Europe,Equipment,Other Operating Expenses,Budget,-25091.67
2026-07-01,Italy,Southern Europe,Equipment,Depreciation,Budget,-63766.43
2026-07-01,Italy,Southern Europe,Equipment,Other Operating Income,Budget,5194.2
2026-07-01,Italy,Southern Europe,Equipment,Revenue,Forecast,1341512.6
2026-07-01,Italy,Southern Europe,Equipment,Material Costs,Forecast,-575671.86
2026-07-01,Italy,Southern Europe,Equipment,Production Costs,Forecast,-200815.76
2026-07-01,Italy,Southern Europe,Equipment,Personnel Costs,Forecast,-160652.61
2026-07-01,Italy,Southern Europe,Equipment,External Services,Forecast,-53550.87
2026-07-01,Italy,Southern Europe,Equipment,Travel Expenses,Forecast,-15969.88
2026-07-01,Italy,Southern Europe,Equipment,IT Expenses,Forecast,-13307.84
2026-07-01,Italy,Southern Europe,Equipment,Other Operating Expenses,Forecast,-24078.02
2026-07-01,Italy,Southern Europe,Equipment,Depreciation,Forecast,-60368.07
2026-07-01,Italy,Southern Europe,Equipment,Other Operating Income,Forecast,5422.77
2026-07-01,Switzerland,DACH,Industrial Solutions,Revenue,Actual,1581013.02
2026-07-01,Switzerland,DACH,Industrial Solutions,Material Costs,Actual,-556466.48
2026-07-01,Switzerland,DACH,Industrial Solutions,Production Costs,Actual,-180475.62
2026-07-01,Switzerland,DACH,Industrial Solutions,Personnel Costs,Actual,-218074.7
2026-07-01,Switzerland,DACH,Industrial Solutions,External Services,Actual,-75198.17
2026-07-01,Switzerland,DACH,Industrial Solutions,Travel Expenses,Actual,-17805.17
2026-07-01,Switzerland,DACH,Industrial Solutions,IT Expenses,Actual,-16043.86
2026-07-01,Switzerland,DACH,Industrial Solutions,Other Operating Expenses,Actual,-28818.96
2026-07-01,Switzerland,DACH,Industrial Solutions,Depreciation,Actual,-55335.46
2026-07-01,Switzerland,DACH,Industrial Solutions,Other Operating Income,Actual,6309.53
2026-07-01,Switzerland,DACH,Industrial Solutions,Revenue,Budget,1651215.09
2026-07-01,Switzerland,DACH,Industrial Solutions,Material Costs,Budget,-610949.58
2026-07-01,Switzerland,DACH,Industrial Solutions,Production Costs,Budget,-198145.81
2026-07-01,Switzerland,DACH,Industrial Solutions,Personnel Costs,Budget,-239426.19
2026-07-01,Switzerland,DACH,Industrial Solutions,External Services,Budget,-82560.75
2026-07-01,Switzerland,DACH,Industrial Solutions,Travel Expenses,Budget,-18985.07
2026-07-01,Switzerland,DACH,Industrial Solutions,IT Expenses,Budget,-16278.37
2026-07-01,Switzerland,DACH,Industrial Solutions,Other Operating Expenses,Budget,-29526.64
2026-07-01,Switzerland,DACH,Industrial Solutions,Depreciation,Budget,-57792.53
2026-07-01,Switzerland,DACH,Industrial Solutions,Other Operating Income,Budget,6183.23
2026-07-01,Switzerland,DACH,Industrial Solutions,Revenue,Forecast,1618876.14
2026-07-01,Switzerland,DACH,Industrial Solutions,Material Costs,Forecast,-593672.17
2026-07-01,Switzerland,DACH,Industrial Solutions,Production Costs,Forecast,-192542.33
2026-07-01,Switzerland,DACH,Industrial Solutions,Personnel Costs,Forecast,-232655.31
2026-07-01,Switzerland,DACH,Industrial Solutions,External Services,Forecast,-80225.97
2026-07-01,Switzerland,DACH,Industrial Solutions,Travel Expenses,Forecast,-19806.69
2026-07-01,Switzerland,DACH,Industrial Solutions,IT Expenses,Forecast,-16650.89
2026-07-01,Switzerland,DACH,Industrial Solutions,Other Operating Expenses,Forecast,-28834.21
2026-07-01,Switzerland,DACH,Industrial Solutions,Depreciation,Forecast,-56660.66
2026-07-01,Switzerland,DACH,Industrial Solutions,Other Operating Income,Forecast,6671.45
2026-07-01,Switzerland,DACH,Services,Revenue,Actual,1057734.43
2026-07-01,Switzerland,DACH,Services,Material Costs,Actual,-191855.1
2026-07-01,Switzerland,DACH,Services,Production Costs,Actual,-85268.93
2026-07-01,Switzerland,DACH,Services,Personnel Costs,Actual,-250477.5
2026-07-01,Switzerland,DACH,Services,External Services,Actual,-79939.63
2026-07-01,Switzerland,DACH,Services,Travel Expenses,Actual,-12598.47
2026-07-01,Switzerland,DACH,Services,IT Expenses,Actual,-10856.67
2026-07-01,Switzerland,DACH,Services,Other Operating Expenses,Actual,-18623.01
2026-07-01,Switzerland,DACH,Services,Depreciation,Actual,-21154.69
2026-07-01,Switzerland,DACH,Services,Other Operating Income,Actual,4337.15
2026-07-01,Switzerland,DACH,Services,Revenue,Budget,1010125.14
2026-07-01,Switzerland,DACH,Services,Material Costs,Budget,-181822.52
2026-07-01,Switzerland,DACH,Services,Production Costs,Budget,-80810.01
2026-07-01,Switzerland,DACH,Services,Personnel Costs,Budget,-237379.41
2026-07-01,Switzerland,DACH,Services,External Services,Budget,-75759.39
2026-07-01,Switzerland,DACH,Services,Travel Expenses,Budget,-12019.86
2026-07-01,Switzerland,DACH,Services,IT Expenses,Budget,-10069.27
2026-07-01,Switzerland,DACH,Services,Other Operating Expenses,Budget,-18098.68
2026-07-01,Switzerland,DACH,Services,Depreciation,Budget,-20202.5
2026-07-01,Switzerland,DACH,Services,Other Operating Income,Budget,3903.82
2026-07-01,Switzerland,DACH,Services,Revenue,Forecast,1029645.13
2026-07-01,Switzerland,DACH,Services,Material Costs,Forecast,-185304.77
2026-07-01,Switzerland,DACH,Services,Production Costs,Forecast,-82357.67
2026-07-01,Switzerland,DACH,Services,Personnel Costs,Forecast,-241925.67
2026-07-01,Switzerland,DACH,Services,External Services,Forecast,-77210.32
2026-07-01,Switzerland,DACH,Services,Travel Expenses,Forecast,-12332.52
2026-07-01,Switzerland,DACH,Services,IT Expenses,Forecast,-10346.13
2026-07-01,Switzerland,DACH,Services,Other Operating Expenses,Forecast,-18572.77
2026-07-01,Switzerland,DACH,Services,Depreciation,Forecast,-20592.9
2026-07-01,Switzerland,DACH,Services,Other Operating Income,Forecast,4250.04
2026-07-01,Switzerland,DACH,Equipment,Revenue,Actual,1261415.71
2026-07-01,Switzerland,DACH,Equipment,Material Costs,Actual,-526321.77
2026-07-01,Switzerland,DACH,Equipment,Production Costs,Actual,-183600.62
2026-07-01,Switzerland,DACH,Equipment,Personnel Costs,Actual,-146880.49
2026-07-01,Switzerland,DACH,Equipment,External Services,Actual,-48960.16
2026-07-01,Switzerland,DACH,Equipment,Travel Expenses,Actual,-15403.94
2026-07-01,Switzerland,DACH,Equipment,IT Expenses,Actual,-12770.51
2026-07-01,Switzerland,DACH,Equipment,Other Operating Expenses,Actual,-21620.55
2026-07-01,Switzerland,DACH,Equipment,Depreciation,Actual,-56763.71
2026-07-01,Switzerland,DACH,Equipment,Other Operating Income,Actual,5064.43
2026-07-01,Switzerland,DACH,Equipment,Revenue,Budget,1324083.81
2026-07-01,Switzerland,DACH,Equipment,Material Costs,Budget,-569356.04
2026-07-01,Switzerland,DACH,Equipment,Production Costs,Budget,-198612.57
2026-07-01,Switzerland,DACH,Equipment,Personnel Costs,Budget,-158890.06
2026-07-01,Switzerland,DACH,Equipment,External Services,Budget,-52963.35
2026-07-01,Switzerland,DACH,Equipment,Travel Expenses,Budget,-15665.69
2026-07-01,Switzerland,DACH,Equipment,IT Expenses,Budget,-13039.9
2026-07-01,Switzerland,DACH,Equipment,Other Operating Expenses,Budget,-24638.4
2026-07-01,Switzerland,DACH,Equipment,Depreciation,Budget,-59583.77
2026-07-01,Switzerland,DACH,Equipment,Other Operating Income,Budget,5157.85
2026-07-01,Switzerland,DACH,Equipment,Revenue,Forecast,1298579.42
2026-07-01,Switzerland,DACH,Equipment,Material Costs,Forecast,-552985.88
2026-07-01,Switzerland,DACH,Equipment,Production Costs,Forecast,-192902.05
2026-07-01,Switzerland,DACH,Equipment,Personnel Costs,Forecast,-154321.64
2026-07-01,Switzerland,DACH,Equipment,External Services,Forecast,-51440.55
2026-07-01,Switzerland,DACH,Equipment,Travel Expenses,Forecast,-15618.34
2026-07-01,Switzerland,DACH,Equipment,IT Expenses,Forecast,-13163.85
2026-07-01,Switzerland,DACH,Equipment,Other Operating Expenses,Forecast,-23291.66
2026-07-01,Switzerland,DACH,Equipment,Depreciation,Forecast,-58436.07
2026-07-01,Switzerland,DACH,Equipment,Other Operating Income,Forecast,5436.66
2026-08-01,Austria,DACH,Industrial Solutions,Revenue,Actual,1901350.3
2026-08-01,Austria,DACH,Industrial Solutions,Material Costs,Actual,-717894.86
2026-08-01,Austria,DACH,Industrial Solutions,Production Costs,Actual,-232830.76
2026-08-01,Austria,DACH,Industrial Solutions,Personnel Costs,Actual,-281337.17
2026-08-01,Austria,DACH,Industrial Solutions,External Services,Actual,-97012.82
2026-08-01,Austria,DACH,Industrial Solutions,Travel Expenses,Actual,-23144.32
2026-08-01,Austria,DACH,Industrial Solutions,IT Expenses,Actual,-18015.36
2026-08-01,Austria,DACH,Industrial Solutions,Other Operating Expenses,Actual,-36405.26
2026-08-01,Austria,DACH,Industrial Solutions,Depreciation,Actual,-66547.26
2026-08-01,Austria,DACH,Industrial Solutions,Other Operating Income,Actual,7766.95
2026-08-01,Austria,DACH,Industrial Solutions,Revenue,Budget,2071381.92
2026-08-01,Austria,DACH,Industrial Solutions,Material Costs,Budget,-766411.31
2026-08-01,Austria,DACH,Industrial Solutions,Production Costs,Budget,-248565.83
2026-08-01,Austria,DACH,Industrial Solutions,Personnel Costs,Budget,-300350.38
2026-08-01,Austria,DACH,Industrial Solutions,External Services,Budget,-103569.1
2026-08-01,Austria,DACH,Industrial Solutions,Travel Expenses,Budget,-24967.6
2026-08-01,Austria,DACH,Industrial Solutions,IT Expenses,Budget,-21203.31
2026-08-01,Austria,DACH,Industrial Solutions,Other Operating Expenses,Budget,-39469.45
2026-08-01,Austria,DACH,Industrial Solutions,Depreciation,Budget,-72498.37
2026-08-01,Austria,DACH,Industrial Solutions,Other Operating Income,Budget,8574.11
2026-08-01,Austria,DACH,Industrial Solutions,Revenue,Forecast,1969486.82
2026-08-01,Austria,DACH,Industrial Solutions,Material Costs,Forecast,-737007.04
2026-08-01,Austria,DACH,Industrial Solutions,Production Costs,Forecast,-239029.31
2026-08-01,Austria,DACH,Industrial Solutions,Personnel Costs,Forecast,-288827.08
2026-08-01,Austria,DACH,Industrial Solutions,External Services,Forecast,-99595.55
2026-08-01,Austria,DACH,Industrial Solutions,Travel Expenses,Forecast,-23726.5
2026-08-01,Austria,DACH,Industrial Solutions,IT Expenses,Forecast,-19639.12
2026-08-01,Austria,DACH,Industrial Solutions,Other Operating Expenses,Forecast,-35029.08
2026-08-01,Austria,DACH,Industrial Solutions,Depreciation,Forecast,-68932.04
2026-08-01,Austria,DACH,Industrial Solutions,Other Operating Income,Forecast,7617.62
2026-08-01,Austria,DACH,Services,Revenue,Actual,1225608.79
2026-08-01,Austria,DACH,Services,Material Costs,Actual,-211318.24
2026-08-01,Austria,DACH,Services,Production Costs,Actual,-93919.22
2026-08-01,Austria,DACH,Services,Personnel Costs,Actual,-275887.7
2026-08-01,Austria,DACH,Services,External Services,Actual,-88049.27
2026-08-01,Austria,DACH,Services,Travel Expenses,Actual,-14791.54
2026-08-01,Austria,DACH,Services,IT Expenses,Actual,-12247.18
2026-08-01,Austria,DACH,Services,Other Operating Expenses,Actual,-22142.0
2026-08-01,Austria,DACH,Services,Depreciation,Actual,-24512.18
2026-08-01,Austria,DACH,Services,Other Operating Income,Actual,4800.05
2026-08-01,Austria,DACH,Services,Revenue,Budget,1275811.59
2026-08-01,Austria,DACH,Services,Material Costs,Budget,-229646.09
2026-08-01,Austria,DACH,Services,Production Costs,Budget,-102064.93
2026-08-01,Austria,DACH,Services,Personnel Costs,Budget,-299815.72
2026-08-01,Austria,DACH,Services,External Services,Budget,-95685.87
2026-08-01,Austria,DACH,Services,Travel Expenses,Budget,-16722.92
2026-08-01,Austria,DACH,Services,IT Expenses,Budget,-13105.17
2026-08-01,Austria,DACH,Services,Other Operating Expenses,Budget,-22250.1
2026-08-01,Austria,DACH,Services,Depreciation,Budget,-25516.23
2026-08-01,Austria,DACH,Services,Other Operating Income,Budget,5150.78
2026-08-01,Austria,DACH,Services,Revenue,Forecast,1247442.43
2026-08-01,Austria,DACH,Services,Material Costs,Forecast,-222901.38
2026-08-01,Austria,DACH,Services,Production Costs,Forecast,-99067.28
2026-08-01,Austria,DACH,Services,Personnel Costs,Forecast,-291010.13
2026-08-01,Austria,DACH,Services,External Services,Forecast,-92875.57
2026-08-01,Austria,DACH,Services,Travel Expenses,Forecast,-14513.73
2026-08-01,Austria,DACH,Services,IT Expenses,Forecast,-12140.09
2026-08-01,Austria,DACH,Services,Other Operating Expenses,Forecast,-22696.59
2026-08-01,Austria,DACH,Services,Depreciation,Forecast,-24948.85
2026-08-01,Austria,DACH,Services,Other Operating Income,Forecast,4853.77
2026-08-01,Austria,DACH,Equipment,Revenue,Actual,1686138.11
2026-08-01,Austria,DACH,Equipment,Material Costs,Actual,-709589.04
2026-08-01,Austria,DACH,Equipment,Production Costs,Actual,-247531.06
2026-08-01,Austria,DACH,Equipment,Personnel Costs,Actual,-198024.85
2026-08-01,Austria,DACH,Equipment,External Services,Actual,-66008.28
2026-08-01,Austria,DACH,Equipment,Travel Expenses,Actual,-20522.21
2026-08-01,Austria,DACH,Equipment,IT Expenses,Actual,-17074.66
2026-08-01,Austria,DACH,Equipment,Other Operating Expenses,Actual,-29990.7
2026-08-01,Austria,DACH,Equipment,Depreciation,Actual,-75876.22
2026-08-01,Austria,DACH,Equipment,Other Operating Income,Actual,6536.34
2026-08-01,Austria,DACH,Equipment,Revenue,Budget,1648385.99
2026-08-01,Austria,DACH,Equipment,Material Costs,Budget,-708805.98
2026-08-01,Austria,DACH,Equipment,Production Costs,Budget,-247257.9
2026-08-01,Austria,DACH,Equipment,Personnel Costs,Budget,-197806.32
2026-08-01,Austria,DACH,Equipment,External Services,Budget,-65935.44
2026-08-01,Austria,DACH,Equipment,Travel Expenses,Budget,-20735.75
2026-08-01,Austria,DACH,Equipment,IT Expenses,Budget,-16558.86
2026-08-01,Austria,DACH,Equipment,Other Operating Expenses,Budget,-30142.69
2026-08-01,Austria,DACH,Equipment,Depreciation,Budget,-74177.37
2026-08-01,Austria,DACH,Equipment,Other Operating Income,Budget,6376.73
2026-08-01,Austria,DACH,Equipment,Revenue,Forecast,1687495.81
2026-08-01,Austria,DACH,Equipment,Material Costs,Forecast,-715006.3
2026-08-01,Austria,DACH,Equipment,Production Costs,Forecast,-249420.8
2026-08-01,Austria,DACH,Equipment,Personnel Costs,Forecast,-199536.64
2026-08-01,Austria,DACH,Equipment,External Services,Forecast,-66512.21
2026-08-01,Austria,DACH,Equipment,Travel Expenses,Forecast,-19904.01
2026-08-01,Austria,DACH,Equipment,IT Expenses,Forecast,-16833.1
2026-08-01,Austria,DACH,Equipment,Other Operating Expenses,Forecast,-29566.78
2026-08-01,Austria,DACH,Equipment,Depreciation,Forecast,-75937.31
2026-08-01,Austria,DACH,Equipment,Other Operating Income,Forecast,6747.33
2026-08-01,Germany,DACH,Industrial Solutions,Revenue,Actual,2669732.66
2026-08-01,Germany,DACH,Industrial Solutions,Material Costs,Actual,-1002711.71
2026-08-01,Germany,DACH,Industrial Solutions,Production Costs,Actual,-325203.8
2026-08-01,Germany,DACH,Industrial Solutions,Personnel Costs,Actual,-392954.59
2026-08-01,Germany,DACH,Industrial Solutions,External Services,Actual,-135501.58
2026-08-01,Germany,DACH,Industrial Solutions,Travel Expenses,Actual,-31660.16
2026-08-01,Germany,DACH,Industrial Solutions,IT Expenses,Actual,-26153.89
2026-08-01,Germany,DACH,Industrial Solutions,Other Operating Expenses,Actual,-46820.89
2026-08-01,Germany,DACH,Industrial Solutions,Depreciation,Actual,-93440.64
2026-08-01,Germany,DACH,Industrial Solutions,Other Operating Income,Actual,10519.49
2026-08-01,Germany,DACH,Industrial Solutions,Revenue,Budget,2722359.38
2026-08-01,Germany,DACH,Industrial Solutions,Material Costs,Budget,-1007272.97
2026-08-01,Germany,DACH,Industrial Solutions,Production Costs,Budget,-326683.13
2026-08-01,Germany,DACH,Industrial Solutions,Personnel Costs,Budget,-394742.11
2026-08-01,Germany,DACH,Industrial Solutions,External Services,Budget,-136117.97
2026-08-01,Germany,DACH,Industrial Solutions,Travel Expenses,Budget,-33299.97
2026-08-01,Germany,DACH,Industrial Solutions,IT Expenses,Budget,-27729.0
2026-08-01,Germany,DACH,Industrial Solutions,Other Operating Expenses,Budget,-48394.19
2026-08-01,Germany,DACH,Industrial Solutions,Depreciation,Budget,-95282.58
2026-08-01,Germany,DACH,Industrial Solutions,Other Operating Income,Budget,10387.0
2026-08-01,Germany,DACH,Industrial Solutions,Revenue,Forecast,2707871.02
2026-08-01,Germany,DACH,Industrial Solutions,Material Costs,Forecast,-1005132.55
2026-08-01,Germany,DACH,Industrial Solutions,Production Costs,Forecast,-325988.93
2026-08-01,Germany,DACH,Industrial Solutions,Personnel Costs,Forecast,-393903.3
2026-08-01,Germany,DACH,Industrial Solutions,External Services,Forecast,-135828.72
2026-08-01,Germany,DACH,Industrial Solutions,Travel Expenses,Forecast,-31691.64
2026-08-01,Germany,DACH,Industrial Solutions,IT Expenses,Forecast,-26798.04
2026-08-01,Germany,DACH,Industrial Solutions,Other Operating Expenses,Forecast,-50356.58
2026-08-01,Germany,DACH,Industrial Solutions,Depreciation,Forecast,-94775.49
2026-08-01,Germany,DACH,Industrial Solutions,Other Operating Income,Forecast,11189.84
2026-08-01,Germany,DACH,Services,Revenue,Actual,1734022.5
2026-08-01,Germany,DACH,Services,Material Costs,Actual,-339641.04
2026-08-01,Germany,DACH,Services,Production Costs,Actual,-150951.57
2026-08-01,Germany,DACH,Services,Personnel Costs,Actual,-443420.24
2026-08-01,Germany,DACH,Services,External Services,Actual,-141517.1
2026-08-01,Germany,DACH,Services,Travel Expenses,Actual,-20573.78
2026-08-01,Germany,DACH,Services,IT Expenses,Actual,-17808.8
2026-08-01,Germany,DACH,Services,Other Operating Expenses,Actual,-32221.15
2026-08-01,Germany,DACH,Services,Depreciation,Actual,-34680.45
2026-08-01,Germany,DACH,Services,Other Operating Income,Actual,7397.68
2026-08-01,Germany,DACH,Services,Revenue,Budget,1739955.16
2026-08-01,Germany,DACH,Services,Material Costs,Budget,-313191.93
2026-08-01,Germany,DACH,Services,Production Costs,Budget,-139196.41
2026-08-01,Germany,DACH,Services,Personnel Costs,Budget,-408889.46
2026-08-01,Germany,DACH,Services,External Services,Budget,-130496.64
2026-08-01,Germany,DACH,Services,Travel Expenses,Budget,-21070.66
2026-08-01,Germany,DACH,Services,IT Expenses,Budget,-17603.96
2026-08-01,Germany,DACH,Services,Other Operating Expenses,Budget,-32426.47
2026-08-01,Germany,DACH,Services,Depreciation,Budget,-34799.1
2026-08-01,Germany,DACH,Services,Other Operating Income,Budget,7084.37
2026-08-01,Germany,DACH,Services,Revenue,Forecast,1739629.24
2026-08-01,Germany,DACH,Services,Material Costs,Forecast,-311249.83
2026-08-01,Germany,DACH,Services,Production Costs,Forecast,-138333.26
2026-08-01,Germany,DACH,Services,Personnel Costs,Forecast,-406353.94
2026-08-01,Germany,DACH,Services,External Services,Forecast,-129687.43
2026-08-01,Germany,DACH,Services,Travel Expenses,Forecast,-20594.64
2026-08-01,Germany,DACH,Services,IT Expenses,Forecast,-17479.29
2026-08-01,Germany,DACH,Services,Other Operating Expenses,Forecast,-30303.03
2026-08-01,Germany,DACH,Services,Depreciation,Forecast,-34792.58
2026-08-01,Germany,DACH,Services,Other Operating Income,Forecast,6918.64
2026-08-01,Germany,DACH,Equipment,Revenue,Actual,2031063.97
2026-08-01,Germany,DACH,Equipment,Material Costs,Actual,-897863.35
2026-08-01,Germany,DACH,Equipment,Production Costs,Actual,-313208.15
2026-08-01,Germany,DACH,Equipment,Personnel Costs,Actual,-250566.52
2026-08-01,Germany,DACH,Equipment,External Services,Actual,-83522.17
2026-08-01,Germany,DACH,Equipment,Travel Expenses,Actual,-24036.6
2026-08-01,Germany,DACH,Equipment,IT Expenses,Actual,-20531.37
2026-08-01,Germany,DACH,Equipment,Other Operating Expenses,Actual,-36562.03
2026-08-01,Germany,DACH,Equipment,Depreciation,Actual,-91397.88
2026-08-01,Germany,DACH,Equipment,Other Operating Income,Actual,8523.97
2026-08-01,Germany,DACH,Equipment,Revenue,Budget,2228718.97
2026-08-01,Germany,DACH,Equipment,Material Costs,Budget,-958349.16
2026-08-01,Germany,DACH,Equipment,Production Costs,Budget,-334307.85
2026-08-01,Germany,DACH,Equipment,Personnel Costs,Budget,-267446.28
2026-08-01,Germany,DACH,Equipment,External Services,Budget,-89148.76
2026-08-01,Germany,DACH,Equipment,Travel Expenses,Budget,-27533.07
2026-08-01,Germany,DACH,Equipment,IT Expenses,Budget,-21663.12
2026-08-01,Germany,DACH,Equipment,Other Operating Expenses,Budget,-40705.92
2026-08-01,Germany,DACH,Equipment,Depreciation,Budget,-100292.35
2026-08-01,Germany,DACH,Equipment,Other Operating Income,Budget,8841.55
2026-08-01,Germany,DACH,Equipment,Revenue,Forecast,2146033.64
2026-08-01,Germany,DACH,Equipment,Material Costs,Forecast,-923711.72
2026-08-01,Germany,DACH,Equipment,Production Costs,Forecast,-322225.02
2026-08-01,Germany,DACH,Equipment,Personnel Costs,Forecast,-257780.01
2026-08-01,Germany,DACH,Equipment,External Services,Forecast,-85926.67
2026-08-01,Germany,DACH,Equipment,Travel Expenses,Forecast,-25189.84
2026-08-01,Germany,DACH,Equipment,IT Expenses,Forecast,-22210.65
2026-08-01,Germany,DACH,Equipment,Other Operating Expenses,Forecast,-39633.01
2026-08-01,Germany,DACH,Equipment,Depreciation,Forecast,-96571.51
2026-08-01,Germany,DACH,Equipment,Other Operating Income,Forecast,8330.12
2026-08-01,France,Western Europe,Industrial Solutions,Revenue,Actual,2233532.0
2026-08-01,France,Western Europe,Industrial Solutions,Material Costs,Actual,-831369.53
2026-08-01,France,Western Europe,Industrial Solutions,Production Costs,Actual,-269633.36
2026-08-01,France,Western Europe,Industrial Solutions,Personnel Costs,Actual,-325806.98
2026-08-01,France,Western Europe,Industrial Solutions,External Services,Actual,-112347.23
2026-08-01,France,Western Europe,Industrial Solutions,Travel Expenses,Actual,-27809.99
2026-08-01,France,Western Europe,Industrial Solutions,IT Expenses,Actual,-22688.18
2026-08-01,France,Western Europe,Industrial Solutions,Other Operating Expenses,Actual,-41178.08
2026-08-01,France,Western Europe,Industrial Solutions,Depreciation,Actual,-78173.62
2026-08-01,France,Western Europe,Industrial Solutions,Other Operating Income,Actual,9050.93
2026-08-01,France,Western Europe,Industrial Solutions,Revenue,Budget,2227833.76
2026-08-01,France,Western Europe,Industrial Solutions,Material Costs,Budget,-824298.49
2026-08-01,France,Western Europe,Industrial Solutions,Production Costs,Budget,-267340.05
2026-08-01,France,Western Europe,Industrial Solutions,Personnel Costs,Budget,-323035.89
2026-08-01,France,Western Europe,Industrial Solutions,External Services,Budget,-111391.69
2026-08-01,France,Western Europe,Industrial Solutions,Travel Expenses,Budget,-25619.76
2026-08-01,France,Western Europe,Industrial Solutions,IT Expenses,Budget,-22191.14
2026-08-01,France,Western Europe,Industrial Solutions,Other Operating Expenses,Budget,-41163.77
2026-08-01,France,Western Europe,Industrial Solutions,Depreciation,Budget,-77974.18
2026-08-01,France,Western Europe,Industrial Solutions,Other Operating Income,Budget,8892.97
2026-08-01,France,Western Europe,Industrial Solutions,Revenue,Forecast,2238722.68
2026-08-01,France,Western Europe,Industrial Solutions,Material Costs,Forecast,-833328.07
2026-08-01,France,Western Europe,Industrial Solutions,Production Costs,Forecast,-270268.56
2026-08-01,France,Western Europe,Industrial Solutions,Personnel Costs,Forecast,-326574.52
2026-08-01,France,Western Europe,Industrial Solutions,External Services,Forecast,-112611.9
2026-08-01,France,Western Europe,Industrial Solutions,Travel Expenses,Forecast,-26607.78
2026-08-01,France,Western Europe,Industrial Solutions,IT Expenses,Forecast,-21926.13
2026-08-01,France,Western Europe,Industrial Solutions,Other Operating Expenses,Forecast,-40172.75
2026-08-01,France,Western Europe,Industrial Solutions,Depreciation,Forecast,-78355.29
2026-08-01,France,Western Europe,Industrial Solutions,Other Operating Income,Forecast,9065.59
2026-08-01,France,Western Europe,Services,Revenue,Actual,1403384.64
2026-08-01,France,Western Europe,Services,Material Costs,Actual,-259677.53
2026-08-01,France,Western Europe,Services,Production Costs,Actual,-115412.23
2026-08-01,France,Western Europe,Services,Personnel Costs,Actual,-339023.44
2026-08-01,France,Western Europe,Services,External Services,Actual,-108198.97
2026-08-01,France,Western Europe,Services,Travel Expenses,Actual,-16691.85
2026-08-01,France,Western Europe,Services,IT Expenses,Actual,-14441.6
2026-08-01,France,Western Europe,Services,Other Operating Expenses,Actual,-26226.36
2026-08-01,France,Western Europe,Services,Depreciation,Actual,-28067.69
2026-08-01,France,Western Europe,Services,Other Operating Income,Actual,5595.34
2026-08-01,France,Western Europe,Services,Revenue,Budget,1403924.69
2026-08-01,France,Western Europe,Services,Material Costs,Budget,-252706.44
2026-08-01,France,Western Europe,Services,Production Costs,Budget,-112313.98
2026-08-01,France,Western Europe,Services,Personnel Costs,Budget,-329922.3
2026-08-01,France,Western Europe,Services,External Services,Budget,-105294.35
2026-08-01,France,Western Europe,Services,Travel Expenses,Budget,-16337.41
2026-08-01,France,Western Europe,Services,IT Expenses,Budget,-13453.56
2026-08-01,France,Western Europe,Services,Other Operating Expenses,Budget,-24340.66
2026-08-01,France,Western Europe,Services,Depreciation,Budget,-28078.49
2026-08-01,France,Western Europe,Services,Other Operating Income,Budget,5307.1
2026-08-01,France,Western Europe,Services,Revenue,Forecast,1393078.41
2026-08-01,France,Western Europe,Services,Material Costs,Forecast,-254902.0
2026-08-01,France,Western Europe,Services,Production Costs,Forecast,-113289.78
2026-08-01,France,Western Europe,Services,Personnel Costs,Forecast,-332788.72
2026-08-01,France,Western Europe,Services,External Services,Forecast,-106209.17
2026-08-01,France,Western Europe,Services,Travel Expenses,Forecast,-16775.03
2026-08-01,France,Western Europe,Services,IT Expenses,Forecast,-14039.33
2026-08-01,France,Western Europe,Services,Other Operating Expenses,Forecast,-23683.46
2026-08-01,France,Western Europe,Services,Depreciation,Forecast,-27861.57
2026-08-01,France,Western Europe,Services,Other Operating Income,Forecast,5305.3
2026-08-01,France,Western Europe,Equipment,Revenue,Actual,1692722.4
2026-08-01,France,Western Europe,Equipment,Material Costs,Actual,-738148.94
2026-08-01,France,Western Europe,Equipment,Production Costs,Actual,-257493.81
2026-08-01,France,Western Europe,Equipment,Personnel Costs,Actual,-205995.05
2026-08-01,France,Western Europe,Equipment,External Services,Actual,-68665.02
2026-08-01,France,Western Europe,Equipment,Travel Expenses,Actual,-21309.49
2026-08-01,France,Western Europe,Equipment,IT Expenses,Actual,-16852.39
2026-08-01,France,Western Europe,Equipment,Other Operating Expenses,Actual,-30521.84
2026-08-01,France,Western Europe,Equipment,Depreciation,Actual,-76172.51
2026-08-01,France,Western Europe,Equipment,Other Operating Income,Actual,6823.05
2026-08-01,France,Western Europe,Equipment,Revenue,Budget,1811487.83
2026-08-01,France,Western Europe,Equipment,Material Costs,Budget,-778939.76
2026-08-01,France,Western Europe,Equipment,Production Costs,Budget,-271723.17
2026-08-01,France,Western Europe,Equipment,Personnel Costs,Budget,-217378.54
2026-08-01,France,Western Europe,Equipment,External Services,Budget,-72459.51
2026-08-01,France,Western Europe,Equipment,Travel Expenses,Budget,-23297.83
2026-08-01,France,Western Europe,Equipment,IT Expenses,Budget,-17354.29
2026-08-01,France,Western Europe,Equipment,Other Operating Expenses,Budget,-33163.72
2026-08-01,France,Western Europe,Equipment,Depreciation,Budget,-81516.95
2026-08-01,France,Western Europe,Equipment,Other Operating Income,Budget,7212.68
2026-08-01,France,Western Europe,Equipment,Revenue,Forecast,1744110.48
2026-08-01,France,Western Europe,Equipment,Material Costs,Forecast,-755068.23
2026-08-01,France,Western Europe,Equipment,Production Costs,Forecast,-263395.89
2026-08-01,France,Western Europe,Equipment,Personnel Costs,Forecast,-210716.72
2026-08-01,France,Western Europe,Equipment,External Services,Forecast,-70238.91
2026-08-01,France,Western Europe,Equipment,Travel Expenses,Forecast,-20516.57
2026-08-01,France,Western Europe,Equipment,IT Expenses,Forecast,-17424.02
2026-08-01,France,Western Europe,Equipment,Other Operating Expenses,Forecast,-31952.34
2026-08-01,France,Western Europe,Equipment,Depreciation,Forecast,-78484.97
2026-08-01,France,Western Europe,Equipment,Other Operating Income,Forecast,7845.12
2026-08-01,Italy,Southern Europe,Industrial Solutions,Revenue,Actual,1597738.51
2026-08-01,Italy,Southern Europe,Industrial Solutions,Material Costs,Actual,-584462.21
2026-08-01,Italy,Southern Europe,Industrial Solutions,Production Costs,Actual,-189555.31
2026-08-01,Italy,Southern Europe,Industrial Solutions,Personnel Costs,Actual,-229046.0
2026-08-01,Italy,Southern Europe,Industrial Solutions,External Services,Actual,-78981.38
2026-08-01,Italy,Southern Europe,Industrial Solutions,Travel Expenses,Actual,-18140.03
2026-08-01,Italy,Southern Europe,Industrial Solutions,IT Expenses,Actual,-15871.91
2026-08-01,Italy,Southern Europe,Industrial Solutions,Other Operating Expenses,Actual,-29286.18
2026-08-01,Italy,Southern Europe,Industrial Solutions,Depreciation,Actual,-55920.85
2026-08-01,Italy,Southern Europe,Industrial Solutions,Other Operating Income,Actual,6065.21
2026-08-01,Italy,Southern Europe,Industrial Solutions,Revenue,Budget,1662580.07
2026-08-01,Italy,Southern Europe,Industrial Solutions,Material Costs,Budget,-615154.63
2026-08-01,Italy,Southern Europe,Industrial Solutions,Production Costs,Budget,-199509.61
2026-08-01,Italy,Southern Europe,Industrial Solutions,Personnel Costs,Budget,-241074.11
2026-08-01,Italy,Southern Europe,Industrial Solutions,External Services,Budget,-83129.0
2026-08-01,Italy,Southern Europe,Industrial Solutions,Travel Expenses,Budget,-20578.51
2026-08-01,Italy,Southern Europe,Industrial Solutions,IT Expenses,Budget,-16787.99
2026-08-01,Italy,Southern Europe,Industrial Solutions,Other Operating Expenses,Budget,-29377.12
2026-08-01,Italy,Southern Europe,Industrial Solutions,Depreciation,Budget,-58190.3
2026-08-01,Italy,Southern Europe,Industrial Solutions,Other Operating Income,Budget,6612.67
2026-08-01,Italy,Southern Europe,Industrial Solutions,Revenue,Forecast,1621401.84
2026-08-01,Italy,Southern Europe,Industrial Solutions,Material Costs,Forecast,-611425.04
2026-08-01,Italy,Southern Europe,Industrial Solutions,Production Costs,Forecast,-198300.01
2026-08-01,Italy,Southern Europe,Industrial Solutions,Personnel Costs,Forecast,-239612.52
2026-08-01,Italy,Southern Europe,Industrial Solutions,External Services,Forecast,-82625.01
2026-08-01,Italy,Southern Europe,Industrial Solutions,Travel Expenses,Forecast,-19885.0
2026-08-01,Italy,Southern Europe,Industrial Solutions,IT Expenses,Forecast,-16216.87
2026-08-01,Italy,Southern Europe,Industrial Solutions,Other Operating Expenses,Forecast,-29011.81
2026-08-01,Italy,Southern Europe,Industrial Solutions,Depreciation,Forecast,-56749.06
2026-08-01,Italy,Southern Europe,Industrial Solutions,Other Operating Income,Forecast,6505.48
2026-08-01,Italy,Southern Europe,Services,Revenue,Actual,953321.22
2026-08-01,Italy,Southern Europe,Services,Material Costs,Actual,-172264.16
2026-08-01,Italy,Southern Europe,Services,Production Costs,Actual,-76561.85
2026-08-01,Italy,Southern Europe,Services,Personnel Costs,Actual,-224900.43
2026-08-01,Italy,Southern Europe,Services,External Services,Actual,-71776.73
2026-08-01,Italy,Southern Europe,Services,Travel Expenses,Actual,-11576.5
2026-08-01,Italy,Southern Europe,Services,IT Expenses,Actual,-9522.17
2026-08-01,Italy,Southern Europe,Services,Other Operating Expenses,Actual,-16844.42
2026-08-01,Italy,Southern Europe,Services,Depreciation,Actual,-19066.42
2026-08-01,Italy,Southern Europe,Services,Other Operating Income,Actual,3784.93
2026-08-01,Italy,Southern Europe,Services,Revenue,Budget,1022813.54
2026-08-01,Italy,Southern Europe,Services,Material Costs,Budget,-184106.44
2026-08-01,Italy,Southern Europe,Services,Production Costs,Budget,-81825.08
2026-08-01,Italy,Southern Europe,Services,Personnel Costs,Budget,-240361.18
2026-08-01,Italy,Southern Europe,Services,External Services,Budget,-76711.02
2026-08-01,Italy,Southern Europe,Services,Travel Expenses,Budget,-11684.84
2026-08-01,Italy,Southern Europe,Services,IT Expenses,Budget,-10693.94
2026-08-01,Italy,Southern Europe,Services,Other Operating Expenses,Budget,-17842.44
2026-08-01,Italy,Southern Europe,Services,Depreciation,Budget,-20456.27
2026-08-01,Italy,Southern Europe,Services,Other Operating Income,Budget,3922.37
2026-08-01,Italy,Southern Europe,Services,Revenue,Forecast,1000678.48
2026-08-01,Italy,Southern Europe,Services,Material Costs,Forecast,-179170.52
2026-08-01,Italy,Southern Europe,Services,Production Costs,Forecast,-79631.34
2026-08-01,Italy,Southern Europe,Services,Personnel Costs,Forecast,-233917.07
2026-08-01,Italy,Southern Europe,Services,External Services,Forecast,-74654.38
2026-08-01,Italy,Southern Europe,Services,Travel Expenses,Forecast,-12472.16
2026-08-01,Italy,Southern Europe,Services,IT Expenses,Forecast,-10009.69
2026-08-01,Italy,Southern Europe,Services,Other Operating Expenses,Forecast,-17455.57
2026-08-01,Italy,Southern Europe,Services,Depreciation,Forecast,-20013.57
2026-08-01,Italy,Southern Europe,Services,Other Operating Income,Forecast,4203.54
2026-08-01,Italy,Southern Europe,Equipment,Revenue,Actual,1328135.31
2026-08-01,Italy,Southern Europe,Equipment,Material Costs,Actual,-605283.57
2026-08-01,Italy,Southern Europe,Equipment,Production Costs,Actual,-211145.43
2026-08-01,Italy,Southern Europe,Equipment,Personnel Costs,Actual,-168916.35
2026-08-01,Italy,Southern Europe,Equipment,External Services,Actual,-56305.45
2026-08-01,Italy,Southern Europe,Equipment,Travel Expenses,Actual,-16982.38
2026-08-01,Italy,Southern Europe,Equipment,IT Expenses,Actual,-13098.94
2026-08-01,Italy,Southern Europe,Equipment,Other Operating Expenses,Actual,-24876.97
2026-08-01,Italy,Southern Europe,Equipment,Depreciation,Actual,-59766.09
2026-08-01,Italy,Southern Europe,Equipment,Other Operating Income,Actual,5393.97
2026-08-01,Italy,Southern Europe,Equipment,Revenue,Budget,1315004.17
2026-08-01,Italy,Southern Europe,Equipment,Material Costs,Budget,-565451.79
2026-08-01,Italy,Southern Europe,Equipment,Production Costs,Budget,-197250.63
2026-08-01,Italy,Southern Europe,Equipment,Personnel Costs,Budget,-157800.5
2026-08-01,Italy,Southern Europe,Equipment,External Services,Budget,-52600.17
2026-08-01,Italy,Southern Europe,Equipment,Travel Expenses,Budget,-16016.32
2026-08-01,Italy,Southern Europe,Equipment,IT Expenses,Budget,-12704.97
2026-08-01,Italy,Southern Europe,Equipment,Other Operating Expenses,Budget,-23569.25
2026-08-01,Italy,Southern Europe,Equipment,Depreciation,Budget,-59175.19
2026-08-01,Italy,Southern Europe,Equipment,Other Operating Income,Budget,5089.0
2026-08-01,Italy,Southern Europe,Equipment,Revenue,Forecast,1329797.2
2026-08-01,Italy,Southern Europe,Equipment,Material Costs,Forecast,-577494.73
2026-08-01,Italy,Southern Europe,Equipment,Production Costs,Forecast,-201451.65
2026-08-01,Italy,Southern Europe,Equipment,Personnel Costs,Forecast,-161161.32
2026-08-01,Italy,Southern Europe,Equipment,External Services,Forecast,-53720.44
2026-08-01,Italy,Southern Europe,Equipment,Travel Expenses,Forecast,-16470.32
2026-08-01,Italy,Southern Europe,Equipment,IT Expenses,Forecast,-12746.24
2026-08-01,Italy,Southern Europe,Equipment,Other Operating Expenses,Forecast,-23923.16
2026-08-01,Italy,Southern Europe,Equipment,Depreciation,Forecast,-59840.87
2026-08-01,Italy,Southern Europe,Equipment,Other Operating Income,Forecast,5557.88
2026-08-01,Switzerland,DACH,Industrial Solutions,Revenue,Actual,1583091.39
2026-08-01,Switzerland,DACH,Industrial Solutions,Material Costs,Actual,-590746.95
2026-08-01,Switzerland,DACH,Industrial Solutions,Production Costs,Actual,-191593.6
2026-08-01,Switzerland,DACH,Industrial Solutions,Personnel Costs,Actual,-231508.94
2026-08-01,Switzerland,DACH,Industrial Solutions,External Services,Actual,-79830.67
2026-08-01,Switzerland,DACH,Industrial Solutions,Travel Expenses,Actual,-18842.47
2026-08-01,Switzerland,DACH,Industrial Solutions,IT Expenses,Actual,-15445.72
2026-08-01,Switzerland,DACH,Industrial Solutions,Other Operating Expenses,Actual,-27696.68
2026-08-01,Switzerland,DACH,Industrial Solutions,Depreciation,Actual,-55408.2
2026-08-01,Switzerland,DACH,Industrial Solutions,Other Operating Income,Actual,6512.04
2026-08-01,Switzerland,DACH,Industrial Solutions,Revenue,Budget,1540242.31
2026-08-01,Switzerland,DACH,Industrial Solutions,Material Costs,Budget,-569889.66
2026-08-01,Switzerland,DACH,Industrial Solutions,Production Costs,Budget,-184829.08
2026-08-01,Switzerland,DACH,Industrial Solutions,Personnel Costs,Budget,-223335.14
2026-08-01,Switzerland,DACH,Industrial Solutions,External Services,Budget,-77012.12
2026-08-01,Switzerland,DACH,Industrial Solutions,Travel Expenses,Budget,-18493.7
2026-08-01,Switzerland,DACH,Industrial Solutions,IT Expenses,Budget,-15359.75
2026-08-01,Switzerland,DACH,Industrial Solutions,Other Operating Expenses,Budget,-27430.56
2026-08-01,Switzerland,DACH,Industrial Solutions,Depreciation,Budget,-53908.48
2026-08-01,Switzerland,DACH,Industrial Solutions,Other Operating Income,Budget,6085.76
2026-08-01,Switzerland,DACH,Industrial Solutions,Revenue,Forecast,1568202.55
2026-08-01,Switzerland,DACH,Industrial Solutions,Material Costs,Forecast,-587524.4
2026-08-01,Switzerland,DACH,Industrial Solutions,Production Costs,Forecast,-190548.45
2026-08-01,Switzerland,DACH,Industrial Solutions,Personnel Costs,Forecast,-230246.05
2026-08-01,Switzerland,DACH,Industrial Solutions,External Services,Forecast,-79395.19
2026-08-01,Switzerland,DACH,Industrial Solutions,Travel Expenses,Forecast,-18629.17
2026-08-01,Switzerland,DACH,Industrial Solutions,IT Expenses,Forecast,-15261.41
2026-08-01,Switzerland,DACH,Industrial Solutions,Other Operating Expenses,Forecast,-28752.43
2026-08-01,Switzerland,DACH,Industrial Solutions,Depreciation,Forecast,-54887.09
2026-08-01,Switzerland,DACH,Industrial Solutions,Other Operating Income,Forecast,6221.4
2026-08-01,Switzerland,DACH,Services,Revenue,Actual,1019098.19
2026-08-01,Switzerland,DACH,Services,Material Costs,Actual,-184763.85
2026-08-01,Switzerland,DACH,Services,Production Costs,Actual,-82117.27
2026-08-01,Switzerland,DACH,Services,Personnel Costs,Actual,-241219.48
2026-08-01,Switzerland,DACH,Services,External Services,Actual,-76984.94
2026-08-01,Switzerland,DACH,Services,Travel Expenses,Actual,-11796.66
2026-08-01,Switzerland,DACH,Services,IT Expenses,Actual,-10146.21
2026-08-01,Switzerland,DACH,Services,Other Operating Expenses,Actual,-18623.29
2026-08-01,Switzerland,DACH,Services,Depreciation,Actual,-20381.96
2026-08-01,Switzerland,DACH,Services,Other Operating Income,Actual,3822.78
2026-08-01,Switzerland,DACH,Services,Revenue,Budget,965176.26
2026-08-01,Switzerland,DACH,Services,Material Costs,Budget,-173731.73
2026-08-01,Switzerland,DACH,Services,Production Costs,Budget,-77214.1
2026-08-01,Switzerland,DACH,Services,Personnel Costs,Budget,-226816.42
2026-08-01,Switzerland,DACH,Services,External Services,Budget,-72388.22
2026-08-01,Switzerland,DACH,Services,Travel Expenses,Budget,-11651.9
2026-08-01,Switzerland,DACH,Services,IT Expenses,Budget,-9671.22
2026-08-01,Switzerland,DACH,Services,Other Operating Expenses,Budget,-17391.11
2026-08-01,Switzerland,DACH,Services,Depreciation,Budget,-19303.53
2026-08-01,Switzerland,DACH,Services,Other Operating Income,Budget,4020.87
2026-08-01,Switzerland,DACH,Services,Revenue,Forecast,994669.69
2026-08-01,Switzerland,DACH,Services,Material Costs,Forecast,-179759.08
2026-08-01,Switzerland,DACH,Services,Production Costs,Forecast,-79892.92
2026-08-01,Switzerland,DACH,Services,Personnel Costs,Forecast,-234685.47
2026-08-01,Switzerland,DACH,Services,External Services,Forecast,-74899.62
2026-08-01,Switzerland,DACH,Services,Travel Expenses,Forecast,-12465.31
2026-08-01,Switzerland,DACH,Services,IT Expenses,Forecast,-9749.04
2026-08-01,Switzerland,DACH,Services,Other Operating Expenses,Forecast,-17964.89
2026-08-01,Switzerland,DACH,Services,Depreciation,Forecast,-19893.39
2026-08-01,Switzerland,DACH,Services,Other Operating Income,Forecast,3992.12
2026-08-01,Switzerland,DACH,Equipment,Revenue,Actual,1263000.13
2026-08-01,Switzerland,DACH,Equipment,Material Costs,Actual,-542859.16
2026-08-01,Switzerland,DACH,Equipment,Production Costs,Actual,-189369.47
2026-08-01,Switzerland,DACH,Equipment,Personnel Costs,Actual,-151495.58
2026-08-01,Switzerland,DACH,Equipment,External Services,Actual,-50498.53
2026-08-01,Switzerland,DACH,Equipment,Travel Expenses,Actual,-15385.62
2026-08-01,Switzerland,DACH,Equipment,IT Expenses,Actual,-12651.35
2026-08-01,Switzerland,DACH,Equipment,Other Operating Expenses,Actual,-22328.44
2026-08-01,Switzerland,DACH,Equipment,Depreciation,Actual,-56835.01
2026-08-01,Switzerland,DACH,Equipment,Other Operating Income,Actual,4684.06
2026-08-01,Switzerland,DACH,Equipment,Revenue,Budget,1206415.39
2026-08-01,Switzerland,DACH,Equipment,Material Costs,Budget,-518758.62
2026-08-01,Switzerland,DACH,Equipment,Production Costs,Budget,-180962.31
2026-08-01,Switzerland,DACH,Equipment,Personnel Costs,Budget,-144769.85
2026-08-01,Switzerland,DACH,Equipment,External Services,Budget,-48256.62
2026-08-01,Switzerland,DACH,Equipment,Travel Expenses,Budget,-14170.46
2026-08-01,Switzerland,DACH,Equipment,IT Expenses,Budget,-11728.3
2026-08-01,Switzerland,DACH,Equipment,Other Operating Expenses,Budget,-22640.61
2026-08-01,Switzerland,DACH,Equipment,Depreciation,Budget,-54288.69
2026-08-01,Switzerland,DACH,Equipment,Other Operating Income,Budget,4803.44
2026-08-01,Switzerland,DACH,Equipment,Revenue,Forecast,1260551.95
2026-08-01,Switzerland,DACH,Equipment,Material Costs,Forecast,-539787.32
2026-08-01,Switzerland,DACH,Equipment,Production Costs,Forecast,-188297.9
2026-08-01,Switzerland,DACH,Equipment,Personnel Costs,Forecast,-150638.32
2026-08-01,Switzerland,DACH,Equipment,External Services,Forecast,-50212.77
2026-08-01,Switzerland,DACH,Equipment,Travel Expenses,Forecast,-15530.12
2026-08-01,Switzerland,DACH,Equipment,IT Expenses,Forecast,-12322.71
2026-08-01,Switzerland,DACH,Equipment,Other Operating Expenses,Forecast,-22254.93
2026-08-01,Switzerland,DACH,Equipment,Depreciation,Forecast,-56724.84
2026-08-01,Switzerland,DACH,Equipment,Other Operating Income,Forecast,5055.94
2026-09-01,Austria,DACH,Industrial Solutions,Revenue,Actual,2685845.29
2026-09-01,Austria,DACH,Industrial Solutions,Material Costs,Actual,-1030553.14
2026-09-01,Austria,DACH,Industrial Solutions,Production Costs,Actual,-334233.45
2026-09-01,Austria,DACH,Industrial Solutions,Personnel Costs,Actual,-403865.42
2026-09-01,Austria,DACH,Industrial Solutions,External Services,Actual,-139263.94
2026-09-01,Austria,DACH,Industrial Solutions,Travel Expenses,Actual,-32617.13
2026-09-01,Austria,DACH,Industrial Solutions,IT Expenses,Actual,-26966.77
2026-09-01,Austria,DACH,Industrial Solutions,Other Operating Expenses,Actual,-47100.36
2026-09-01,Austria,DACH,Industrial Solutions,Depreciation,Actual,-94004.59
2026-09-01,Austria,DACH,Industrial Solutions,Other Operating Income,Actual,10763.18
2026-09-01,Austria,DACH,Industrial Solutions,Revenue,Budget,2672083.61
2026-09-01,Austria,DACH,Industrial Solutions,Material Costs,Budget,-988670.94
2026-09-01,Austria,DACH,Industrial Solutions,Production Costs,Budget,-320650.03
2026-09-01,Austria,DACH,Industrial Solutions,Personnel Costs,Budget,-387452.12
2026-09-01,Austria,DACH,Industrial Solutions,External Services,Budget,-133604.18
2026-09-01,Austria,DACH,Industrial Solutions,Travel Expenses,Budget,-31032.17
2026-09-01,Austria,DACH,Industrial Solutions,IT Expenses,Budget,-26764.17
2026-09-01,Austria,DACH,Industrial Solutions,Other Operating Expenses,Budget,-47519.56
2026-09-01,Austria,DACH,Industrial Solutions,Depreciation,Budget,-93522.93
2026-09-01,Austria,DACH,Industrial Solutions,Other Operating Income,Budget,11774.0
2026-09-01,Austria,DACH,Industrial Solutions,Revenue,Forecast,2684975.93
2026-09-01,Austria,DACH,Industrial Solutions,Material Costs,Forecast,-992965.5
2026-09-01,Austria,DACH,Industrial Solutions,Production Costs,Forecast,-322042.87
2026-09-01,Austria,DACH,Industrial Solutions,Personnel Costs,Forecast,-389135.13
2026-09-01,Austria,DACH,Industrial Solutions,External Services,Forecast,-134184.53
2026-09-01,Austria,DACH,Industrial Solutions,Travel Expenses,Forecast,-30862.39
2026-09-01,Austria,DACH,Industrial Solutions,IT Expenses,Forecast,-26777.71
2026-09-01,Austria,DACH,Industrial Solutions,Other Operating Expenses,Forecast,-48957.08
2026-09-01,Austria,DACH,Industrial Solutions,Depreciation,Forecast,-93974.16
2026-09-01,Austria,DACH,Industrial Solutions,Other Operating Income,Forecast,11458.77
2026-09-01,Austria,DACH,Services,Revenue,Actual,1558318.65
2026-09-01,Austria,DACH,Services,Material Costs,Actual,-270816.0
2026-09-01,Austria,DACH,Services,Production Costs,Actual,-120362.67
2026-09-01,Austria,DACH,Services,Personnel Costs,Actual,-353565.33
2026-09-01,Austria,DACH,Services,External Services,Actual,-112840.0
2026-09-01,Austria,DACH,Services,Travel Expenses,Actual,-18455.14
2026-09-01,Austria,DACH,Services,IT Expenses,Actual,-15502.9
2026-09-01,Austria,DACH,Services,Other Operating Expenses,Actual,-28000.91
2026-09-01,Austria,DACH,Services,Depreciation,Actual,-31166.37
2026-09-01,Austria,DACH,Services,Other Operating Income,Actual,6405.1
2026-09-01,Austria,DACH,Services,Revenue,Budget,1638017.56
2026-09-01,Austria,DACH,Services,Material Costs,Budget,-294843.16
2026-09-01,Austria,DACH,Services,Production Costs,Budget,-131041.4
2026-09-01,Austria,DACH,Services,Personnel Costs,Budget,-384934.13
2026-09-01,Austria,DACH,Services,External Services,Budget,-122851.32
2026-09-01,Austria,DACH,Services,Travel Expenses,Budget,-19253.08
2026-09-01,Austria,DACH,Services,IT Expenses,Budget,-16290.5
2026-09-01,Austria,DACH,Services,Other Operating Expenses,Budget,-29473.8
2026-09-01,Austria,DACH,Services,Depreciation,Budget,-32760.35
2026-09-01,Austria,DACH,Services,Other Operating Income,Budget,6591.28
2026-09-01,Austria,DACH,Services,Revenue,Forecast,1604600.66
2026-09-01,Austria,DACH,Services,Material Costs,Forecast,-289167.18
2026-09-01,Austria,DACH,Services,Production Costs,Forecast,-128518.75
2026-09-01,Austria,DACH,Services,Personnel Costs,Forecast,-377523.82
2026-09-01,Austria,DACH,Services,External Services,Forecast,-120486.33
2026-09-01,Austria,DACH,Services,Travel Expenses,Forecast,-19507.07
2026-09-01,Austria,DACH,Services,IT Expenses,Forecast,-16316.81
2026-09-01,Austria,DACH,Services,Other Operating Expenses,Forecast,-29166.32
2026-09-01,Austria,DACH,Services,Depreciation,Forecast,-32092.01
2026-09-01,Austria,DACH,Services,Other Operating Income,Forecast,6534.85
2026-09-01,Austria,DACH,Equipment,Revenue,Actual,2093276.36
2026-09-01,Austria,DACH,Equipment,Material Costs,Actual,-916511.99
2026-09-01,Austria,DACH,Equipment,Production Costs,Actual,-319713.49
2026-09-01,Austria,DACH,Equipment,Personnel Costs,Actual,-255770.79
2026-09-01,Austria,DACH,Equipment,External Services,Actual,-85256.93
2026-09-01,Austria,DACH,Equipment,Travel Expenses,Actual,-24597.57
2026-09-01,Austria,DACH,Equipment,IT Expenses,Actual,-20656.85
2026-09-01,Austria,DACH,Equipment,Other Operating Expenses,Actual,-37138.19
2026-09-01,Austria,DACH,Equipment,Depreciation,Actual,-94197.44
2026-09-01,Austria,DACH,Equipment,Other Operating Income,Actual,8552.76
2026-09-01,Austria,DACH,Equipment,Revenue,Budget,2049928.28
2026-09-01,Austria,DACH,Equipment,Material Costs,Budget,-881469.16
2026-09-01,Austria,DACH,Equipment,Production Costs,Budget,-307489.24
2026-09-01,Austria,DACH,Equipment,Personnel Costs,Budget,-245991.39
2026-09-01,Austria,DACH,Equipment,External Services,Budget,-81997.13
2026-09-01,Austria,DACH,Equipment,Travel Expenses,Budget,-25362.12
2026-09-01,Austria,DACH,Equipment,IT Expenses,Budget,-20332.23
2026-09-01,Austria,DACH,Equipment,Other Operating Expenses,Budget,-37736.28
2026-09-01,Austria,DACH,Equipment,Depreciation,Budget,-92246.77
2026-09-01,Austria,DACH,Equipment,Other Operating Income,Budget,8240.21
2026-09-01,Austria,DACH,Equipment,Revenue,Forecast,2081724.83
2026-09-01,Austria,DACH,Equipment,Material Costs,Forecast,-893806.64
2026-09-01,Austria,DACH,Equipment,Production Costs,Forecast,-311793.01
2026-09-01,Austria,DACH,Equipment,Personnel Costs,Forecast,-249434.41
2026-09-01,Austria,DACH,Equipment,External Services,Forecast,-83144.8
2026-09-01,Austria,DACH,Equipment,Travel Expenses,Forecast,-24822.28
2026-09-01,Austria,DACH,Equipment,IT Expenses,Forecast,-21128.1
2026-09-01,Austria,DACH,Equipment,Other Operating Expenses,Forecast,-37776.04
2026-09-01,Austria,DACH,Equipment,Depreciation,Forecast,-93677.62
2026-09-01,Austria,DACH,Equipment,Other Operating Income,Forecast,9084.92
2026-09-01,Germany,DACH,Industrial Solutions,Revenue,Actual,3627938.57
2026-09-01,Germany,DACH,Industrial Solutions,Material Costs,Actual,-1313165.36
2026-09-01,Germany,DACH,Industrial Solutions,Production Costs,Actual,-425891.47
2026-09-01,Germany,DACH,Industrial Solutions,Personnel Costs,Actual,-514618.86
2026-09-01,Germany,DACH,Industrial Solutions,External Services,Actual,-177454.78
2026-09-01,Germany,DACH,Industrial Solutions,Travel Expenses,Actual,-43521.07
2026-09-01,Germany,DACH,Industrial Solutions,IT Expenses,Actual,-36379.05
2026-09-01,Germany,DACH,Industrial Solutions,Other Operating Expenses,Actual,-70067.02
2026-09-01,Germany,DACH,Industrial Solutions,Depreciation,Actual,-126977.85
2026-09-01,Germany,DACH,Industrial Solutions,Other Operating Income,Actual,14404.86
2026-09-01,Germany,DACH,Industrial Solutions,Revenue,Budget,3526881.82
2026-09-01,Germany,DACH,Industrial Solutions,Material Costs,Budget,-1304946.27
2026-09-01,Germany,DACH,Industrial Solutions,Production Costs,Budget,-423225.82
2026-09-01,Germany,DACH,Industrial Solutions,Personnel Costs,Budget,-511397.86
2026-09-01,Germany,DACH,Industrial Solutions,External Services,Budget,-176344.09
2026-09-01,Germany,DACH,Industrial Solutions,Travel Expenses,Budget,-40887.62
2026-09-01,Germany,DACH,Industrial Solutions,IT Expenses,Budget,-35461.39
2026-09-01,Germany,DACH,Industrial Solutions,Other Operating Expenses,Budget,-60191.22
2026-09-01,Germany,DACH,Industrial Solutions,Depreciation,Budget,-123440.86
2026-09-01,Germany,DACH,Industrial Solutions,Other Operating Income,Budget,14055.64
2026-09-01,Germany,DACH,Industrial Solutions,Revenue,Forecast,3567296.29
2026-09-01,Germany,DACH,Industrial Solutions,Material Costs,Forecast,-1320153.45
2026-09-01,Germany,DACH,Industrial Solutions,Production Costs,Forecast,-428157.87
2026-09-01,Germany,DACH,Industrial Solutions,Personnel Costs,Forecast,-517357.43
2026-09-01,Germany,DACH,Industrial Solutions,External Services,Forecast,-178399.11
2026-09-01,Germany,DACH,Industrial Solutions,Travel Expenses,Forecast,-43828.0
2026-09-01,Germany,DACH,Industrial Solutions,IT Expenses,Forecast,-36367.6
2026-09-01,Germany,DACH,Industrial Solutions,Other Operating Expenses,Forecast,-63402.96
2026-09-01,Germany,DACH,Industrial Solutions,Depreciation,Forecast,-124855.37
2026-09-01,Germany,DACH,Industrial Solutions,Other Operating Income,Forecast,14183.22
2026-09-01,Germany,DACH,Services,Revenue,Actual,2235408.52
2026-09-01,Germany,DACH,Services,Material Costs,Actual,-412935.83
2026-09-01,Germany,DACH,Services,Production Costs,Actual,-183527.04
2026-09-01,Germany,DACH,Services,Personnel Costs,Actual,-539110.67
2026-09-01,Germany,DACH,Services,External Services,Actual,-172056.6
2026-09-01,Germany,DACH,Services,Travel Expenses,Actual,-26491.23
2026-09-01,Germany,DACH,Services,IT Expenses,Actual,-21909.16
2026-09-01,Germany,DACH,Services,Other Operating Expenses,Actual,-40790.3
2026-09-01,Germany,DACH,Services,Depreciation,Actual,-44708.17
2026-09-01,Germany,DACH,Services,Other Operating Income,Actual,9585.94
2026-09-01,Germany,DACH,Services,Revenue,Budget,2206602.26
2026-09-01,Germany,DACH,Services,Material Costs,Budget,-397188.41
2026-09-01,Germany,DACH,Services,Production Costs,Budget,-176528.18
2026-09-01,Germany,DACH,Services,Personnel Costs,Budget,-518551.53
2026-09-01,Germany,DACH,Services,External Services,Budget,-165495.17
2026-09-01,Germany,DACH,Services,Travel Expenses,Budget,-25445.28
2026-09-01,Germany,DACH,Services,IT Expenses,Budget,-21248.25
2026-09-01,Germany,DACH,Services,Other Operating Expenses,Budget,-39594.83
2026-09-01,Germany,DACH,Services,Depreciation,Budget,-44132.05
2026-09-01,Germany,DACH,Services,Other Operating Income,Budget,8831.95
2026-09-01,Germany,DACH,Services,Revenue,Forecast,2227955.5
2026-09-01,Germany,DACH,Services,Material Costs,Forecast,-402084.26
2026-09-01,Germany,DACH,Services,Production Costs,Forecast,-178704.12
2026-09-01,Germany,DACH,Services,Personnel Costs,Forecast,-524943.34
2026-09-01,Germany,DACH,Services,External Services,Forecast,-167535.11
2026-09-01,Germany,DACH,Services,Travel Expenses,Forecast,-26377.49
2026-09-01,Germany,DACH,Services,IT Expenses,Forecast,-22190.15
2026-09-01,Germany,DACH,Services,Other Operating Expenses,Forecast,-40471.66
2026-09-01,Germany,DACH,Services,Depreciation,Forecast,-44559.11
2026-09-01,Germany,DACH,Services,Other Operating Income,Forecast,9282.71
2026-09-01,Germany,DACH,Equipment,Revenue,Actual,2784537.15
2026-09-01,Germany,DACH,Equipment,Material Costs,Actual,-1169872.48
2026-09-01,Germany,DACH,Equipment,Production Costs,Actual,-408095.05
2026-09-01,Germany,DACH,Equipment,Personnel Costs,Actual,-326476.04
2026-09-01,Germany,DACH,Equipment,External Services,Actual,-108825.35
2026-09-01,Germany,DACH,Equipment,Travel Expenses,Actual,-35149.83
2026-09-01,Germany,DACH,Equipment,IT Expenses,Actual,-27491.51
2026-09-01,Germany,DACH,Equipment,Other Operating Expenses,Actual,-50069.93
2026-09-01,Germany,DACH,Equipment,Depreciation,Actual,-125304.17
2026-09-01,Germany,DACH,Equipment,Other Operating Income,Actual,11385.87
2026-09-01,Germany,DACH,Equipment,Revenue,Budget,2754782.45
2026-09-01,Germany,DACH,Equipment,Material Costs,Budget,-1184556.45
2026-09-01,Germany,DACH,Equipment,Production Costs,Budget,-413217.37
2026-09-01,Germany,DACH,Equipment,Personnel Costs,Budget,-330573.89
2026-09-01,Germany,DACH,Equipment,External Services,Budget,-110191.3
2026-09-01,Germany,DACH,Equipment,Travel Expenses,Budget,-32471.0
2026-09-01,Germany,DACH,Equipment,IT Expenses,Budget,-26530.44
2026-09-01,Germany,DACH,Equipment,Other Operating Expenses,Budget,-49054.7
2026-09-01,Germany,DACH,Equipment,Depreciation,Budget,-123965.21
2026-09-01,Germany,DACH,Equipment,Other Operating Income,Budget,11472.87
2026-09-01,Germany,DACH,Equipment,Revenue,Forecast,2775887.5
2026-09-01,Germany,DACH,Equipment,Material Costs,Forecast,-1188806.08
2026-09-01,Germany,DACH,Equipment,Production Costs,Forecast,-414699.8
2026-09-01,Germany,DACH,Equipment,Personnel Costs,Forecast,-331759.84
2026-09-01,Germany,DACH,Equipment,External Services,Forecast,-110586.61
2026-09-01,Germany,DACH,Equipment,Travel Expenses,Forecast,-32464.79
2026-09-01,Germany,DACH,Equipment,IT Expenses,Forecast,-28272.79
2026-09-01,Germany,DACH,Equipment,Other Operating Expenses,Forecast,-49552.79
2026-09-01,Germany,DACH,Equipment,Depreciation,Forecast,-124914.94
2026-09-01,Germany,DACH,Equipment,Other Operating Income,Forecast,10876.97
2026-09-01,France,Western Europe,Industrial Solutions,Revenue,Actual,2981772.41
2026-09-01,France,Western Europe,Industrial Solutions,Material Costs,Actual,-1126072.12
2026-09-01,France,Western Europe,Industrial Solutions,Production Costs,Actual,-365212.58
2026-09-01,France,Western Europe,Industrial Solutions,Personnel Costs,Actual,-441298.53
2026-09-01,France,Western Europe,Industrial Solutions,External Services,Actual,-152171.91
2026-09-01,France,Western Europe,Industrial Solutions,Travel Expenses,Actual,-37026.29
2026-09-01,France,Western Europe,Industrial Solutions,IT Expenses,Actual,-29515.99
2026-09-01,France,Western Europe,Industrial Solutions,Other Operating Expenses,Actual,-52295.4
2026-09-01,France,Western Europe,Industrial Solutions,Depreciation,Actual,-104362.03
2026-09-01,France,Western Europe,Industrial Solutions,Other Operating Income,Actual,11956.83
2026-09-01,France,Western Europe,Industrial Solutions,Revenue,Budget,2908655.5
2026-09-01,France,Western Europe,Industrial Solutions,Material Costs,Budget,-1076202.53
2026-09-01,France,Western Europe,Industrial Solutions,Production Costs,Budget,-349038.66
2026-09-01,France,Western Europe,Industrial Solutions,Personnel Costs,Budget,-421755.05
2026-09-01,France,Western Europe,Industrial Solutions,External Services,Budget,-145432.77
2026-09-01,France,Western Europe,Industrial Solutions,Travel Expenses,Budget,-35016.09
2026-09-01,France,Western Europe,Industrial Solutions,IT Expenses,Budget,-28459.15
2026-09-01,France,Western Europe,Industrial Solutions,Other Operating Expenses,Budget,-52126.36
2026-09-01,France,Western Europe,Industrial Solutions,Depreciation,Budget,-101802.94
2026-09-01,France,Western Europe,Industrial Solutions,Other Operating Income,Budget,11820.46
2026-09-01,France,Western Europe,Industrial Solutions,Revenue,Forecast,3005056.7
2026-09-01,France,Western Europe,Industrial Solutions,Material Costs,Forecast,-1116679.51
2026-09-01,France,Western Europe,Industrial Solutions,Production Costs,Forecast,-362166.33
2026-09-01,France,Western Europe,Industrial Solutions,Personnel Costs,Forecast,-437617.65
2026-09-01,France,Western Europe,Industrial Solutions,External Services,Forecast,-150902.64
2026-09-01,France,Western Europe,Industrial Solutions,Travel Expenses,Forecast,-36606.23
2026-09-01,France,Western Europe,Industrial Solutions,IT Expenses,Forecast,-30225.44
2026-09-01,France,Western Europe,Industrial Solutions,Other Operating Expenses,Forecast,-53405.41
2026-09-01,France,Western Europe,Industrial Solutions,Depreciation,Forecast,-105176.98
2026-09-01,France,Western Europe,Industrial Solutions,Other Operating Income,Forecast,11773.14
2026-09-01,France,Western Europe,Services,Revenue,Actual,1928011.44
2026-09-01,France,Western Europe,Services,Material Costs,Actual,-345091.22
2026-09-01,France,Western Europe,Services,Production Costs,Actual,-153373.88
2026-09-01,France,Western Europe,Services,Personnel Costs,Actual,-450535.76
2026-09-01,France,Western Europe,Services,External Services,Actual,-143788.01
2026-09-01,France,Western Europe,Services,Travel Expenses,Actual,-22491.48
2026-09-01,France,Western Europe,Services,IT Expenses,Actual,-20412.11
2026-09-01,France,Western Europe,Services,Other Operating Expenses,Actual,-33772.98
2026-09-01,France,Western Europe,Services,Depreciation,Actual,-38560.23
2026-09-01,France,Western Europe,Services,Other Operating Income,Actual,7579.75
2026-09-01,France,Western Europe,Services,Revenue,Budget,1788546.95
2026-09-01,France,Western Europe,Services,Material Costs,Budget,-321938.45
2026-09-01,France,Western Europe,Services,Production Costs,Budget,-143083.76
2026-09-01,France,Western Europe,Services,Personnel Costs,Budget,-420308.53
2026-09-01,France,Western Europe,Services,External Services,Budget,-134141.02
2026-09-01,France,Western Europe,Services,Travel Expenses,Budget,-21730.31
2026-09-01,France,Western Europe,Services,IT Expenses,Budget,-18100.17
2026-09-01,France,Western Europe,Services,Other Operating Expenses,Budget,-32964.83
2026-09-01,France,Western Europe,Services,Depreciation,Budget,-35770.94
2026-09-01,France,Western Europe,Services,Other Operating Income,Budget,7671.47
2026-09-01,France,Western Europe,Services,Revenue,Forecast,1865453.13
2026-09-01,France,Western Europe,Services,Material Costs,Forecast,-337821.06
2026-09-01,France,Western Europe,Services,Production Costs,Forecast,-150142.7
2026-09-01,France,Western Europe,Services,Personnel Costs,Forecast,-441044.17
2026-09-01,France,Western Europe,Services,External Services,Forecast,-140758.78
2026-09-01,France,Western Europe,Services,Travel Expenses,Forecast,-21676.25
2026-09-01,France,Western Europe,Services,IT Expenses,Forecast,-18558.67
2026-09-01,France,Western Europe,Services,Other Operating Expenses,Forecast,-33836.57
2026-09-01,France,Western Europe,Services,Depreciation,Forecast,-37309.06
2026-09-01,France,Western Europe,Services,Other Operating Income,Forecast,8079.12
2026-09-01,France,Western Europe,Equipment,Revenue,Actual,2239614.97
2026-09-01,France,Western Europe,Equipment,Material Costs,Actual,-983205.93
2026-09-01,France,Western Europe,Equipment,Production Costs,Actual,-342978.81
2026-09-01,France,Western Europe,Equipment,Personnel Costs,Actual,-274383.05
2026-09-01,France,Western Europe,Equipment,External Services,Actual,-91461.02
2026-09-01,France,Western Europe,Equipment,Travel Expenses,Actual,-26793.15
2026-09-01,France,Western Europe,Equipment,IT Expenses,Actual,-22018.8
2026-09-01,France,Western Europe,Equipment,Other Operating Expenses,Actual,-41069.82
2026-09-01,France,Western Europe,Equipment,Depreciation,Actual,-100782.67
2026-09-01,France,Western Europe,Equipment,Other Operating Income,Actual,9192.97
2026-09-01,France,Western Europe,Equipment,Revenue,Budget,2260007.86
2026-09-01,France,Western Europe,Equipment,Material Costs,Budget,-971803.38
2026-09-01,France,Western Europe,Equipment,Production Costs,Budget,-339001.18
2026-09-01,France,Western Europe,Equipment,Personnel Costs,Budget,-271200.94
2026-09-01,France,Western Europe,Equipment,External Services,Budget,-90400.31
2026-09-01,France,Western Europe,Equipment,Travel Expenses,Budget,-27910.96
2026-09-01,France,Western Europe,Equipment,IT Expenses,Budget,-22594.06
2026-09-01,France,Western Europe,Equipment,Other Operating Expenses,Budget,-40070.12
2026-09-01,France,Western Europe,Equipment,Depreciation,Budget,-101700.35
2026-09-01,France,Western Europe,Equipment,Other Operating Income,Budget,8476.37
2026-09-01,France,Western Europe,Equipment,Revenue,Forecast,2252028.49
2026-09-01,France,Western Europe,Equipment,Material Costs,Forecast,-977893.75
2026-09-01,France,Western Europe,Equipment,Production Costs,Forecast,-341125.73
2026-09-01,France,Western Europe,Equipment,Personnel Costs,Forecast,-272900.58
2026-09-01,France,Western Europe,Equipment,External Services,Forecast,-90966.86
2026-09-01,France,Western Europe,Equipment,Travel Expenses,Forecast,-27368.0
2026-09-01,France,Western Europe,Equipment,IT Expenses,Forecast,-22085.29
2026-09-01,France,Western Europe,Equipment,Other Operating Expenses,Forecast,-39990.72
2026-09-01,France,Western Europe,Equipment,Depreciation,Forecast,-101341.28
2026-09-01,France,Western Europe,Equipment,Other Operating Income,Forecast,8839.93
2026-09-01,Italy,Southern Europe,Industrial Solutions,Revenue,Actual,2051167.12
2026-09-01,Italy,Southern Europe,Industrial Solutions,Material Costs,Actual,-751105.75
2026-09-01,Italy,Southern Europe,Industrial Solutions,Production Costs,Actual,-243601.86
2026-09-01,Italy,Southern Europe,Industrial Solutions,Personnel Costs,Actual,-294352.25
2026-09-01,Italy,Southern Europe,Industrial Solutions,External Services,Actual,-101500.78
2026-09-01,Italy,Southern Europe,Industrial Solutions,Travel Expenses,Actual,-24068.54
2026-09-01,Italy,Southern Europe,Industrial Solutions,IT Expenses,Actual,-19844.22
2026-09-01,Italy,Southern Europe,Industrial Solutions,Other Operating Expenses,Actual,-38787.91
2026-09-01,Italy,Southern Europe,Industrial Solutions,Depreciation,Actual,-71790.85
2026-09-01,Italy,Southern Europe,Industrial Solutions,Other Operating Income,Actual,8615.74
2026-09-01,Italy,Southern Europe,Industrial Solutions,Revenue,Budget,2074021.1
2026-09-01,Italy,Southern Europe,Industrial Solutions,Material Costs,Budget,-767387.81
2026-09-01,Italy,Southern Europe,Industrial Solutions,Production Costs,Budget,-248882.53
2026-09-01,Italy,Southern Europe,Industrial Solutions,Personnel Costs,Budget,-300733.06
2026-09-01,Italy,Southern Europe,Industrial Solutions,External Services,Budget,-103701.06
2026-09-01,Italy,Southern Europe,Industrial Solutions,Travel Expenses,Budget,-24306.6
2026-09-01,Italy,Southern Europe,Industrial Solutions,IT Expenses,Budget,-20853.21
2026-09-01,Italy,Southern Europe,Industrial Solutions,Other Operating Expenses,Budget,-37722.0
2026-09-01,Italy,Southern Europe,Industrial Solutions,Depreciation,Budget,-72590.74
2026-09-01,Italy,Southern Europe,Industrial Solutions,Other Operating Income,Budget,8691.34
2026-09-01,Italy,Southern Europe,Industrial Solutions,Revenue,Forecast,2042752.72
2026-09-01,Italy,Southern Europe,Industrial Solutions,Material Costs,Forecast,-748393.91
2026-09-01,Italy,Southern Europe,Industrial Solutions,Production Costs,Forecast,-242722.35
2026-09-01,Italy,Southern Europe,Industrial Solutions,Personnel Costs,Forecast,-293289.5
2026-09-01,Italy,Southern Europe,Industrial Solutions,External Services,Forecast,-101134.31
2026-09-01,Italy,Southern Europe,Industrial Solutions,Travel Expenses,Forecast,-25316.16
2026-09-01,Italy,Southern Europe,Industrial Solutions,IT Expenses,Forecast,-20203.68
2026-09-01,Italy,Southern Europe,Industrial Solutions,Other Operating Expenses,Forecast,-35541.57
2026-09-01,Italy,Southern Europe,Industrial Solutions,Depreciation,Forecast,-71496.35
2026-09-01,Italy,Southern Europe,Industrial Solutions,Other Operating Income,Forecast,8407.69
2026-09-01,Italy,Southern Europe,Services,Revenue,Actual,1439287.88
2026-09-01,Italy,Southern Europe,Services,Material Costs,Actual,-263598.58
2026-09-01,Italy,Southern Europe,Services,Production Costs,Actual,-117154.92
2026-09-01,Italy,Southern Europe,Services,Personnel Costs,Actual,-344142.59
2026-09-01,Italy,Southern Europe,Services,External Services,Actual,-109832.74
2026-09-01,Italy,Southern Europe,Services,Travel Expenses,Actual,-17059.12
2026-09-01,Italy,Southern Europe,Services,IT Expenses,Actual,-14618.37
2026-09-01,Italy,Southern Europe,Services,Other Operating Expenses,Actual,-24954.78
2026-09-01,Italy,Southern Europe,Services,Depreciation,Actual,-28785.76
2026-09-01,Italy,Southern Europe,Services,Other Operating Income,Actual,5466.35
2026-09-01,Italy,Southern Europe,Services,Revenue,Budget,1340190.93
2026-09-01,Italy,Southern Europe,Services,Material Costs,Budget,-241234.37
2026-09-01,Italy,Southern Europe,Services,Production Costs,Budget,-107215.27
2026-09-01,Italy,Southern Europe,Services,Personnel Costs,Budget,-314944.87
2026-09-01,Italy,Southern Europe,Services,External Services,Budget,-100514.32
2026-09-01,Italy,Southern Europe,Services,Travel Expenses,Budget,-15707.96
2026-09-01,Italy,Southern Europe,Services,IT Expenses,Budget,-13423.07
2026-09-01,Italy,Southern Europe,Services,Other Operating Expenses,Budget,-23736.81
2026-09-01,Italy,Southern Europe,Services,Depreciation,Budget,-26803.82
2026-09-01,Italy,Southern Europe,Services,Other Operating Income,Budget,5502.09
2026-09-01,Italy,Southern Europe,Services,Revenue,Forecast,1381308.25
2026-09-01,Italy,Southern Europe,Services,Material Costs,Forecast,-251699.35
2026-09-01,Italy,Southern Europe,Services,Production Costs,Forecast,-111866.38
2026-09-01,Italy,Southern Europe,Services,Personnel Costs,Forecast,-328607.49
2026-09-01,Italy,Southern Europe,Services,External Services,Forecast,-104874.73
2026-09-01,Italy,Southern Europe,Services,Travel Expenses,Forecast,-16873.85
2026-09-01,Italy,Southern Europe,Services,IT Expenses,Forecast,-14260.29
2026-09-01,Italy,Southern Europe,Services,Other Operating Expenses,Forecast,-25122.02
2026-09-01,Italy,Southern Europe,Services,Depreciation,Forecast,-27626.17
2026-09-01,Italy,Southern Europe,Services,Other Operating Income,Forecast,5256.29
2026-09-01,Italy,Southern Europe,Equipment,Revenue,Actual,1636275.31
2026-09-01,Italy,Southern Europe,Equipment,Material Costs,Actual,-731280.3
2026-09-01,Italy,Southern Europe,Equipment,Production Costs,Actual,-255097.78
2026-09-01,Italy,Southern Europe,Equipment,Personnel Costs,Actual,-204078.22
2026-09-01,Italy,Southern Europe,Equipment,External Services,Actual,-68026.07
2026-09-01,Italy,Southern Europe,Equipment,Travel Expenses,Actual,-19904.32
2026-09-01,Italy,Southern Europe,Equipment,IT Expenses,Actual,-15873.13
2026-09-01,Italy,Southern Europe,Equipment,Other Operating Expenses,Actual,-28776.85
2026-09-01,Italy,Southern Europe,Equipment,Depreciation,Actual,-73632.39
2026-09-01,Italy,Southern Europe,Equipment,Other Operating Income,Actual,6891.4
2026-09-01,Italy,Southern Europe,Equipment,Revenue,Budget,1699031.91
2026-09-01,Italy,Southern Europe,Equipment,Material Costs,Budget,-730583.72
2026-09-01,Italy,Southern Europe,Equipment,Production Costs,Budget,-254854.79
2026-09-01,Italy,Southern Europe,Equipment,Personnel Costs,Budget,-203883.83
2026-09-01,Italy,Southern Europe,Equipment,External Services,Budget,-67961.28
2026-09-01,Italy,Southern Europe,Equipment,Travel Expenses,Budget,-20284.94
2026-09-01,Italy,Southern Europe,Equipment,IT Expenses,Budget,-17017.36
2026-09-01,Italy,Southern Europe,Equipment,Other Operating Expenses,Budget,-31162.74
2026-09-01,Italy,Southern Europe,Equipment,Depreciation,Budget,-76456.44
2026-09-01,Italy,Southern Europe,Equipment,Other Operating Income,Budget,6985.42
2026-09-01,Italy,Southern Europe,Equipment,Revenue,Forecast,1676639.02
2026-09-01,Italy,Southern Europe,Equipment,Material Costs,Forecast,-723366.81
2026-09-01,Italy,Southern Europe,Equipment,Production Costs,Forecast,-252337.26
2026-09-01,Italy,Southern Europe,Equipment,Personnel Costs,Forecast,-201869.81
2026-09-01,Italy,Southern Europe,Equipment,External Services,Forecast,-67289.94
2026-09-01,Italy,Southern Europe,Equipment,Travel Expenses,Forecast,-19993.72
2026-09-01,Italy,Southern Europe,Equipment,IT Expenses,Forecast,-16661.54
2026-09-01,Italy,Southern Europe,Equipment,Other Operating Expenses,Forecast,-30826.78
2026-09-01,Italy,Southern Europe,Equipment,Depreciation,Forecast,-75448.76
2026-09-01,Italy,Southern Europe,Equipment,Other Operating Income,Forecast,6855.06
2026-09-01,Switzerland,DACH,Industrial Solutions,Revenue,Actual,2054599.94
2026-09-01,Switzerland,DACH,Industrial Solutions,Material Costs,Actual,-744016.09
2026-09-01,Switzerland,DACH,Industrial Solutions,Production Costs,Actual,-241302.52
2026-09-01,Switzerland,DACH,Industrial Solutions,Personnel Costs,Actual,-291573.87
2026-09-01,Switzerland,DACH,Industrial Solutions,External Services,Actual,-100542.72
2026-09-01,Switzerland,DACH,Industrial Solutions,Travel Expenses,Actual,-24093.82
2026-09-01,Switzerland,DACH,Industrial Solutions,IT Expenses,Actual,-20143.82
2026-09-01,Switzerland,DACH,Industrial Solutions,Other Operating Expenses,Actual,-36730.94
2026-09-01,Switzerland,DACH,Industrial Solutions,Depreciation,Actual,-71911.0
2026-09-01,Switzerland,DACH,Industrial Solutions,Other Operating Income,Actual,8623.97
2026-09-01,Switzerland,DACH,Industrial Solutions,Revenue,Budget,1973511.51
2026-09-01,Switzerland,DACH,Industrial Solutions,Material Costs,Budget,-730199.26
2026-09-01,Switzerland,DACH,Industrial Solutions,Production Costs,Budget,-236821.38
2026-09-01,Switzerland,DACH,Industrial Solutions,Personnel Costs,Budget,-286159.17
2026-09-01,Switzerland,DACH,Industrial Solutions,External Services,Budget,-98675.58
2026-09-01,Switzerland,DACH,Industrial Solutions,Travel Expenses,Budget,-23110.15
2026-09-01,Switzerland,DACH,Industrial Solutions,IT Expenses,Budget,-19809.51
2026-09-01,Switzerland,DACH,Industrial Solutions,Other Operating Expenses,Budget,-34940.01
2026-09-01,Switzerland,DACH,Industrial Solutions,Depreciation,Budget,-69072.9
2026-09-01,Switzerland,DACH,Industrial Solutions,Other Operating Income,Budget,7811.85
2026-09-01,Switzerland,DACH,Industrial Solutions,Revenue,Forecast,2016026.9
2026-09-01,Switzerland,DACH,Industrial Solutions,Material Costs,Forecast,-732413.34
2026-09-01,Switzerland,DACH,Industrial Solutions,Production Costs,Forecast,-237539.46
2026-09-01,Switzerland,DACH,Industrial Solutions,Personnel Costs,Forecast,-287026.85
2026-09-01,Switzerland,DACH,Industrial Solutions,External Services,Forecast,-98974.78
2026-09-01,Switzerland,DACH,Industrial Solutions,Travel Expenses,Forecast,-24032.26
2026-09-01,Switzerland,DACH,Industrial Solutions,IT Expenses,Forecast,-20082.17
2026-09-01,Switzerland,DACH,Industrial Solutions,Other Operating Expenses,Forecast,-36778.64
2026-09-01,Switzerland,DACH,Industrial Solutions,Depreciation,Forecast,-70560.94
2026-09-01,Switzerland,DACH,Industrial Solutions,Other Operating Income,Forecast,8136.13
2026-09-01,Switzerland,DACH,Services,Revenue,Actual,1284215.29
2026-09-01,Switzerland,DACH,Services,Material Costs,Actual,-232305.26
2026-09-01,Switzerland,DACH,Services,Production Costs,Actual,-103246.78
2026-09-01,Switzerland,DACH,Services,Personnel Costs,Actual,-303287.43
2026-09-01,Switzerland,DACH,Services,External Services,Actual,-96793.86
2026-09-01,Switzerland,DACH,Services,Travel Expenses,Actual,-15406.34
2026-09-01,Switzerland,DACH,Services,IT Expenses,Actual,-12709.17
2026-09-01,Switzerland,DACH,Services,Other Operating Expenses,Actual,-23241.74
2026-09-01,Switzerland,DACH,Services,Depreciation,Actual,-25684.31
2026-09-01,Switzerland,DACH,Services,Other Operating Income,Actual,5234.58
2026-09-01,Switzerland,DACH,Services,Revenue,Budget,1219472.13
2026-09-01,Switzerland,DACH,Services,Material Costs,Budget,-219504.98
2026-09-01,Switzerland,DACH,Services,Production Costs,Budget,-97557.77
2026-09-01,Switzerland,DACH,Services,Personnel Costs,Budget,-286575.95
2026-09-01,Switzerland,DACH,Services,External Services,Budget,-91460.41
2026-09-01,Switzerland,DACH,Services,Travel Expenses,Budget,-13866.76
2026-09-01,Switzerland,DACH,Services,IT Expenses,Budget,-12063.32
2026-09-01,Switzerland,DACH,Services,Other Operating Expenses,Budget,-21810.59
2026-09-01,Switzerland,DACH,Services,Depreciation,Budget,-24389.44
2026-09-01,Switzerland,DACH,Services,Other Operating Income,Budget,4927.87
2026-09-01,Switzerland,DACH,Services,Revenue,Forecast,1257192.45
2026-09-01,Switzerland,DACH,Services,Material Costs,Forecast,-229535.12
2026-09-01,Switzerland,DACH,Services,Production Costs,Forecast,-102015.61
2026-09-01,Switzerland,DACH,Services,Personnel Costs,Forecast,-299670.85
2026-09-01,Switzerland,DACH,Services,External Services,Forecast,-95639.63
2026-09-01,Switzerland,DACH,Services,Travel Expenses,Forecast,-14737.03
2026-09-01,Switzerland,DACH,Services,IT Expenses,Forecast,-12446.72
2026-09-01,Switzerland,DACH,Services,Other Operating Expenses,Forecast,-22339.5
2026-09-01,Switzerland,DACH,Services,Depreciation,Forecast,-25143.85
2026-09-01,Switzerland,DACH,Services,Other Operating Income,Forecast,4867.54
2026-09-01,Switzerland,DACH,Equipment,Revenue,Actual,1609482.28
2026-09-01,Switzerland,DACH,Equipment,Material Costs,Actual,-699479.4
2026-09-01,Switzerland,DACH,Equipment,Production Costs,Actual,-244004.44
2026-09-01,Switzerland,DACH,Equipment,Personnel Costs,Actual,-195203.55
2026-09-01,Switzerland,DACH,Equipment,External Services,Actual,-65067.85
2026-09-01,Switzerland,DACH,Equipment,Travel Expenses,Actual,-18327.68
2026-09-01,Switzerland,DACH,Equipment,IT Expenses,Actual,-15914.13
2026-09-01,Switzerland,DACH,Equipment,Other Operating Expenses,Actual,-28732.04
2026-09-01,Switzerland,DACH,Equipment,Depreciation,Actual,-72426.7
2026-09-01,Switzerland,DACH,Equipment,Other Operating Income,Actual,6869.23
2026-09-01,Switzerland,DACH,Equipment,Revenue,Budget,1560672.84
2026-09-01,Switzerland,DACH,Equipment,Material Costs,Budget,-671089.32
2026-09-01,Switzerland,DACH,Equipment,Production Costs,Budget,-234100.93
2026-09-01,Switzerland,DACH,Equipment,Personnel Costs,Budget,-187280.74
2026-09-01,Switzerland,DACH,Equipment,External Services,Budget,-62426.91
2026-09-01,Switzerland,DACH,Equipment,Travel Expenses,Budget,-18573.68
2026-09-01,Switzerland,DACH,Equipment,IT Expenses,Budget,-14919.64
2026-09-01,Switzerland,DACH,Equipment,Other Operating Expenses,Budget,-26688.29
2026-09-01,Switzerland,DACH,Equipment,Depreciation,Budget,-70230.28
2026-09-01,Switzerland,DACH,Equipment,Other Operating Income,Budget,6251.19
2026-09-01,Switzerland,DACH,Equipment,Revenue,Forecast,1574134.17
2026-09-01,Switzerland,DACH,Equipment,Material Costs,Forecast,-681863.07
2026-09-01,Switzerland,DACH,Equipment,Production Costs,Forecast,-237859.21
2026-09-01,Switzerland,DACH,Equipment,Personnel Costs,Forecast,-190287.37
2026-09-01,Switzerland,DACH,Equipment,External Services,Forecast,-63429.12
2026-09-01,Switzerland,DACH,Equipment,Travel Expenses,Forecast,-19102.38
2026-09-01,Switzerland,DACH,Equipment,IT Expenses,Forecast,-15794.1
2026-09-01,Switzerland,DACH,Equipment,Other Operating Expenses,Forecast,-29157.71
2026-09-01,Switzerland,DACH,Equipment,Depreciation,Forecast,-70836.04
2026-09-01,Switzerland,DACH,Equipment,Other Operating Income,Forecast,6160.63
2026-10-01,Austria,DACH,Industrial Solutions,Revenue,Actual,2563629.64
2026-10-01,Austria,DACH,Industrial Solutions,Material Costs,Actual,-937390.76
2026-10-01,Austria,DACH,Industrial Solutions,Production Costs,Actual,-304018.63
2026-10-01,Austria,DACH,Industrial Solutions,Personnel Costs,Actual,-367355.84
2026-10-01,Austria,DACH,Industrial Solutions,External Services,Actual,-126674.43
2026-10-01,Austria,DACH,Industrial Solutions,Travel Expenses,Actual,-30509.9
2026-10-01,Austria,DACH,Industrial Solutions,IT Expenses,Actual,-25612.58
2026-10-01,Austria,DACH,Industrial Solutions,Other Operating Expenses,Actual,-46276.96
2026-10-01,Austria,DACH,Industrial Solutions,Depreciation,Actual,-89727.04
2026-10-01,Austria,DACH,Industrial Solutions,Other Operating Income,Actual,10279.9
2026-10-01,Austria,DACH,Industrial Solutions,Revenue,Budget,2748135.18
2026-10-01,Austria,DACH,Industrial Solutions,Material Costs,Budget,-1016810.02
2026-10-01,Austria,DACH,Industrial Solutions,Production Costs,Budget,-329776.22
2026-10-01,Austria,DACH,Industrial Solutions,Personnel Costs,Budget,-398479.6
2026-10-01,Austria,DACH,Industrial Solutions,External Services,Budget,-137406.76
2026-10-01,Austria,DACH,Industrial Solutions,Travel Expenses,Budget,-32059.97
2026-10-01,Austria,DACH,Industrial Solutions,IT Expenses,Budget,-27376.79
2026-10-01,Austria,DACH,Industrial Solutions,Other Operating Expenses,Budget,-47614.6
2026-10-01,Austria,DACH,Industrial Solutions,Depreciation,Budget,-96184.73
2026-10-01,Austria,DACH,Industrial Solutions,Other Operating Income,Budget,11591.95
2026-10-01,Austria,DACH,Industrial Solutions,Revenue,Forecast,2627496.44
2026-10-01,Austria,DACH,Industrial Solutions,Material Costs,Forecast,-968631.56
2026-10-01,Austria,DACH,Industrial Solutions,Production Costs,Forecast,-314150.77
2026-10-01,Austria,DACH,Industrial Solutions,Personnel Costs,Forecast,-379598.85
2026-10-01,Austria,DACH,Industrial Solutions,External Services,Forecast,-130896.16
2026-10-01,Austria,DACH,Industrial Solutions,Travel Expenses,Forecast,-31067.52
2026-10-01,Austria,DACH,Industrial Solutions,IT Expenses,Forecast,-27109.95
2026-10-01,Austria,DACH,Industrial Solutions,Other Operating Expenses,Forecast,-45826.14
2026-10-01,Austria,DACH,Industrial Solutions,Depreciation,Forecast,-91962.38
2026-10-01,Austria,DACH,Industrial Solutions,Other Operating Income,Forecast,10036.79
2026-10-01,Austria,DACH,Services,Revenue,Actual,1695298.68
2026-10-01,Austria,DACH,Services,Material Costs,Actual,-310796.63
2026-10-01,Austria,DACH,Services,Production Costs,Actual,-138131.84
2026-10-01,Austria,DACH,Services,Personnel Costs,Actual,-405762.27
2026-10-01,Austria,DACH,Services,External Services,Actual,-129498.6
2026-10-01,Austria,DACH,Services,Travel Expenses,Actual,-21913.29
2026-10-01,Austria,DACH,Services,IT Expenses,Actual,-16190.29
2026-10-01,Austria,DACH,Services,Other Operating Expenses,Actual,-30979.77
2026-10-01,Austria,DACH,Services,Depreciation,Actual,-33905.97
2026-10-01,Austria,DACH,Services,Other Operating Income,Actual,6630.07
2026-10-01,Austria,DACH,Services,Revenue,Budget,1676981.3
2026-10-01,Austria,DACH,Services,Material Costs,Budget,-301856.63
2026-10-01,Austria,DACH,Services,Production Costs,Budget,-134158.5
2026-10-01,Austria,DACH,Services,Personnel Costs,Budget,-394090.6
2026-10-01,Austria,DACH,Services,External Services,Budget,-125773.6
2026-10-01,Austria,DACH,Services,Travel Expenses,Budget,-19769.75
2026-10-01,Austria,DACH,Services,IT Expenses,Budget,-16561.94
2026-10-01,Austria,DACH,Services,Other Operating Expenses,Budget,-29499.87
2026-10-01,Austria,DACH,Services,Depreciation,Budget,-33539.63
2026-10-01,Austria,DACH,Services,Other Operating Income,Budget,7159.91
2026-10-01,Austria,DACH,Services,Revenue,Forecast,1692881.35
2026-10-01,Austria,DACH,Services,Material Costs,Forecast,-307798.61
2026-10-01,Austria,DACH,Services,Production Costs,Forecast,-136799.38
2026-10-01,Austria,DACH,Services,Personnel Costs,Forecast,-401848.18
2026-10-01,Austria,DACH,Services,External Services,Forecast,-128249.42
2026-10-01,Austria,DACH,Services,Travel Expenses,Forecast,-20328.71
2026-10-01,Austria,DACH,Services,IT Expenses,Forecast,-17386.24
2026-10-01,Austria,DACH,Services,Other Operating Expenses,Forecast,-29319.62
2026-10-01,Austria,DACH,Services,Depreciation,Forecast,-33857.63
2026-10-01,Austria,DACH,Services,Other Operating Income,Forecast,6411.09
2026-10-01,Austria,DACH,Equipment,Revenue,Actual,2099799.63
2026-10-01,Austria,DACH,Equipment,Material Costs,Actual,-905235.65
2026-10-01,Austria,DACH,Equipment,Production Costs,Actual,-315779.88
2026-10-01,Austria,DACH,Equipment,Personnel Costs,Actual,-252623.9
2026-10-01,Austria,DACH,Equipment,External Services,Actual,-84207.97
2026-10-01,Austria,DACH,Equipment,Travel Expenses,Actual,-25310.49
2026-10-01,Austria,DACH,Equipment,IT Expenses,Actual,-20405.41
2026-10-01,Austria,DACH,Equipment,Other Operating Expenses,Actual,-38555.3
2026-10-01,Austria,DACH,Equipment,Depreciation,Actual,-94490.98
2026-10-01,Austria,DACH,Equipment,Other Operating Income,Actual,8479.71
2026-10-01,Austria,DACH,Equipment,Revenue,Budget,2096234.88
2026-10-01,Austria,DACH,Equipment,Material Costs,Budget,-901381.0
2026-10-01,Austria,DACH,Equipment,Production Costs,Budget,-314435.23
2026-10-01,Austria,DACH,Equipment,Personnel Costs,Budget,-251548.19
2026-10-01,Austria,DACH,Equipment,External Services,Budget,-83849.4
2026-10-01,Austria,DACH,Equipment,Travel Expenses,Budget,-25708.01
2026-10-01,Austria,DACH,Equipment,IT Expenses,Budget,-20168.81
2026-10-01,Austria,DACH,Equipment,Other Operating Expenses,Budget,-38026.06
2026-10-01,Austria,DACH,Equipment,Depreciation,Budget,-94330.57
2026-10-01,Austria,DACH,Equipment,Other Operating Income,Budget,7986.57
2026-10-01,Austria,DACH,Equipment,Revenue,Forecast,2100909.7
2026-10-01,Austria,DACH,Equipment,Material Costs,Forecast,-899083.91
2026-10-01,Austria,DACH,Equipment,Production Costs,Forecast,-313633.92
2026-10-01,Austria,DACH,Equipment,Personnel Costs,Forecast,-250907.14
2026-10-01,Austria,DACH,Equipment,External Services,Forecast,-83635.71
2026-10-01,Austria,DACH,Equipment,Travel Expenses,Forecast,-25615.07
2026-10-01,Austria,DACH,Equipment,IT Expenses,Forecast,-21047.37
2026-10-01,Austria,DACH,Equipment,Other Operating Expenses,Forecast,-37011.32
2026-10-01,Austria,DACH,Equipment,Depreciation,Forecast,-94540.94
2026-10-01,Austria,DACH,Equipment,Other Operating Income,Forecast,8405.75
2026-10-01,Germany,DACH,Industrial Solutions,Revenue,Actual,3818339.15
2026-10-01,Germany,DACH,Industrial Solutions,Material Costs,Actual,-1452292.26
2026-10-01,Germany,DACH,Industrial Solutions,Production Costs,Actual,-471013.71
2026-10-01,Germany,DACH,Industrial Solutions,Personnel Costs,Actual,-569141.56
2026-10-01,Germany,DACH,Industrial Solutions,External Services,Actual,-196255.71
2026-10-01,Germany,DACH,Industrial Solutions,Travel Expenses,Actual,-45096.3
2026-10-01,Germany,DACH,Industrial Solutions,IT Expenses,Actual,-37783.55
2026-10-01,Germany,DACH,Industrial Solutions,Other Operating Expenses,Actual,-67417.04
2026-10-01,Germany,DACH,Industrial Solutions,Depreciation,Actual,-133641.87
2026-10-01,Germany,DACH,Industrial Solutions,Other Operating Income,Actual,15808.64
2026-10-01,Germany,DACH,Industrial Solutions,Revenue,Budget,3603105.38
2026-10-01,Germany,DACH,Industrial Solutions,Material Costs,Budget,-1333148.99
2026-10-01,Germany,DACH,Industrial Solutions,Production Costs,Budget,-432372.65
2026-10-01,Germany,DACH,Industrial Solutions,Personnel Costs,Budget,-522450.28
2026-10-01,Germany,DACH,Industrial Solutions,External Services,Budget,-180155.27
2026-10-01,Germany,DACH,Industrial Solutions,Travel Expenses,Budget,-42317.05
2026-10-01,Germany,DACH,Industrial Solutions,IT Expenses,Budget,-36495.56
2026-10-01,Germany,DACH,Industrial Solutions,Other Operating Expenses,Budget,-64235.79
2026-10-01,Germany,DACH,Industrial Solutions,Depreciation,Budget,-126108.69
2026-10-01,Germany,DACH,Industrial Solutions,Other Operating Income,Budget,13273.28
2026-10-01,Germany,DACH,Industrial Solutions,Revenue,Forecast,3715372.26
2026-10-01,Germany,DACH,Industrial Solutions,Material Costs,Forecast,-1365279.69
2026-10-01,Germany,DACH,Industrial Solutions,Production Costs,Forecast,-442793.41
2026-10-01,Germany,DACH,Industrial Solutions,Personnel Costs,Forecast,-535042.04
2026-10-01,Germany,DACH,Industrial Solutions,External Services,Forecast,-184497.26
2026-10-01,Germany,DACH,Industrial Solutions,Travel Expenses,Forecast,-43007.37
2026-10-01,Germany,DACH,Industrial Solutions,IT Expenses,Forecast,-37178.91
2026-10-01,Germany,DACH,Industrial Solutions,Other Operating Expenses,Forecast,-64886.44
2026-10-01,Germany,DACH,Industrial Solutions,Depreciation,Forecast,-130038.03
2026-10-01,Germany,DACH,Industrial Solutions,Other Operating Income,Forecast,15411.94
2026-10-01,Germany,DACH,Services,Revenue,Actual,2382435.97
2026-10-01,Germany,DACH,Services,Material Costs,Actual,-465522.83
2026-10-01,Germany,DACH,Services,Production Costs,Actual,-206899.04
2026-10-01,Germany,DACH,Services,Personnel Costs,Actual,-607765.92
2026-10-01,Germany,DACH,Services,External Services,Actual,-193967.85
2026-10-01,Germany,DACH,Services,Travel Expenses,Actual,-28571.99
2026-10-01,Germany,DACH,Services,IT Expenses,Actual,-23456.89
2026-10-01,Germany,DACH,Services,Other Operating Expenses,Actual,-40981.98
2026-10-01,Germany,DACH,Services,Depreciation,Actual,-47648.72
2026-10-01,Germany,DACH,Services,Other Operating Income,Actual,9268.23
2026-10-01,Germany,DACH,Services,Revenue,Budget,2291595.61
2026-10-01,Germany,DACH,Services,Material Costs,Budget,-412487.21
2026-10-01,Germany,DACH,Services,Production Costs,Budget,-183327.65
2026-10-01,Germany,DACH,Services,Personnel Costs,Budget,-538524.97
2026-10-01,Germany,DACH,Services,External Services,Budget,-171869.67
2026-10-01,Germany,DACH,Services,Travel Expenses,Budget,-26989.96
2026-10-01,Germany,DACH,Services,IT Expenses,Budget,-22965.02
2026-10-01,Germany,DACH,Services,Other Operating Expenses,Budget,-40892.8
2026-10-01,Germany,DACH,Services,Depreciation,Budget,-45831.91
2026-10-01,Germany,DACH,Services,Other Operating Income,Budget,9418.62
2026-10-01,Germany,DACH,Services,Revenue,Forecast,2353844.28
2026-10-01,Germany,DACH,Services,Material Costs,Forecast,-420575.38
2026-10-01,Germany,DACH,Services,Production Costs,Forecast,-186922.39
2026-10-01,Germany,DACH,Services,Personnel Costs,Forecast,-549084.52
2026-10-01,Germany,DACH,Services,External Services,Forecast,-175239.74
2026-10-01,Germany,DACH,Services,Travel Expenses,Forecast,-28197.8
2026-10-01,Germany,DACH,Services,IT Expenses,Forecast,-24095.83
2026-10-01,Germany,DACH,Services,Other Operating Expenses,Forecast,-42731.27
2026-10-01,Germany,DACH,Services,Depreciation,Forecast,-47076.89
2026-10-01,Germany,DACH,Services,Other Operating Income,Forecast,9392.77
2026-10-01,Germany,DACH,Equipment,Revenue,Actual,2841460.68
2026-10-01,Germany,DACH,Equipment,Material Costs,Actual,-1205302.66
2026-10-01,Germany,DACH,Equipment,Production Costs,Actual,-420454.42
2026-10-01,Germany,DACH,Equipment,Personnel Costs,Actual,-336363.53
2026-10-01,Germany,DACH,Equipment,External Services,Actual,-112121.18
2026-10-01,Germany,DACH,Equipment,Travel Expenses,Actual,-34870.52
2026-10-01,Germany,DACH,Equipment,IT Expenses,Actual,-28288.51
2026-10-01,Germany,DACH,Equipment,Other Operating Expenses,Actual,-49420.39
2026-10-01,Germany,DACH,Equipment,Depreciation,Actual,-127865.73
2026-10-01,Germany,DACH,Equipment,Other Operating Income,Actual,12169.71
2026-10-01,Germany,DACH,Equipment,Revenue,Budget,2884873.6
2026-10-01,Germany,DACH,Equipment,Material Costs,Budget,-1240495.65
2026-10-01,Germany,DACH,Equipment,Production Costs,Budget,-432731.04
2026-10-01,Germany,DACH,Equipment,Personnel Costs,Budget,-346184.83
2026-10-01,Germany,DACH,Equipment,External Services,Budget,-115394.94
2026-10-01,Germany,DACH,Equipment,Travel Expenses,Budget,-34950.78
2026-10-01,Germany,DACH,Equipment,IT Expenses,Budget,-28036.97
2026-10-01,Germany,DACH,Equipment,Other Operating Expenses,Budget,-51354.12
2026-10-01,Germany,DACH,Equipment,Depreciation,Budget,-129819.31
2026-10-01,Germany,DACH,Equipment,Other Operating Income,Budget,11590.68
2026-10-01,Germany,DACH,Equipment,Revenue,Forecast,2841527.68
2026-10-01,Germany,DACH,Equipment,Material Costs,Forecast,-1246850.11
2026-10-01,Germany,DACH,Equipment,Production Costs,Forecast,-434947.71
2026-10-01,Germany,DACH,Equipment,Personnel Costs,Forecast,-347958.17
2026-10-01,Germany,DACH,Equipment,External Services,Forecast,-115986.06
2026-10-01,Germany,DACH,Equipment,Travel Expenses,Forecast,-32964.79
2026-10-01,Germany,DACH,Equipment,IT Expenses,Forecast,-28969.97
2026-10-01,Germany,DACH,Equipment,Other Operating Expenses,Forecast,-52937.0
2026-10-01,Germany,DACH,Equipment,Depreciation,Forecast,-127868.75
2026-10-01,Germany,DACH,Equipment,Other Operating Income,Forecast,11080.3
2026-10-01,France,Western Europe,Industrial Solutions,Revenue,Actual,2882350.51
2026-10-01,France,Western Europe,Industrial Solutions,Material Costs,Actual,-1065494.14
2026-10-01,France,Western Europe,Industrial Solutions,Production Costs,Actual,-345565.67
2026-10-01,France,Western Europe,Industrial Solutions,Personnel Costs,Actual,-417558.51
2026-10-01,France,Western Europe,Industrial Solutions,External Services,Actual,-143985.69
2026-10-01,France,Western Europe,Industrial Solutions,Travel Expenses,Actual,-35272.69
2026-10-01,France,Western Europe,Industrial Solutions,IT Expenses,Actual,-29451.96
2026-10-01,France,Western Europe,Industrial Solutions,Other Operating Expenses,Actual,-50911.99
2026-10-01,France,Western Europe,Industrial Solutions,Depreciation,Actual,-100882.27
2026-10-01,France,Western Europe,Industrial Solutions,Other Operating Income,Actual,10622.12
2026-10-01,France,Western Europe,Industrial Solutions,Revenue,Budget,2980870.44
2026-10-01,France,Western Europe,Industrial Solutions,Material Costs,Budget,-1102922.06
2026-10-01,France,Western Europe,Industrial Solutions,Production Costs,Budget,-357704.45
2026-10-01,France,Western Europe,Industrial Solutions,Personnel Costs,Budget,-432226.21
2026-10-01,France,Western Europe,Industrial Solutions,External Services,Budget,-149043.52
2026-10-01,France,Western Europe,Industrial Solutions,Travel Expenses,Budget,-35747.65
2026-10-01,France,Western Europe,Industrial Solutions,IT Expenses,Budget,-29983.7
2026-10-01,France,Western Europe,Industrial Solutions,Other Operating Expenses,Budget,-53990.23
2026-10-01,France,Western Europe,Industrial Solutions,Depreciation,Budget,-104330.47
2026-10-01,France,Western Europe,Industrial Solutions,Other Operating Income,Budget,11767.68
2026-10-01,France,Western Europe,Industrial Solutions,Revenue,Forecast,2921920.75
2026-10-01,France,Western Europe,Industrial Solutions,Material Costs,Forecast,-1082729.13
2026-10-01,France,Western Europe,Industrial Solutions,Production Costs,Forecast,-351155.39
2026-10-01,France,Western Europe,Industrial Solutions,Personnel Costs,Forecast,-424312.77
2026-10-01,France,Western Europe,Industrial Solutions,External Services,Forecast,-146314.75
2026-10-01,France,Western Europe,Industrial Solutions,Travel Expenses,Forecast,-36657.13
2026-10-01,France,Western Europe,Industrial Solutions,IT Expenses,Forecast,-29442.29
2026-10-01,France,Western Europe,Industrial Solutions,Other Operating Expenses,Forecast,-52103.64
2026-10-01,France,Western Europe,Industrial Solutions,Depreciation,Forecast,-102267.23
2026-10-01,France,Western Europe,Industrial Solutions,Other Operating Income,Forecast,11453.84
2026-10-01,France,Western Europe,Services,Revenue,Actual,1976351.75
2026-10-01,France,Western Europe,Services,Material Costs,Actual,-355567.27
2026-10-01,France,Western Europe,Services,Production Costs,Actual,-158029.9
2026-10-01,France,Western Europe,Services,Personnel Costs,Actual,-464212.83
2026-10-01,France,Western Europe,Services,External Services,Actual,-148153.03
2026-10-01,France,Western Europe,Services,Travel Expenses,Actual,-23373.06
2026-10-01,France,Western Europe,Services,IT Expenses,Actual,-20197.91
2026-10-01,France,Western Europe,Services,Other Operating Expenses,Actual,-37317.33
2026-10-01,France,Western Europe,Services,Depreciation,Actual,-39527.03
2026-10-01,France,Western Europe,Services,Other Operating Income,Actual,8047.9
2026-10-01,France,Western Europe,Services,Revenue,Budget,1865459.0
2026-10-01,France,Western Europe,Services,Material Costs,Budget,-335782.62
2026-10-01,France,Western Europe,Services,Production Costs,Budget,-149236.72
2026-10-01,France,Western Europe,Services,Personnel Costs,Budget,-438382.86
2026-10-01,France,Western Europe,Services,External Services,Budget,-139909.42
2026-10-01,France,Western Europe,Services,Travel Expenses,Budget,-22441.1
2026-10-01,France,Western Europe,Services,IT Expenses,Budget,-18668.31
2026-10-01,France,Western Europe,Services,Other Operating Expenses,Budget,-31576.74
2026-10-01,France,Western Europe,Services,Depreciation,Budget,-37309.18
2026-10-01,France,Western Europe,Services,Other Operating Income,Budget,7684.24
2026-10-01,France,Western Europe,Services,Revenue,Forecast,1923625.05
2026-10-01,France,Western Europe,Services,Material Costs,Forecast,-346809.98
2026-10-01,France,Western Europe,Services,Production Costs,Forecast,-154137.77
2026-10-01,France,Western Europe,Services,Personnel Costs,Forecast,-452779.69
2026-10-01,France,Western Europe,Services,External Services,Forecast,-144504.16
2026-10-01,France,Western Europe,Services,Travel Expenses,Forecast,-23380.13
2026-10-01,France,Western Europe,Services,IT Expenses,Forecast,-18962.53
2026-10-01,France,Western Europe,Services,Other Operating Expenses,Forecast,-34292.45
2026-10-01,France,Western Europe,Services,Depreciation,Forecast,-38472.5
2026-10-01,France,Western Europe,Services,Other Operating Income,Forecast,7567.99
2026-10-01,France,Western Europe,Equipment,Revenue,Actual,2184489.63
2026-10-01,France,Western Europe,Equipment,Material Costs,Actual,-949448.6
2026-10-01,France,Western Europe,Equipment,Production Costs,Actual,-331203.0
2026-10-01,France,Western Europe,Equipment,Personnel Costs,Actual,-264962.4
2026-10-01,France,Western Europe,Equipment,External Services,Actual,-88320.8
2026-10-01,France,Western Europe,Equipment,Travel Expenses,Actual,-25210.66
2026-10-01,France,Western Europe,Equipment,IT Expenses,Actual,-21788.73
2026-10-01,France,Western Europe,Equipment,Other Operating Expenses,Actual,-38680.2
2026-10-01,France,Western Europe,Equipment,Depreciation,Actual,-98302.03
2026-10-01,France,Western Europe,Equipment,Other Operating Income,Actual,7970.98
2026-10-01,France,Western Europe,Equipment,Revenue,Budget,2396767.99
2026-10-01,France,Western Europe,Equipment,Material Costs,Budget,-1030610.23
2026-10-01,France,Western Europe,Equipment,Production Costs,Budget,-359515.2
2026-10-01,France,Western Europe,Equipment,Personnel Costs,Budget,-287612.16
2026-10-01,France,Western Europe,Equipment,External Services,Budget,-95870.72
2026-10-01,France,Western Europe,Equipment,Travel Expenses,Budget,-30141.3
2026-10-01,France,Western Europe,Equipment,IT Expenses,Budget,-24304.73
2026-10-01,France,Western Europe,Equipment,Other Operating Expenses,Budget,-43716.91
2026-10-01,France,Western Europe,Equipment,Depreciation,Budget,-107854.56
2026-10-01,France,Western Europe,Equipment,Other Operating Income,Budget,9650.5
2026-10-01,France,Western Europe,Equipment,Revenue,Forecast,2318002.86
2026-10-01,France,Western Europe,Equipment,Material Costs,Forecast,-980211.07
2026-10-01,France,Western Europe,Equipment,Production Costs,Forecast,-341934.09
2026-10-01,France,Western Europe,Equipment,Personnel Costs,Forecast,-273547.27
2026-10-01,France,Western Europe,Equipment,External Services,Forecast,-91182.42
2026-10-01,France,Western Europe,Equipment,Travel Expenses,Forecast,-27412.47
2026-10-01,France,Western Europe,Equipment,IT Expenses,Forecast,-23570.28
2026-10-01,France,Western Europe,Equipment,Other Operating Expenses,Forecast,-40627.52
2026-10-01,France,Western Europe,Equipment,Depreciation,Forecast,-104310.13
2026-10-01,France,Western Europe,Equipment,Other Operating Income,Forecast,8333.03
2026-10-01,Italy,Southern Europe,Industrial Solutions,Revenue,Actual,2164357.34
2026-10-01,Italy,Southern Europe,Industrial Solutions,Material Costs,Actual,-815397.38
2026-10-01,Italy,Southern Europe,Industrial Solutions,Production Costs,Actual,-264453.2
2026-10-01,Italy,Southern Europe,Industrial Solutions,Personnel Costs,Actual,-319547.62
2026-10-01,Italy,Southern Europe,Industrial Solutions,External Services,Actual,-110188.84
2026-10-01,Italy,Southern Europe,Industrial Solutions,Travel Expenses,Actual,-26469.09
2026-10-01,Italy,Southern Europe,Industrial Solutions,IT Expenses,Actual,-21755.59
2026-10-01,Italy,Southern Europe,Industrial Solutions,Other Operating Expenses,Actual,-40122.83
2026-10-01,Italy,Southern Europe,Industrial Solutions,Depreciation,Actual,-75752.51
2026-10-01,Italy,Southern Europe,Industrial Solutions,Other Operating Income,Actual,8131.41
2026-10-01,Italy,Southern Europe,Industrial Solutions,Revenue,Budget,2169221.5
2026-10-01,Italy,Southern Europe,Industrial Solutions,Material Costs,Budget,-802611.96
2026-10-01,Italy,Southern Europe,Industrial Solutions,Production Costs,Budget,-260306.58
2026-10-01,Italy,Southern Europe,Industrial Solutions,Personnel Costs,Budget,-314537.12
2026-10-01,Italy,Southern Europe,Industrial Solutions,External Services,Budget,-108461.08
2026-10-01,Italy,Southern Europe,Industrial Solutions,Travel Expenses,Budget,-26424.7
2026-10-01,Italy,Southern Europe,Industrial Solutions,IT Expenses,Budget,-21964.04
2026-10-01,Italy,Southern Europe,Industrial Solutions,Other Operating Expenses,Budget,-37835.99
2026-10-01,Italy,Southern Europe,Industrial Solutions,Depreciation,Budget,-75922.75
2026-10-01,Italy,Southern Europe,Industrial Solutions,Other Operating Income,Budget,8155.28
2026-10-01,Italy,Southern Europe,Industrial Solutions,Revenue,Forecast,2168895.85
2026-10-01,Italy,Southern Europe,Industrial Solutions,Material Costs,Forecast,-795308.12
2026-10-01,Italy,Southern Europe,Industrial Solutions,Production Costs,Forecast,-257937.77
2026-10-01,Italy,Southern Europe,Industrial Solutions,Personnel Costs,Forecast,-311674.8
2026-10-01,Italy,Southern Europe,Industrial Solutions,External Services,Forecast,-107474.07
2026-10-01,Italy,Southern Europe,Industrial Solutions,Travel Expenses,Forecast,-25510.22
2026-10-01,Italy,Southern Europe,Industrial Solutions,IT Expenses,Forecast,-22015.78
2026-10-01,Italy,Southern Europe,Industrial Solutions,Other Operating Expenses,Forecast,-38440.33
2026-10-01,Italy,Southern Europe,Industrial Solutions,Depreciation,Forecast,-75911.35
2026-10-01,Italy,Southern Europe,Industrial Solutions,Other Operating Income,Forecast,8378.41
2026-10-01,Italy,Southern Europe,Services,Revenue,Actual,1412694.44
2026-10-01,Italy,Southern Europe,Services,Material Costs,Actual,-253145.48
2026-10-01,Italy,Southern Europe,Services,Production Costs,Actual,-112509.1
2026-10-01,Italy,Southern Europe,Services,Personnel Costs,Actual,-330495.49
2026-10-01,Italy,Southern Europe,Services,External Services,Actual,-105477.28
2026-10-01,Italy,Southern Europe,Services,Travel Expenses,Actual,-16896.39
2026-10-01,Italy,Southern Europe,Services,IT Expenses,Actual,-14492.0
2026-10-01,Italy,Southern Europe,Services,Other Operating Expenses,Actual,-24952.24
2026-10-01,Italy,Southern Europe,Services,Depreciation,Actual,-28253.89
2026-10-01,Italy,Southern Europe,Services,Other Operating Income,Actual,5948.12
2026-10-01,Italy,Southern Europe,Services,Revenue,Budget,1349490.4
2026-10-01,Italy,Southern Europe,Services,Material Costs,Budget,-242908.27
2026-10-01,Italy,Southern Europe,Services,Production Costs,Budget,-107959.23
2026-10-01,Italy,Southern Europe,Services,Personnel Costs,Budget,-317130.24
2026-10-01,Italy,Southern Europe,Services,External Services,Budget,-101211.78
2026-10-01,Italy,Southern Europe,Services,Travel Expenses,Budget,-16296.15
2026-10-01,Italy,Southern Europe,Services,IT Expenses,Budget,-13451.61
2026-10-01,Italy,Southern Europe,Services,Other Operating Expenses,Budget,-25809.55
2026-10-01,Italy,Southern Europe,Services,Depreciation,Budget,-26989.81
2026-10-01,Italy,Southern Europe,Services,Other Operating Income,Budget,5170.03
2026-10-01,Italy,Southern Europe,Services,Revenue,Forecast,1384397.07
2026-10-01,Italy,Southern Europe,Services,Material Costs,Forecast,-248133.85
2026-10-01,Italy,Southern Europe,Services,Production Costs,Forecast,-110281.71
2026-10-01,Italy,Southern Europe,Services,Personnel Costs,Forecast,-323952.52
2026-10-01,Italy,Southern Europe,Services,External Services,Forecast,-103389.1
2026-10-01,Italy,Southern Europe,Services,Travel Expenses,Forecast,-15998.54
2026-10-01,Italy,Southern Europe,Services,IT Expenses,Forecast,-14107.69
2026-10-01,Italy,Southern Europe,Services,Other Operating Expenses,Forecast,-25971.48
2026-10-01,Italy,Southern Europe,Services,Depreciation,Forecast,-27687.94
2026-10-01,Italy,Southern Europe,Services,Other Operating Income,Forecast,5907.48
2026-10-01,Italy,Southern Europe,Equipment,Revenue,Actual,1710082.72
2026-10-01,Italy,Southern Europe,Equipment,Material Costs,Actual,-704613.8
2026-10-01,Italy,Southern Europe,Equipment,Production Costs,Actual,-245795.51
2026-10-01,Italy,Southern Europe,Equipment,Personnel Costs,Actual,-196636.41
2026-10-01,Italy,Southern Europe,Equipment,External Services,Actual,-65545.47
2026-10-01,Italy,Southern Europe,Equipment,Travel Expenses,Actual,-21774.34
2026-10-01,Italy,Southern Europe,Equipment,IT Expenses,Actual,-17261.23
2026-10-01,Italy,Southern Europe,Equipment,Other Operating Expenses,Actual,-30402.91
2026-10-01,Italy,Southern Europe,Equipment,Depreciation,Actual,-76953.72
2026-10-01,Italy,Southern Europe,Equipment,Other Operating Income,Actual,7203.7
2026-10-01,Italy,Southern Europe,Equipment,Revenue,Budget,1747284.83
2026-10-01,Italy,Southern Europe,Equipment,Material Costs,Budget,-751332.48
2026-10-01,Italy,Southern Europe,Equipment,Production Costs,Budget,-262092.73
2026-10-01,Italy,Southern Europe,Equipment,Personnel Costs,Budget,-209674.18
2026-10-01,Italy,Southern Europe,Equipment,External Services,Budget,-69891.39
2026-10-01,Italy,Southern Europe,Equipment,Travel Expenses,Budget,-20355.53
2026-10-01,Italy,Southern Europe,Equipment,IT Expenses,Budget,-17614.95
2026-10-01,Italy,Southern Europe,Equipment,Other Operating Expenses,Budget,-31315.39
2026-10-01,Italy,Southern Europe,Equipment,Depreciation,Budget,-78627.82
2026-10-01,Italy,Southern Europe,Equipment,Other Operating Income,Budget,7167.69
2026-10-01,Italy,Southern Europe,Equipment,Revenue,Forecast,1721778.02
2026-10-01,Italy,Southern Europe,Equipment,Material Costs,Forecast,-739799.74
2026-10-01,Italy,Southern Europe,Equipment,Production Costs,Forecast,-258069.68
2026-10-01,Italy,Southern Europe,Equipment,Personnel Costs,Forecast,-206455.74
2026-10-01,Italy,Southern Europe,Equipment,External Services,Forecast,-68818.58
2026-10-01,Italy,Southern Europe,Equipment,Travel Expenses,Forecast,-19761.99
2026-10-01,Italy,Southern Europe,Equipment,IT Expenses,Forecast,-17243.81
2026-10-01,Italy,Southern Europe,Equipment,Other Operating Expenses,Forecast,-31804.66
2026-10-01,Italy,Southern Europe,Equipment,Depreciation,Forecast,-77480.01
2026-10-01,Italy,Southern Europe,Equipment,Other Operating Income,Forecast,6879.06
2026-10-01,Switzerland,DACH,Industrial Solutions,Revenue,Actual,1964580.92
2026-10-01,Switzerland,DACH,Industrial Solutions,Material Costs,Actual,-715546.1
2026-10-01,Switzerland,DACH,Industrial Solutions,Production Costs,Actual,-232069.01
2026-10-01,Switzerland,DACH,Industrial Solutions,Personnel Costs,Actual,-280416.72
2026-10-01,Switzerland,DACH,Industrial Solutions,External Services,Actual,-96695.42
2026-10-01,Switzerland,DACH,Industrial Solutions,Travel Expenses,Actual,-24103.27
2026-10-01,Switzerland,DACH,Industrial Solutions,IT Expenses,Actual,-19658.18
2026-10-01,Switzerland,DACH,Industrial Solutions,Other Operating Expenses,Actual,-35972.52
2026-10-01,Switzerland,DACH,Industrial Solutions,Depreciation,Actual,-68760.33
2026-10-01,Switzerland,DACH,Industrial Solutions,Other Operating Income,Actual,8200.23
2026-10-01,Switzerland,DACH,Industrial Solutions,Revenue,Budget,2058169.94
2026-10-01,Switzerland,DACH,Industrial Solutions,Material Costs,Budget,-761522.88
2026-10-01,Switzerland,DACH,Industrial Solutions,Production Costs,Budget,-246980.39
2026-10-01,Switzerland,DACH,Industrial Solutions,Personnel Costs,Budget,-298434.64
2026-10-01,Switzerland,DACH,Industrial Solutions,External Services,Budget,-102908.5
2026-10-01,Switzerland,DACH,Industrial Solutions,Travel Expenses,Budget,-25210.49
2026-10-01,Switzerland,DACH,Industrial Solutions,IT Expenses,Budget,-20694.12
2026-10-01,Switzerland,DACH,Industrial Solutions,Other Operating Expenses,Budget,-36122.54
2026-10-01,Switzerland,DACH,Industrial Solutions,Depreciation,Budget,-72035.95
2026-10-01,Switzerland,DACH,Industrial Solutions,Other Operating Income,Budget,8231.76
2026-10-01,Switzerland,DACH,Industrial Solutions,Revenue,Forecast,2006274.4
2026-10-01,Switzerland,DACH,Industrial Solutions,Material Costs,Forecast,-737572.83
2026-10-01,Switzerland,DACH,Industrial Solutions,Production Costs,Forecast,-239212.81
2026-10-01,Switzerland,DACH,Industrial Solutions,Personnel Costs,Forecast,-289048.81
2026-10-01,Switzerland,DACH,Industrial Solutions,External Services,Forecast,-99672.0
2026-10-01,Switzerland,DACH,Industrial Solutions,Travel Expenses,Forecast,-23826.79
2026-10-01,Switzerland,DACH,Industrial Solutions,IT Expenses,Forecast,-19912.46
2026-10-01,Switzerland,DACH,Industrial Solutions,Other Operating Expenses,Forecast,-35228.24
2026-10-01,Switzerland,DACH,Industrial Solutions,Depreciation,Forecast,-70219.6
2026-10-01,Switzerland,DACH,Industrial Solutions,Other Operating Income,Forecast,7396.78
2026-10-01,Switzerland,DACH,Services,Revenue,Actual,1283127.77
2026-10-01,Switzerland,DACH,Services,Material Costs,Actual,-231053.55
2026-10-01,Switzerland,DACH,Services,Production Costs,Actual,-102690.47
2026-10-01,Switzerland,DACH,Services,Personnel Costs,Actual,-301653.25
2026-10-01,Switzerland,DACH,Services,External Services,Actual,-96272.31
2026-10-01,Switzerland,DACH,Services,Travel Expenses,Actual,-16275.32
2026-10-01,Switzerland,DACH,Services,IT Expenses,Actual,-13093.82
2026-10-01,Switzerland,DACH,Services,Other Operating Expenses,Actual,-24045.29
2026-10-01,Switzerland,DACH,Services,Depreciation,Actual,-25662.56
2026-10-01,Switzerland,DACH,Services,Other Operating Income,Actual,5212.81
2026-10-01,Switzerland,DACH,Services,Revenue,Budget,1264282.99
2026-10-01,Switzerland,DACH,Services,Material Costs,Budget,-227570.94
2026-10-01,Switzerland,DACH,Services,Production Costs,Budget,-101142.64
2026-10-01,Switzerland,DACH,Services,Personnel Costs,Budget,-297106.5
2026-10-01,Switzerland,DACH,Services,External Services,Budget,-94821.22
2026-10-01,Switzerland,DACH,Services,Travel Expenses,Budget,-15702.78
2026-10-01,Switzerland,DACH,Services,IT Expenses,Budget,-12459.77
2026-10-01,Switzerland,DACH,Services,Other Operating Expenses,Budget,-22390.51
2026-10-01,Switzerland,DACH,Services,Depreciation,Budget,-25285.66
2026-10-01,Switzerland,DACH,Services,Other Operating Income,Budget,4503.04
2026-10-01,Switzerland,DACH,Services,Revenue,Forecast,1260900.02
2026-10-01,Switzerland,DACH,Services,Material Costs,Forecast,-230192.52
2026-10-01,Switzerland,DACH,Services,Production Costs,Forecast,-102307.79
2026-10-01,Switzerland,DACH,Services,Personnel Costs,Forecast,-300529.13
2026-10-01,Switzerland,DACH,Services,External Services,Forecast,-95913.55
2026-10-01,Switzerland,DACH,Services,Travel Expenses,Forecast,-15829.99
2026-10-01,Switzerland,DACH,Services,IT Expenses,Forecast,-12469.5
2026-10-01,Switzerland,DACH,Services,Other Operating Expenses,Forecast,-22552.11
2026-10-01,Switzerland,DACH,Services,Depreciation,Forecast,-25218.0
2026-10-01,Switzerland,DACH,Services,Other Operating Income,Forecast,4891.51
2026-10-01,Switzerland,DACH,Equipment,Revenue,Actual,1677930.63
2026-10-01,Switzerland,DACH,Equipment,Material Costs,Actual,-728895.52
2026-10-01,Switzerland,DACH,Equipment,Production Costs,Actual,-254265.88
2026-10-01,Switzerland,DACH,Equipment,Personnel Costs,Actual,-203412.7
2026-10-01,Switzerland,DACH,Equipment,External Services,Actual,-67804.23
2026-10-01,Switzerland,DACH,Equipment,Travel Expenses,Actual,-19968.04
2026-10-01,Switzerland,DACH,Equipment,IT Expenses,Actual,-16817.36
2026-10-01,Switzerland,DACH,Equipment,Other Operating Expenses,Actual,-30549.32
2026-10-01,Switzerland,DACH,Equipment,Depreciation,Actual,-75506.88
2026-10-01,Switzerland,DACH,Equipment,Other Operating Income,Actual,6661.2
2026-10-01,Switzerland,DACH,Equipment,Revenue,Budget,1621781.6
2026-10-01,Switzerland,DACH,Equipment,Material Costs,Budget,-697366.09
2026-10-01,Switzerland,DACH,Equipment,Production Costs,Budget,-243267.24
2026-10-01,Switzerland,DACH,Equipment,Personnel Costs,Budget,-194613.79
2026-10-01,Switzerland,DACH,Equipment,External Services,Budget,-64871.26
2026-10-01,Switzerland,DACH,Equipment,Travel Expenses,Budget,-19400.9
2026-10-01,Switzerland,DACH,Equipment,IT Expenses,Budget,-16148.44
2026-10-01,Switzerland,DACH,Equipment,Other Operating Expenses,Budget,-29900.21
2026-10-01,Switzerland,DACH,Equipment,Depreciation,Budget,-72980.17
2026-10-01,Switzerland,DACH,Equipment,Other Operating Income,Budget,6595.79
2026-10-01,Switzerland,DACH,Equipment,Revenue,Forecast,1629621.84
2026-10-01,Switzerland,DACH,Equipment,Material Costs,Forecast,-702592.25
2026-10-01,Switzerland,DACH,Equipment,Production Costs,Forecast,-245090.32
2026-10-01,Switzerland,DACH,Equipment,Personnel Costs,Forecast,-196072.25
2026-10-01,Switzerland,DACH,Equipment,External Services,Forecast,-65357.42
2026-10-01,Switzerland,DACH,Equipment,Travel Expenses,Forecast,-18809.84
2026-10-01,Switzerland,DACH,Equipment,IT Expenses,Forecast,-16172.83
2026-10-01,Switzerland,DACH,Equipment,Other Operating Expenses,Forecast,-29992.21
2026-10-01,Switzerland,DACH,Equipment,Depreciation,Forecast,-73332.98
2026-10-01,Switzerland,DACH,Equipment,Other Operating Income,Forecast,6528.32
2026-11-01,Austria,DACH,Industrial Solutions,Revenue,Actual,2944858.67
2026-11-01,Austria,DACH,Industrial Solutions,Material Costs,Actual,-1130360.07
2026-11-01,Austria,DACH,Industrial Solutions,Production Costs,Actual,-366603.27
2026-11-01,Austria,DACH,Industrial Solutions,Personnel Costs,Actual,-442978.95
2026-11-01,Austria,DACH,Industrial Solutions,External Services,Actual,-152751.36
2026-11-01,Austria,DACH,Industrial Solutions,Travel Expenses,Actual,-34796.58
2026-11-01,Austria,DACH,Industrial Solutions,IT Expenses,Actual,-27944.62
2026-11-01,Austria,DACH,Industrial Solutions,Other Operating Expenses,Actual,-52784.31
2026-11-01,Austria,DACH,Industrial Solutions,Depreciation,Actual,-103070.05
2026-11-01,Austria,DACH,Industrial Solutions,Other Operating Income,Actual,11625.82
2026-11-01,Austria,DACH,Industrial Solutions,Revenue,Budget,2795335.62
2026-11-01,Austria,DACH,Industrial Solutions,Material Costs,Budget,-1034274.18
2026-11-01,Austria,DACH,Industrial Solutions,Production Costs,Budget,-335440.27
2026-11-01,Austria,DACH,Industrial Solutions,Personnel Costs,Budget,-405323.67
2026-11-01,Austria,DACH,Industrial Solutions,External Services,Budget,-139766.78
2026-11-01,Austria,DACH,Industrial Solutions,Travel Expenses,Budget,-33936.86
2026-11-01,Austria,DACH,Industrial Solutions,IT Expenses,Budget,-27867.31
2026-11-01,Austria,DACH,Industrial Solutions,Other Operating Expenses,Budget,-49913.03
2026-11-01,Austria,DACH,Industrial Solutions,Depreciation,Budget,-97836.75
2026-11-01,Austria,DACH,Industrial Solutions,Other Operating Income,Budget,10385.5
2026-11-01,Austria,DACH,Industrial Solutions,Revenue,Forecast,2901482.62
2026-11-01,Austria,DACH,Industrial Solutions,Material Costs,Forecast,-1061439.36
2026-11-01,Austria,DACH,Industrial Solutions,Production Costs,Forecast,-344250.6
2026-11-01,Austria,DACH,Industrial Solutions,Personnel Costs,Forecast,-415969.48
2026-11-01,Austria,DACH,Industrial Solutions,External Services,Forecast,-143437.75
2026-11-01,Austria,DACH,Industrial Solutions,Travel Expenses,Forecast,-35315.67
2026-11-01,Austria,DACH,Industrial Solutions,IT Expenses,Forecast,-30010.56
2026-11-01,Austria,DACH,Industrial Solutions,Other Operating Expenses,Forecast,-52099.35
2026-11-01,Austria,DACH,Industrial Solutions,Depreciation,Forecast,-101551.89
2026-11-01,Austria,DACH,Industrial Solutions,Other Operating Income,Forecast,11758.11
2026-11-01,Austria,DACH,Services,Revenue,Actual,1684171.08
2026-11-01,Austria,DACH,Services,Material Costs,Actual,-297538.79
2026-11-01,Austria,DACH,Services,Production Costs,Actual,-132239.46
2026-11-01,Austria,DACH,Services,Personnel Costs,Actual,-388453.42
2026-11-01,Austria,DACH,Services,External Services,Actual,-123974.5
2026-11-01,Austria,DACH,Services,Travel Expenses,Actual,-20734.4
2026-11-01,Austria,DACH,Services,IT Expenses,Actual,-16892.71
2026-11-01,Austria,DACH,Services,Other Operating Expenses,Actual,-30541.27
2026-11-01,Austria,DACH,Services,Depreciation,Actual,-33683.42
2026-11-01,Austria,DACH,Services,Other Operating Income,Actual,6525.8
2026-11-01,Austria,DACH,Services,Revenue,Budget,1753178.17
2026-11-01,Austria,DACH,Services,Material Costs,Budget,-315572.07
2026-11-01,Austria,DACH,Services,Production Costs,Budget,-140254.25
2026-11-01,Austria,DACH,Services,Personnel Costs,Budget,-411996.87
2026-11-01,Austria,DACH,Services,External Services,Budget,-131488.36
2026-11-01,Austria,DACH,Services,Travel Expenses,Budget,-21484.38
2026-11-01,Austria,DACH,Services,IT Expenses,Budget,-18262.76
2026-11-01,Austria,DACH,Services,Other Operating Expenses,Budget,-30762.04
2026-11-01,Austria,DACH,Services,Depreciation,Budget,-35063.56
2026-11-01,Austria,DACH,Services,Other Operating Income,Budget,6917.41
2026-11-01,Austria,DACH,Services,Revenue,Forecast,1720257.62
2026-11-01,Austria,DACH,Services,Material Costs,Forecast,-310506.97
2026-11-01,Austria,DACH,Services,Production Costs,Forecast,-138003.1
2026-11-01,Austria,DACH,Services,Personnel Costs,Forecast,-405384.1
2026-11-01,Austria,DACH,Services,External Services,Forecast,-129377.9
2026-11-01,Austria,DACH,Services,Travel Expenses,Forecast,-21130.11
2026-11-01,Austria,DACH,Services,IT Expenses,Forecast,-17010.06
2026-11-01,Austria,DACH,Services,Other Operating Expenses,Forecast,-28771.54
2026-11-01,Austria,DACH,Services,Depreciation,Forecast,-34405.15
2026-11-01,Austria,DACH,Services,Other Operating Income,Forecast,7255.14
2026-11-01,Austria,DACH,Equipment,Revenue,Actual,2061658.87
2026-11-01,Austria,DACH,Equipment,Material Costs,Actual,-921268.68
2026-11-01,Austria,DACH,Equipment,Production Costs,Actual,-321372.8
2026-11-01,Austria,DACH,Equipment,Personnel Costs,Actual,-257098.24
2026-11-01,Austria,DACH,Equipment,External Services,Actual,-85699.41
2026-11-01,Austria,DACH,Equipment,Travel Expenses,Actual,-25814.46
2026-11-01,Austria,DACH,Equipment,IT Expenses,Actual,-21003.62
2026-11-01,Austria,DACH,Equipment,Other Operating Expenses,Actual,-36946.47
2026-11-01,Austria,DACH,Equipment,Depreciation,Actual,-92774.65
2026-11-01,Austria,DACH,Equipment,Other Operating Income,Actual,8274.01
2026-11-01,Austria,DACH,Equipment,Revenue,Budget,2215634.43
2026-11-01,Austria,DACH,Equipment,Material Costs,Budget,-952722.81
2026-11-01,Austria,DACH,Equipment,Production Costs,Budget,-332345.16
2026-11-01,Austria,DACH,Equipment,Personnel Costs,Budget,-265876.13
2026-11-01,Austria,DACH,Equipment,External Services,Budget,-88625.38
2026-11-01,Austria,DACH,Equipment,Travel Expenses,Budget,-26483.18
2026-11-01,Austria,DACH,Equipment,IT Expenses,Budget,-22656.3
2026-11-01,Austria,DACH,Equipment,Other Operating Expenses,Budget,-39008.17
2026-11-01,Austria,DACH,Equipment,Depreciation,Budget,-99703.55
2026-11-01,Austria,DACH,Equipment,Other Operating Income,Budget,8576.88
2026-11-01,Austria,DACH,Equipment,Revenue,Forecast,2120590.29
2026-11-01,Austria,DACH,Equipment,Material Costs,Forecast,-922908.5
2026-11-01,Austria,DACH,Equipment,Production Costs,Forecast,-321944.83
2026-11-01,Austria,DACH,Equipment,Personnel Costs,Forecast,-257555.86
2026-11-01,Austria,DACH,Equipment,External Services,Forecast,-85851.95
2026-11-01,Austria,DACH,Equipment,Travel Expenses,Forecast,-25413.22
2026-11-01,Austria,DACH,Equipment,IT Expenses,Forecast,-21790.54
2026-11-01,Austria,DACH,Equipment,Other Operating Expenses,Forecast,-37529.82
2026-11-01,Austria,DACH,Equipment,Depreciation,Forecast,-95426.56
2026-11-01,Austria,DACH,Equipment,Other Operating Income,Forecast,8463.78
2026-11-01,Germany,DACH,Industrial Solutions,Revenue,Actual,3745035.92
2026-11-01,Germany,DACH,Industrial Solutions,Material Costs,Actual,-1368770.9
2026-11-01,Germany,DACH,Industrial Solutions,Production Costs,Actual,-443925.7
2026-11-01,Germany,DACH,Industrial Solutions,Personnel Costs,Actual,-536410.22
2026-11-01,Germany,DACH,Industrial Solutions,External Services,Actual,-184969.04
2026-11-01,Germany,DACH,Industrial Solutions,Travel Expenses,Actual,-43004.06
2026-11-01,Germany,DACH,Industrial Solutions,IT Expenses,Actual,-37970.11
2026-11-01,Germany,DACH,Industrial Solutions,Other Operating Expenses,Actual,-68618.29
2026-11-01,Germany,DACH,Industrial Solutions,Depreciation,Actual,-131076.26
2026-11-01,Germany,DACH,Industrial Solutions,Other Operating Income,Actual,13943.36
2026-11-01,Germany,DACH,Industrial Solutions,Revenue,Budget,3702628.14
2026-11-01,Germany,DACH,Industrial Solutions,Material Costs,Budget,-1369972.41
2026-11-01,Germany,DACH,Industrial Solutions,Production Costs,Budget,-444315.38
2026-11-01,Germany,DACH,Industrial Solutions,Personnel Costs,Budget,-536881.08
2026-11-01,Germany,DACH,Industrial Solutions,External Services,Budget,-185131.41
2026-11-01,Germany,DACH,Industrial Solutions,Travel Expenses,Budget,-46209.54
2026-11-01,Germany,DACH,Industrial Solutions,IT Expenses,Budget,-38875.68
2026-11-01,Germany,DACH,Industrial Solutions,Other Operating Expenses,Budget,-66723.96
2026-11-01,Germany,DACH,Industrial Solutions,Depreciation,Budget,-129591.98
2026-11-01,Germany,DACH,Industrial Solutions,Other Operating Income,Budget,14430.7
2026-11-01,Germany,DACH,Industrial Solutions,Revenue,Forecast,3681880.46
2026-11-01,Germany,DACH,Industrial Solutions,Material Costs,Forecast,-1408466.65
2026-11-01,Germany,DACH,Industrial Solutions,Production Costs,Forecast,-456800.0
2026-11-01,Germany,DACH,Industrial Solutions,Personnel Costs,Forecast,-551966.66
2026-11-01,Germany,DACH,Industrial Solutions,External Services,Forecast,-190333.33
2026-11-01,Germany,DACH,Industrial Solutions,Travel Expenses,Forecast,-42434.3
2026-11-01,Germany,DACH,Industrial Solutions,IT Expenses,Forecast,-36833.61
2026-11-01,Germany,DACH,Industrial Solutions,Other Operating Expenses,Forecast,-66571.45
2026-11-01,Germany,DACH,Industrial Solutions,Depreciation,Forecast,-128865.82
2026-11-01,Germany,DACH,Industrial Solutions,Other Operating Income,Forecast,15519.95
2026-11-01,Germany,DACH,Services,Revenue,Actual,2402669.8
2026-11-01,Germany,DACH,Services,Material Costs,Actual,-454511.87
2026-11-01,Germany,DACH,Services,Production Costs,Actual,-202005.27
2026-11-01,Germany,DACH,Services,Personnel Costs,Actual,-593390.49
2026-11-01,Germany,DACH,Services,External Services,Actual,-189379.94
2026-11-01,Germany,DACH,Services,Travel Expenses,Actual,-27961.08
2026-11-01,Germany,DACH,Services,IT Expenses,Actual,-24049.68
2026-11-01,Germany,DACH,Services,Other Operating Expenses,Actual,-42638.05
2026-11-01,Germany,DACH,Services,Depreciation,Actual,-48053.4
2026-11-01,Germany,DACH,Services,Other Operating Income,Actual,9036.33
2026-11-01,Germany,DACH,Services,Revenue,Budget,2350146.1
2026-11-01,Germany,DACH,Services,Material Costs,Budget,-423026.3
2026-11-01,Germany,DACH,Services,Production Costs,Budget,-188011.69
2026-11-01,Germany,DACH,Services,Personnel Costs,Budget,-552284.33
2026-11-01,Germany,DACH,Services,External Services,Budget,-176260.96
2026-11-01,Germany,DACH,Services,Travel Expenses,Budget,-29263.67
2026-11-01,Germany,DACH,Services,IT Expenses,Budget,-23267.54
2026-11-01,Germany,DACH,Services,Other Operating Expenses,Budget,-40961.49
2026-11-01,Germany,DACH,Services,Depreciation,Budget,-47002.92
2026-11-01,Germany,DACH,Services,Other Operating Income,Budget,9337.32
2026-11-01,Germany,DACH,Services,Revenue,Forecast,2360930.93
2026-11-01,Germany,DACH,Services,Material Costs,Forecast,-425316.24
2026-11-01,Germany,DACH,Services,Production Costs,Forecast,-189029.44
2026-11-01,Germany,DACH,Services,Personnel Costs,Forecast,-555273.97
2026-11-01,Germany,DACH,Services,External Services,Forecast,-177215.1
2026-11-01,Germany,DACH,Services,Travel Expenses,Forecast,-26846.79
2026-11-01,Germany,DACH,Services,IT Expenses,Forecast,-23765.91
2026-11-01,Germany,DACH,Services,Other Operating Expenses,Forecast,-41384.24
2026-11-01,Germany,DACH,Services,Depreciation,Forecast,-47218.62
2026-11-01,Germany,DACH,Services,Other Operating Income,Forecast,10090.06
2026-11-01,Germany,DACH,Equipment,Revenue,Actual,2922569.87
2026-11-01,Germany,DACH,Equipment,Material Costs,Actual,-1253407.21
2026-11-01,Germany,DACH,Equipment,Production Costs,Actual,-437235.07
2026-11-01,Germany,DACH,Equipment,Personnel Costs,Actual,-349788.06
2026-11-01,Germany,DACH,Equipment,External Services,Actual,-116596.02
2026-11-01,Germany,DACH,Equipment,Travel Expenses,Actual,-35715.57
2026-11-01,Germany,DACH,Equipment,IT Expenses,Actual,-29210.8
2026-11-01,Germany,DACH,Equipment,Other Operating Expenses,Actual,-52320.66
2026-11-01,Germany,DACH,Equipment,Depreciation,Actual,-131515.64
2026-11-01,Germany,DACH,Equipment,Other Operating Income,Actual,11717.57
2026-11-01,Germany,DACH,Equipment,Revenue,Budget,2982692.87
2026-11-01,Germany,DACH,Equipment,Material Costs,Budget,-1282557.93
2026-11-01,Germany,DACH,Equipment,Production Costs,Budget,-447403.93
2026-11-01,Germany,DACH,Equipment,Personnel Costs,Budget,-357923.14
2026-11-01,Germany,DACH,Equipment,External Services,Budget,-119307.71
2026-11-01,Germany,DACH,Equipment,Travel Expenses,Budget,-35143.91
2026-11-01,Germany,DACH,Equipment,IT Expenses,Budget,-29622.19
2026-11-01,Germany,DACH,Equipment,Other Operating Expenses,Budget,-50888.9
2026-11-01,Germany,DACH,Equipment,Depreciation,Budget,-134221.18
2026-11-01,Germany,DACH,Equipment,Other Operating Income,Budget,12395.46
2026-11-01,Germany,DACH,Equipment,Revenue,Forecast,2932041.5
2026-11-01,Germany,DACH,Equipment,Material Costs,Forecast,-1265298.46
2026-11-01,Germany,DACH,Equipment,Production Costs,Forecast,-441383.18
2026-11-01,Germany,DACH,Equipment,Personnel Costs,Forecast,-353106.55
2026-11-01,Germany,DACH,Equipment,External Services,Forecast,-117702.18
2026-11-01,Germany,DACH,Equipment,Travel Expenses,Forecast,-34368.09
2026-11-01,Germany,DACH,Equipment,IT Expenses,Forecast,-30433.85
2026-11-01,Germany,DACH,Equipment,Other Operating Expenses,Forecast,-52891.56
2026-11-01,Germany,DACH,Equipment,Depreciation,Forecast,-131941.87
2026-11-01,Germany,DACH,Equipment,Other Operating Income,Forecast,11242.08
2026-11-01,France,Western Europe,Industrial Solutions,Revenue,Actual,3093226.34
2026-11-01,France,Western Europe,Industrial Solutions,Material Costs,Actual,-1132311.88
2026-11-01,France,Western Europe,Industrial Solutions,Production Costs,Actual,-367236.29
2026-11-01,France,Western Europe,Industrial Solutions,Personnel Costs,Actual,-443743.85
2026-11-01,France,Western Europe,Industrial Solutions,External Services,Actual,-153015.12
2026-11-01,France,Western Europe,Industrial Solutions,Travel Expenses,Actual,-37620.37
2026-11-01,France,Western Europe,Industrial Solutions,IT Expenses,Actual,-30770.33
2026-11-01,France,Western Europe,Industrial Solutions,Other Operating Expenses,Actual,-56451.92
2026-11-01,France,Western Europe,Industrial Solutions,Depreciation,Actual,-108262.92
2026-11-01,France,Western Europe,Industrial Solutions,Other Operating Income,Actual,11430.12
2026-11-01,France,Western Europe,Industrial Solutions,Revenue,Budget,3082088.64
2026-11-01,France,Western Europe,Industrial Solutions,Material Costs,Budget,-1140372.8
2026-11-01,France,Western Europe,Industrial Solutions,Production Costs,Budget,-369850.64
2026-11-01,France,Western Europe,Industrial Solutions,Personnel Costs,Budget,-446902.85
2026-11-01,France,Western Europe,Industrial Solutions,External Services,Budget,-154104.43
2026-11-01,France,Western Europe,Industrial Solutions,Travel Expenses,Budget,-36503.66
2026-11-01,France,Western Europe,Industrial Solutions,IT Expenses,Budget,-31882.45
2026-11-01,France,Western Europe,Industrial Solutions,Other Operating Expenses,Budget,-54413.72
2026-11-01,France,Western Europe,Industrial Solutions,Depreciation,Budget,-107873.1
2026-11-01,France,Western Europe,Industrial Solutions,Other Operating Income,Budget,12030.58
2026-11-01,France,Western Europe,Industrial Solutions,Revenue,Forecast,3097962.76
2026-11-01,France,Western Europe,Industrial Solutions,Material Costs,Forecast,-1140084.53
2026-11-01,France,Western Europe,Industrial Solutions,Production Costs,Forecast,-369757.15
2026-11-01,France,Western Europe,Industrial Solutions,Personnel Costs,Forecast,-446789.88
2026-11-01,France,Western Europe,Industrial Solutions,External Services,Forecast,-154065.48
2026-11-01,France,Western Europe,Industrial Solutions,Travel Expenses,Forecast,-35820.72
2026-11-01,France,Western Europe,Industrial Solutions,IT Expenses,Forecast,-29611.39
2026-11-01,France,Western Europe,Industrial Solutions,Other Operating Expenses,Forecast,-55441.87
2026-11-01,France,Western Europe,Industrial Solutions,Depreciation,Forecast,-108428.7
2026-11-01,France,Western Europe,Industrial Solutions,Other Operating Income,Forecast,12459.19
2026-11-01,France,Western Europe,Services,Revenue,Actual,1897034.46
2026-11-01,France,Western Europe,Services,Material Costs,Actual,-350197.85
2026-11-01,France,Western Europe,Services,Production Costs,Actual,-155643.49
2026-11-01,France,Western Europe,Services,Personnel Costs,Actual,-457202.75
2026-11-01,France,Western Europe,Services,External Services,Actual,-145915.77
2026-11-01,France,Western Europe,Services,Travel Expenses,Actual,-22634.35
2026-11-01,France,Western Europe,Services,IT Expenses,Actual,-18752.53
2026-11-01,France,Western Europe,Services,Other Operating Expenses,Actual,-33906.63
2026-11-01,France,Western Europe,Services,Depreciation,Actual,-37940.69
2026-11-01,France,Western Europe,Services,Other Operating Income,Actual,7763.98
2026-11-01,France,Western Europe,Services,Revenue,Budget,1905501.54
2026-11-01,France,Western Europe,Services,Material Costs,Budget,-342990.28
2026-11-01,France,Western Europe,Services,Production Costs,Budget,-152440.12
2026-11-01,France,Western Europe,Services,Personnel Costs,Budget,-447792.86
2026-11-01,France,Western Europe,Services,External Services,Budget,-142912.62
2026-11-01,France,Western Europe,Services,Travel Expenses,Budget,-23834.64
2026-11-01,France,Western Europe,Services,IT Expenses,Budget,-18815.63
2026-11-01,France,Western Europe,Services,Other Operating Expenses,Budget,-34383.86
2026-11-01,France,Western Europe,Services,Depreciation,Budget,-38110.03
2026-11-01,France,Western Europe,Services,Other Operating Income,Budget,7725.16
2026-11-01,France,Western Europe,Services,Revenue,Forecast,1901499.16
2026-11-01,France,Western Europe,Services,Material Costs,Forecast,-338193.09
2026-11-01,France,Western Europe,Services,Production Costs,Forecast,-150308.04
2026-11-01,France,Western Europe,Services,Personnel Costs,Forecast,-441529.87
2026-11-01,France,Western Europe,Services,External Services,Forecast,-140913.79
2026-11-01,France,Western Europe,Services,Travel Expenses,Forecast,-22831.97
2026-11-01,France,Western Europe,Services,IT Expenses,Forecast,-18457.6
2026-11-01,France,Western Europe,Services,Other Operating Expenses,Forecast,-32713.25
2026-11-01,France,Western Europe,Services,Depreciation,Forecast,-38029.98
2026-11-01,France,Western Europe,Services,Other Operating Income,Forecast,7717.58
2026-11-01,France,Western Europe,Equipment,Revenue,Actual,2274159.21
2026-11-01,France,Western Europe,Equipment,Material Costs,Actual,-954018.2
2026-11-01,France,Western Europe,Equipment,Production Costs,Actual,-332797.05
2026-11-01,France,Western Europe,Equipment,Personnel Costs,Actual,-266237.64
2026-11-01,France,Western Europe,Equipment,External Services,Actual,-88745.88
2026-11-01,France,Western Europe,Equipment,Travel Expenses,Actual,-27252.86
2026-11-01,France,Western Europe,Equipment,IT Expenses,Actual,-22180.74
2026-11-01,France,Western Europe,Equipment,Other Operating Expenses,Actual,-42358.35
2026-11-01,France,Western Europe,Equipment,Depreciation,Actual,-102337.16
2026-11-01,France,Western Europe,Equipment,Other Operating Income,Actual,8603.25
2026-11-01,France,Western Europe,Equipment,Revenue,Budget,2404031.56
2026-11-01,France,Western Europe,Equipment,Material Costs,Budget,-1033733.57
2026-11-01,France,Western Europe,Equipment,Production Costs,Budget,-360604.73
2026-11-01,France,Western Europe,Equipment,Personnel Costs,Budget,-288483.79
2026-11-01,France,Western Europe,Equipment,External Services,Budget,-96161.26
2026-11-01,France,Western Europe,Equipment,Travel Expenses,Budget,-28678.94
2026-11-01,France,Western Europe,Equipment,IT Expenses,Budget,-23539.18
2026-11-01,France,Western Europe,Equipment,Other Operating Expenses,Budget,-43889.66
2026-11-01,France,Western Europe,Equipment,Depreciation,Budget,-108181.42
2026-11-01,France,Western Europe,Equipment,Other Operating Income,Budget,9488.64
2026-11-01,France,Western Europe,Equipment,Revenue,Forecast,2332267.83
2026-11-01,France,Western Europe,Equipment,Material Costs,Forecast,-996633.27
2026-11-01,France,Western Europe,Equipment,Production Costs,Forecast,-347662.77
2026-11-01,France,Western Europe,Equipment,Personnel Costs,Forecast,-278130.22
2026-11-01,France,Western Europe,Equipment,External Services,Forecast,-92710.07
2026-11-01,France,Western Europe,Equipment,Travel Expenses,Forecast,-28703.58
2026-11-01,France,Western Europe,Equipment,IT Expenses,Forecast,-23336.41
2026-11-01,France,Western Europe,Equipment,Other Operating Expenses,Forecast,-42523.05
2026-11-01,France,Western Europe,Equipment,Depreciation,Forecast,-104952.05
2026-11-01,France,Western Europe,Equipment,Other Operating Income,Forecast,8962.88
2026-11-01,Italy,Southern Europe,Industrial Solutions,Revenue,Actual,2227034.01
2026-11-01,Italy,Southern Europe,Industrial Solutions,Material Costs,Actual,-836907.18
2026-11-01,Italy,Southern Europe,Industrial Solutions,Production Costs,Actual,-271429.36
2026-11-01,Italy,Southern Europe,Industrial Solutions,Personnel Costs,Actual,-327977.14
2026-11-01,Italy,Southern Europe,Industrial Solutions,External Services,Actual,-113095.56
2026-11-01,Italy,Southern Europe,Industrial Solutions,Travel Expenses,Actual,-26660.34
2026-11-01,Italy,Southern Europe,Industrial Solutions,IT Expenses,Actual,-22361.68
2026-11-01,Italy,Southern Europe,Industrial Solutions,Other Operating Expenses,Actual,-38459.71
2026-11-01,Italy,Southern Europe,Industrial Solutions,Depreciation,Actual,-77946.19
2026-11-01,Italy,Southern Europe,Industrial Solutions,Other Operating Income,Actual,9581.03
2026-11-01,Italy,Southern Europe,Industrial Solutions,Revenue,Budget,2181306.24
2026-11-01,Italy,Southern Europe,Industrial Solutions,Material Costs,Budget,-807083.31
2026-11-01,Italy,Southern Europe,Industrial Solutions,Production Costs,Budget,-261756.75
2026-11-01,Italy,Southern Europe,Industrial Solutions,Personnel Costs,Budget,-316289.41
2026-11-01,Italy,Southern Europe,Industrial Solutions,External Services,Budget,-109065.31
2026-11-01,Italy,Southern Europe,Industrial Solutions,Travel Expenses,Budget,-26046.7
2026-11-01,Italy,Southern Europe,Industrial Solutions,IT Expenses,Budget,-22117.39
2026-11-01,Italy,Southern Europe,Industrial Solutions,Other Operating Expenses,Budget,-38442.81
2026-11-01,Italy,Southern Europe,Industrial Solutions,Depreciation,Budget,-76345.72
2026-11-01,Italy,Southern Europe,Industrial Solutions,Other Operating Income,Budget,8832.72
2026-11-01,Italy,Southern Europe,Industrial Solutions,Revenue,Forecast,2200828.35
2026-11-01,Italy,Southern Europe,Industrial Solutions,Material Costs,Forecast,-801575.51
2026-11-01,Italy,Southern Europe,Industrial Solutions,Production Costs,Forecast,-259970.44
2026-11-01,Italy,Southern Europe,Industrial Solutions,Personnel Costs,Forecast,-314130.94
2026-11-01,Italy,Southern Europe,Industrial Solutions,External Services,Forecast,-108321.01
2026-11-01,Italy,Southern Europe,Industrial Solutions,Travel Expenses,Forecast,-26768.11
2026-11-01,Italy,Southern Europe,Industrial Solutions,IT Expenses,Forecast,-21851.6
2026-11-01,Italy,Southern Europe,Industrial Solutions,Other Operating Expenses,Forecast,-39643.82
2026-11-01,Italy,Southern Europe,Industrial Solutions,Depreciation,Forecast,-77028.99
2026-11-01,Italy,Southern Europe,Industrial Solutions,Other Operating Income,Forecast,9049.09
2026-11-01,Italy,Southern Europe,Services,Revenue,Actual,1353471.7
2026-11-01,Italy,Southern Europe,Services,Material Costs,Actual,-256404.38
2026-11-01,Italy,Southern Europe,Services,Production Costs,Actual,-113957.5
2026-11-01,Italy,Southern Europe,Services,Personnel Costs,Actual,-334750.17
2026-11-01,Italy,Southern Europe,Services,External Services,Actual,-106835.16
2026-11-01,Italy,Southern Europe,Services,Travel Expenses,Actual,-16174.38
2026-11-01,Italy,Southern Europe,Services,IT Expenses,Actual,-13694.73
2026-11-01,Italy,Southern Europe,Services,Other Operating Expenses,Actual,-24297.34
2026-11-01,Italy,Southern Europe,Services,Depreciation,Actual,-27069.43
2026-11-01,Italy,Southern Europe,Services,Other Operating Income,Actual,5834.49
2026-11-01,Italy,Southern Europe,Services,Revenue,Budget,1366183.14
2026-11-01,Italy,Southern Europe,Services,Material Costs,Budget,-245912.97
2026-11-01,Italy,Southern Europe,Services,Production Costs,Budget,-109294.65
2026-11-01,Italy,Southern Europe,Services,Personnel Costs,Budget,-321053.04
2026-11-01,Italy,Southern Europe,Services,External Services,Budget,-102463.74
2026-11-01,Italy,Southern Europe,Services,Travel Expenses,Budget,-15534.87
2026-11-01,Italy,Southern Europe,Services,IT Expenses,Budget,-13687.69
2026-11-01,Italy,Southern Europe,Services,Other Operating Expenses,Budget,-23591.94
2026-11-01,Italy,Southern Europe,Services,Depreciation,Budget,-27323.66
2026-11-01,Italy,Southern Europe,Services,Other Operating Income,Budget,4916.82
2026-11-01,Italy,Southern Europe,Services,Revenue,Forecast,1364164.58
2026-11-01,Italy,Southern Europe,Services,Material Costs,Forecast,-246426.13
2026-11-01,Italy,Southern Europe,Services,Production Costs,Forecast,-109522.72
2026-11-01,Italy,Southern Europe,Services,Personnel Costs,Forecast,-321723.0
2026-11-01,Italy,Southern Europe,Services,External Services,Forecast,-102677.55
2026-11-01,Italy,Southern Europe,Services,Travel Expenses,Forecast,-16438.48
2026-11-01,Italy,Southern Europe,Services,IT Expenses,Forecast,-13563.93
2026-11-01,Italy,Southern Europe,Services,Other Operating Expenses,Forecast,-24489.77
2026-11-01,Italy,Southern Europe,Services,Depreciation,Forecast,-27283.29
2026-11-01,Italy,Southern Europe,Services,Other Operating Income,Forecast,6132.91
2026-11-01,Italy,Southern Europe,Equipment,Revenue,Actual,1787838.57
2026-11-01,Italy,Southern Europe,Equipment,Material Costs,Actual,-774444.74
2026-11-01,Italy,Southern Europe,Equipment,Production Costs,Actual,-270155.14
2026-11-01,Italy,Southern Europe,Equipment,Personnel Costs,Actual,-216124.11
2026-11-01,Italy,Southern Europe,Equipment,External Services,Actual,-72041.37
2026-11-01,Italy,Southern Europe,Equipment,Travel Expenses,Actual,-21300.73
2026-11-01,Italy,Southern Europe,Equipment,IT Expenses,Actual,-17731.6
2026-11-01,Italy,Southern Europe,Equipment,Other Operating Expenses,Actual,-33644.45
2026-11-01,Italy,Southern Europe,Equipment,Depreciation,Actual,-80452.74
2026-11-01,Italy,Southern Europe,Equipment,Other Operating Income,Actual,7488.09
2026-11-01,Italy,Southern Europe,Equipment,Revenue,Budget,1751036.05
2026-11-01,Italy,Southern Europe,Equipment,Material Costs,Budget,-752945.5
2026-11-01,Italy,Southern Europe,Equipment,Production Costs,Budget,-262655.41
2026-11-01,Italy,Southern Europe,Equipment,Personnel Costs,Budget,-210124.33
2026-11-01,Italy,Southern Europe,Equipment,External Services,Budget,-70041.44
2026-11-01,Italy,Southern Europe,Equipment,Travel Expenses,Budget,-21098.63
2026-11-01,Italy,Southern Europe,Equipment,IT Expenses,Budget,-16703.41
2026-11-01,Italy,Southern Europe,Equipment,Other Operating Expenses,Budget,-31234.19
2026-11-01,Italy,Southern Europe,Equipment,Depreciation,Budget,-78796.62
2026-11-01,Italy,Southern Europe,Equipment,Other Operating Income,Budget,7761.44
2026-11-01,Italy,Southern Europe,Equipment,Revenue,Forecast,1762075.8
2026-11-01,Italy,Southern Europe,Equipment,Material Costs,Forecast,-755595.35
2026-11-01,Italy,Southern Europe,Equipment,Production Costs,Forecast,-263579.77
2026-11-01,Italy,Southern Europe,Equipment,Personnel Costs,Forecast,-210863.82
2026-11-01,Italy,Southern Europe,Equipment,External Services,Forecast,-70287.94
2026-11-01,Italy,Southern Europe,Equipment,Travel Expenses,Forecast,-21844.73
2026-11-01,Italy,Southern Europe,Equipment,IT Expenses,Forecast,-18128.92
2026-11-01,Italy,Southern Europe,Equipment,Other Operating Expenses,Forecast,-31890.99
2026-11-01,Italy,Southern Europe,Equipment,Depreciation,Forecast,-79293.41
2026-11-01,Italy,Southern Europe,Equipment,Other Operating Income,Forecast,6810.97
2026-11-01,Switzerland,DACH,Industrial Solutions,Revenue,Actual,2129847.53
2026-11-01,Switzerland,DACH,Industrial Solutions,Material Costs,Actual,-791513.94
2026-11-01,Switzerland,DACH,Industrial Solutions,Production Costs,Actual,-256707.22
2026-11-01,Switzerland,DACH,Industrial Solutions,Personnel Costs,Actual,-310187.9
2026-11-01,Switzerland,DACH,Industrial Solutions,External Services,Actual,-106961.34
2026-11-01,Switzerland,DACH,Industrial Solutions,Travel Expenses,Actual,-24599.88
2026-11-01,Switzerland,DACH,Industrial Solutions,IT Expenses,Actual,-21185.49
2026-11-01,Switzerland,DACH,Industrial Solutions,Other Operating Expenses,Actual,-38369.57
2026-11-01,Switzerland,DACH,Industrial Solutions,Depreciation,Actual,-74544.66
2026-11-01,Switzerland,DACH,Industrial Solutions,Other Operating Income,Actual,8610.92
2026-11-01,Switzerland,DACH,Industrial Solutions,Revenue,Budget,2019252.95
2026-11-01,Switzerland,DACH,Industrial Solutions,Material Costs,Budget,-747123.59
2026-11-01,Switzerland,DACH,Industrial Solutions,Production Costs,Budget,-242310.35
2026-11-01,Switzerland,DACH,Industrial Solutions,Personnel Costs,Budget,-292791.68
2026-11-01,Switzerland,DACH,Industrial Solutions,External Services,Budget,-100962.65
2026-11-01,Switzerland,DACH,Industrial Solutions,Travel Expenses,Budget,-23420.64
2026-11-01,Switzerland,DACH,Industrial Solutions,IT Expenses,Budget,-20675.9
2026-11-01,Switzerland,DACH,Industrial Solutions,Other Operating Expenses,Budget,-35804.18
2026-11-01,Switzerland,DACH,Industrial Solutions,Depreciation,Budget,-70673.85
2026-11-01,Switzerland,DACH,Industrial Solutions,Other Operating Income,Budget,7536.02
2026-11-01,Switzerland,DACH,Industrial Solutions,Revenue,Forecast,2066521.91
2026-11-01,Switzerland,DACH,Industrial Solutions,Material Costs,Forecast,-763612.78
2026-11-01,Switzerland,DACH,Industrial Solutions,Production Costs,Forecast,-247658.2
2026-11-01,Switzerland,DACH,Industrial Solutions,Personnel Costs,Forecast,-299253.66
2026-11-01,Switzerland,DACH,Industrial Solutions,External Services,Forecast,-103190.92
2026-11-01,Switzerland,DACH,Industrial Solutions,Travel Expenses,Forecast,-24823.84
2026-11-01,Switzerland,DACH,Industrial Solutions,IT Expenses,Forecast,-20731.59
2026-11-01,Switzerland,DACH,Industrial Solutions,Other Operating Expenses,Forecast,-38464.09
2026-11-01,Switzerland,DACH,Industrial Solutions,Depreciation,Forecast,-72328.27
2026-11-01,Switzerland,DACH,Industrial Solutions,Other Operating Income,Forecast,8187.91
2026-11-01,Switzerland,DACH,Services,Revenue,Actual,1249828.84
2026-11-01,Switzerland,DACH,Services,Material Costs,Actual,-226005.79
2026-11-01,Switzerland,DACH,Services,Production Costs,Actual,-100447.02
2026-11-01,Switzerland,DACH,Services,Personnel Costs,Actual,-295063.11
2026-11-01,Switzerland,DACH,Services,External Services,Actual,-94169.08
2026-11-01,Switzerland,DACH,Services,Travel Expenses,Actual,-14808.96
2026-11-01,Switzerland,DACH,Services,IT Expenses,Actual,-12022.18
2026-11-01,Switzerland,DACH,Services,Other Operating Expenses,Actual,-23309.29
2026-11-01,Switzerland,DACH,Services,Depreciation,Actual,-24996.58
2026-11-01,Switzerland,DACH,Services,Other Operating Income,Actual,4753.81
2026-11-01,Switzerland,DACH,Services,Revenue,Budget,1298158.59
2026-11-01,Switzerland,DACH,Services,Material Costs,Budget,-233668.55
2026-11-01,Switzerland,DACH,Services,Production Costs,Budget,-103852.69
2026-11-01,Switzerland,DACH,Services,Personnel Costs,Budget,-305067.27
2026-11-01,Switzerland,DACH,Services,External Services,Budget,-97361.89
2026-11-01,Switzerland,DACH,Services,Travel Expenses,Budget,-15301.58
2026-11-01,Switzerland,DACH,Services,IT Expenses,Budget,-13074.62
2026-11-01,Switzerland,DACH,Services,Other Operating Expenses,Budget,-22667.86
2026-11-01,Switzerland,DACH,Services,Depreciation,Budget,-25963.17
2026-11-01,Switzerland,DACH,Services,Other Operating Income,Budget,4882.42
2026-11-01,Switzerland,DACH,Services,Revenue,Forecast,1279924.41
2026-11-01,Switzerland,DACH,Services,Material Costs,Forecast,-224514.45
2026-11-01,Switzerland,DACH,Services,Production Costs,Forecast,-99784.2
2026-11-01,Switzerland,DACH,Services,Personnel Costs,Forecast,-293116.09
2026-11-01,Switzerland,DACH,Services,External Services,Forecast,-93547.69
2026-11-01,Switzerland,DACH,Services,Travel Expenses,Forecast,-15691.31
2026-11-01,Switzerland,DACH,Services,IT Expenses,Forecast,-12659.68
2026-11-01,Switzerland,DACH,Services,Other Operating Expenses,Forecast,-24724.65
2026-11-01,Switzerland,DACH,Services,Depreciation,Forecast,-25598.49
2026-11-01,Switzerland,DACH,Services,Other Operating Income,Forecast,4916.07
2026-11-01,Switzerland,DACH,Equipment,Revenue,Actual,1614111.84
2026-11-01,Switzerland,DACH,Equipment,Material Costs,Actual,-685909.26
2026-11-01,Switzerland,DACH,Equipment,Production Costs,Actual,-239270.67
2026-11-01,Switzerland,DACH,Equipment,Personnel Costs,Actual,-191416.54
2026-11-01,Switzerland,DACH,Equipment,External Services,Actual,-63805.51
2026-11-01,Switzerland,DACH,Equipment,Travel Expenses,Actual,-19725.16
2026-11-01,Switzerland,DACH,Equipment,IT Expenses,Actual,-15825.21
2026-11-01,Switzerland,DACH,Equipment,Other Operating Expenses,Actual,-28050.49
2026-11-01,Switzerland,DACH,Equipment,Depreciation,Actual,-72635.03
2026-11-01,Switzerland,DACH,Equipment,Other Operating Income,Actual,5992.04
2026-11-01,Switzerland,DACH,Equipment,Revenue,Budget,1628489.72
2026-11-01,Switzerland,DACH,Equipment,Material Costs,Budget,-700250.58
2026-11-01,Switzerland,DACH,Equipment,Production Costs,Budget,-244273.46
2026-11-01,Switzerland,DACH,Equipment,Personnel Costs,Budget,-195418.77
2026-11-01,Switzerland,DACH,Equipment,External Services,Budget,-65139.59
2026-11-01,Switzerland,DACH,Equipment,Travel Expenses,Budget,-18238.29
2026-11-01,Switzerland,DACH,Equipment,IT Expenses,Budget,-16116.16
2026-11-01,Switzerland,DACH,Equipment,Other Operating Expenses,Budget,-29092.25
2026-11-01,Switzerland,DACH,Equipment,Depreciation,Budget,-73282.04
2026-11-01,Switzerland,DACH,Equipment,Other Operating Income,Budget,6349.43
2026-11-01,Switzerland,DACH,Equipment,Revenue,Forecast,1623734.04
2026-11-01,Switzerland,DACH,Equipment,Material Costs,Forecast,-708623.47
2026-11-01,Switzerland,DACH,Equipment,Production Costs,Forecast,-247194.23
2026-11-01,Switzerland,DACH,Equipment,Personnel Costs,Forecast,-197755.39
2026-11-01,Switzerland,DACH,Equipment,External Services,Forecast,-65918.46
2026-11-01,Switzerland,DACH,Equipment,Travel Expenses,Forecast,-20202.65
2026-11-01,Switzerland,DACH,Equipment,IT Expenses,Forecast,-16128.61
2026-11-01,Switzerland,DACH,Equipment,Other Operating Expenses,Forecast,-27916.43
2026-11-01,Switzerland,DACH,Equipment,Depreciation,Forecast,-73068.03
2026-11-01,Switzerland,DACH,Equipment,Other Operating Income,Forecast,6347.71
2026-12-01,Austria,DACH,Industrial Solutions,Revenue,Actual,2417573.78
2026-12-01,Austria,DACH,Industrial Solutions,Material Costs,Actual,-910685.32
2026-12-01,Austria,DACH,Industrial Solutions,Production Costs,Actual,-295357.4
2026-12-01,Austria,DACH,Industrial Solutions,Personnel Costs,Actual,-356890.19
2026-12-01,Austria,DACH,Industrial Solutions,External Services,Actual,-123065.58
2026-12-01,Austria,DACH,Industrial Solutions,Travel Expenses,Actual,-28674.47
2026-12-01,Austria,DACH,Industrial Solutions,IT Expenses,Actual,-23868.44
2026-12-01,Austria,DACH,Industrial Solutions,Other Operating Expenses,Actual,-43742.96
2026-12-01,Austria,DACH,Industrial Solutions,Depreciation,Actual,-84615.08
2026-12-01,Austria,DACH,Industrial Solutions,Other Operating Income,Actual,9809.69
2026-12-01,Austria,DACH,Industrial Solutions,Revenue,Budget,2456675.28
2026-12-01,Austria,DACH,Industrial Solutions,Material Costs,Budget,-908969.85
2026-12-01,Austria,DACH,Industrial Solutions,Production Costs,Budget,-294801.03
2026-12-01,Austria,DACH,Industrial Solutions,Personnel Costs,Budget,-356217.92
2026-12-01,Austria,DACH,Industrial Solutions,External Services,Budget,-122833.76
2026-12-01,Austria,DACH,Industrial Solutions,Travel Expenses,Budget,-28674.73
2026-12-01,Austria,DACH,Industrial Solutions,IT Expenses,Budget,-25191.27
2026-12-01,Austria,DACH,Industrial Solutions,Other Operating Expenses,Budget,-43136.69
2026-12-01,Austria,DACH,Industrial Solutions,Depreciation,Budget,-85983.63
2026-12-01,Austria,DACH,Industrial Solutions,Other Operating Income,Budget,9190.8
2026-12-01,Austria,DACH,Industrial Solutions,Revenue,Forecast,2421576.95
2026-12-01,Austria,DACH,Industrial Solutions,Material Costs,Forecast,-900077.52
2026-12-01,Austria,DACH,Industrial Solutions,Production Costs,Forecast,-291917.03
2026-12-01,Austria,DACH,Industrial Solutions,Personnel Costs,Forecast,-352733.08
2026-12-01,Austria,DACH,Industrial Solutions,External Services,Forecast,-121632.1
2026-12-01,Austria,DACH,Industrial Solutions,Travel Expenses,Forecast,-28346.33
2026-12-01,Austria,DACH,Industrial Solutions,IT Expenses,Forecast,-24371.38
2026-12-01,Austria,DACH,Industrial Solutions,Other Operating Expenses,Forecast,-40969.08
2026-12-01,Austria,DACH,Industrial Solutions,Depreciation,Forecast,-84755.19
2026-12-01,Austria,DACH,Industrial Solutions,Other Operating Income,Forecast,10225.82
2026-12-01,Austria,DACH,Services,Revenue,Actual,1465334.05
2026-12-01,Austria,DACH,Services,Material Costs,Actual,-274787.06
2026-12-01,Austria,DACH,Services,Production Costs,Actual,-122127.58
2026-12-01,Austria,DACH,Services,Personnel Costs,Actual,-358749.77
2026-12-01,Austria,DACH,Services,External Services,Actual,-114494.61
2026-12-01,Austria,DACH,Services,Travel Expenses,Actual,-17195.03
2026-12-01,Austria,DACH,Services,IT Expenses,Actual,-14408.87
2026-12-01,Austria,DACH,Services,Other Operating Expenses,Actual,-24881.78
2026-12-01,Austria,DACH,Services,Depreciation,Actual,-29306.68
2026-12-01,Austria,DACH,Services,Other Operating Income,Actual,5779.1
2026-12-01,Austria,DACH,Services,Revenue,Budget,1559030.78
2026-12-01,Austria,DACH,Services,Material Costs,Budget,-280625.54
2026-12-01,Austria,DACH,Services,Production Costs,Budget,-124722.46
2026-12-01,Austria,DACH,Services,Personnel Costs,Budget,-366372.23
2026-12-01,Austria,DACH,Services,External Services,Budget,-116927.31
2026-12-01,Austria,DACH,Services,Travel Expenses,Budget,-18580.56
2026-12-01,Austria,DACH,Services,IT Expenses,Budget,-15813.4
2026-12-01,Austria,DACH,Services,Other Operating Expenses,Budget,-27081.01
2026-12-01,Austria,DACH,Services,Depreciation,Budget,-31180.62
2026-12-01,Austria,DACH,Services,Other Operating Income,Budget,5856.9
2026-12-01,Austria,DACH,Services,Revenue,Forecast,1489663.55
2026-12-01,Austria,DACH,Services,Material Costs,Forecast,-269590.49
2026-12-01,Austria,DACH,Services,Production Costs,Forecast,-119818.0
2026-12-01,Austria,DACH,Services,Personnel Costs,Forecast,-351965.36
2026-12-01,Austria,DACH,Services,External Services,Forecast,-112329.37
2026-12-01,Austria,DACH,Services,Travel Expenses,Forecast,-18415.85
2026-12-01,Austria,DACH,Services,IT Expenses,Forecast,-14428.54
2026-12-01,Austria,DACH,Services,Other Operating Expenses,Forecast,-27538.94
2026-12-01,Austria,DACH,Services,Depreciation,Forecast,-29793.27
2026-12-01,Austria,DACH,Services,Other Operating Income,Forecast,5967.6
2026-12-01,Austria,DACH,Equipment,Revenue,Actual,1954153.72
2026-12-01,Austria,DACH,Equipment,Material Costs,Actual,-837093.7
2026-12-01,Austria,DACH,Equipment,Production Costs,Actual,-292009.43
2026-12-01,Austria,DACH,Equipment,Personnel Costs,Actual,-233607.54
2026-12-01,Austria,DACH,Equipment,External Services,Actual,-77869.18
2026-12-01,Austria,DACH,Equipment,Travel Expenses,Actual,-24195.65
2026-12-01,Austria,DACH,Equipment,IT Expenses,Actual,-19192.23
2026-12-01,Austria,DACH,Equipment,Other Operating Expenses,Actual,-34833.6
2026-12-01,Austria,DACH,Equipment,Depreciation,Actual,-87936.92
2026-12-01,Austria,DACH,Equipment,Other Operating Income,Actual,7761.54
2026-12-01,Austria,DACH,Equipment,Revenue,Budget,1984634.05
2026-12-01,Austria,DACH,Equipment,Material Costs,Budget,-853392.64
2026-12-01,Austria,DACH,Equipment,Production Costs,Budget,-297695.11
2026-12-01,Austria,DACH,Equipment,Personnel Costs,Budget,-238156.09
2026-12-01,Austria,DACH,Equipment,External Services,Budget,-79385.36
2026-12-01,Austria,DACH,Equipment,Travel Expenses,Budget,-21744.0
2026-12-01,Austria,DACH,Equipment,IT Expenses,Budget,-20509.74
2026-12-01,Austria,DACH,Equipment,Other Operating Expenses,Budget,-34918.41
2026-12-01,Austria,DACH,Equipment,Depreciation,Budget,-89308.53
2026-12-01,Austria,DACH,Equipment,Other Operating Income,Budget,8099.13
2026-12-01,Austria,DACH,Equipment,Revenue,Forecast,1928161.75
2026-12-01,Austria,DACH,Equipment,Material Costs,Forecast,-828246.94
2026-12-01,Austria,DACH,Equipment,Production Costs,Forecast,-288923.35
2026-12-01,Austria,DACH,Equipment,Personnel Costs,Forecast,-231138.68
2026-12-01,Austria,DACH,Equipment,External Services,Forecast,-77046.23
2026-12-01,Austria,DACH,Equipment,Travel Expenses,Forecast,-24010.9
2026-12-01,Austria,DACH,Equipment,IT Expenses,Forecast,-19438.21
2026-12-01,Austria,DACH,Equipment,Other Operating Expenses,Forecast,-34503.07
2026-12-01,Austria,DACH,Equipment,Depreciation,Forecast,-86767.28
2026-12-01,Austria,DACH,Equipment,Other Operating Income,Forecast,7436.99
2026-12-01,Germany,DACH,Industrial Solutions,Revenue,Actual,3121514.7
2026-12-01,Germany,DACH,Industrial Solutions,Material Costs,Actual,-1123226.61
2026-12-01,Germany,DACH,Industrial Solutions,Production Costs,Actual,-364289.71
2026-12-01,Germany,DACH,Industrial Solutions,Personnel Costs,Actual,-440183.4
2026-12-01,Germany,DACH,Industrial Solutions,External Services,Actual,-151787.38
2026-12-01,Germany,DACH,Industrial Solutions,Travel Expenses,Actual,-38865.42
2026-12-01,Germany,DACH,Industrial Solutions,IT Expenses,Actual,-31315.85
2026-12-01,Germany,DACH,Industrial Solutions,Other Operating Expenses,Actual,-57092.05
2026-12-01,Germany,DACH,Industrial Solutions,Depreciation,Actual,-109253.01
2026-12-01,Germany,DACH,Industrial Solutions,Other Operating Income,Actual,12527.01
2026-12-01,Germany,DACH,Industrial Solutions,Revenue,Budget,3372539.66
2026-12-01,Germany,DACH,Industrial Solutions,Material Costs,Budget,-1247839.67
2026-12-01,Germany,DACH,Industrial Solutions,Production Costs,Budget,-404704.76
2026-12-01,Germany,DACH,Industrial Solutions,Personnel Costs,Budget,-489018.25
2026-12-01,Germany,DACH,Industrial Solutions,External Services,Budget,-168626.98
2026-12-01,Germany,DACH,Industrial Solutions,Travel Expenses,Budget,-38342.89
2026-12-01,Germany,DACH,Industrial Solutions,IT Expenses,Budget,-33144.83
2026-12-01,Germany,DACH,Industrial Solutions,Other Operating Expenses,Budget,-61726.16
2026-12-01,Germany,DACH,Industrial Solutions,Depreciation,Budget,-118038.89
2026-12-01,Germany,DACH,Industrial Solutions,Other Operating Income,Budget,13580.09
2026-12-01,Germany,DACH,Industrial Solutions,Revenue,Forecast,3251188.87
2026-12-01,Germany,DACH,Industrial Solutions,Material Costs,Forecast,-1219987.8
2026-12-01,Germany,DACH,Industrial Solutions,Production Costs,Forecast,-395671.72
2026-12-01,Germany,DACH,Industrial Solutions,Personnel Costs,Forecast,-478103.33
2026-12-01,Germany,DACH,Industrial Solutions,External Services,Forecast,-164863.22
2026-12-01,Germany,DACH,Industrial Solutions,Travel Expenses,Forecast,-39486.27
2026-12-01,Germany,DACH,Industrial Solutions,IT Expenses,Forecast,-31883.3
2026-12-01,Germany,DACH,Industrial Solutions,Other Operating Expenses,Forecast,-57356.73
2026-12-01,Germany,DACH,Industrial Solutions,Depreciation,Forecast,-113791.61
2026-12-01,Germany,DACH,Industrial Solutions,Other Operating Income,Forecast,13058.29
2026-12-01,Germany,DACH,Services,Revenue,Actual,2309590.05
2026-12-01,Germany,DACH,Services,Material Costs,Actual,-454187.71
2026-12-01,Germany,DACH,Services,Production Costs,Actual,-201861.2
2026-12-01,Germany,DACH,Services,Personnel Costs,Actual,-592967.29
2026-12-01,Germany,DACH,Services,External Services,Actual,-189244.88
2026-12-01,Germany,DACH,Services,Travel Expenses,Actual,-26400.88
2026-12-01,Germany,DACH,Services,IT Expenses,Actual,-23670.79
2026-12-01,Germany,DACH,Services,Other Operating Expenses,Actual,-43891.85
2026-12-01,Germany,DACH,Services,Depreciation,Actual,-46191.8
2026-12-01,Germany,DACH,Services,Other Operating Income,Actual,8750.25
2026-12-01,Germany,DACH,Services,Revenue,Budget,2029871.34
2026-12-01,Germany,DACH,Services,Material Costs,Budget,-365376.84
2026-12-01,Germany,DACH,Services,Production Costs,Budget,-162389.71
2026-12-01,Germany,DACH,Services,Personnel Costs,Budget,-477019.76
2026-12-01,Germany,DACH,Services,External Services,Budget,-152240.35
2026-12-01,Germany,DACH,Services,Travel Expenses,Budget,-24922.16
2026-12-01,Germany,DACH,Services,IT Expenses,Budget,-20299.16
2026-12-01,Germany,DACH,Services,Other Operating Expenses,Budget,-35126.93
2026-12-01,Germany,DACH,Services,Depreciation,Budget,-40597.43
2026-12-01,Germany,DACH,Services,Other Operating Income,Budget,8279.56
2026-12-01,Germany,DACH,Services,Revenue,Forecast,2191433.83
2026-12-01,Germany,DACH,Services,Material Costs,Forecast,-398403.95
2026-12-01,Germany,DACH,Services,Production Costs,Forecast,-177068.42
2026-12-01,Germany,DACH,Services,Personnel Costs,Forecast,-520138.49
2026-12-01,Germany,DACH,Services,External Services,Forecast,-166001.64
2026-12-01,Germany,DACH,Services,Travel Expenses,Forecast,-25822.97
2026-12-01,Germany,DACH,Services,IT Expenses,Forecast,-22425.34
2026-12-01,Germany,DACH,Services,Other Operating Expenses,Forecast,-37802.14
2026-12-01,Germany,DACH,Services,Depreciation,Forecast,-43828.68
2026-12-01,Germany,DACH,Services,Other Operating Income,Forecast,8241.63
2026-12-01,Germany,DACH,Equipment,Revenue,Actual,2646956.9
2026-12-01,Germany,DACH,Equipment,Material Costs,Actual,-1161228.31
2026-12-01,Germany,DACH,Equipment,Production Costs,Actual,-405079.64
2026-12-01,Germany,DACH,Equipment,Personnel Costs,Actual,-324063.71
2026-12-01,Germany,DACH,Equipment,External Services,Actual,-108021.24
2026-12-01,Germany,DACH,Equipment,Travel Expenses,Actual,-32269.37
2026-12-01,Germany,DACH,Equipment,IT Expenses,Actual,-26923.86
2026-12-01,Germany,DACH,Equipment,Other Operating Expenses,Actual,-47498.55
2026-12-01,Germany,DACH,Equipment,Depreciation,Actual,-119113.06
2026-12-01,Germany,DACH,Equipment,Other Operating Income,Actual,10843.03
2026-12-01,Germany,DACH,Equipment,Revenue,Budget,2648942.17
2026-12-01,Germany,DACH,Equipment,Material Costs,Budget,-1139045.13
2026-12-01,Germany,DACH,Equipment,Production Costs,Budget,-397341.33
2026-12-01,Germany,DACH,Equipment,Personnel Costs,Budget,-317873.06
2026-12-01,Germany,DACH,Equipment,External Services,Budget,-105957.69
2026-12-01,Germany,DACH,Equipment,Travel Expenses,Budget,-31362.33
2026-12-01,Germany,DACH,Equipment,IT Expenses,Budget,-27577.51
2026-12-01,Germany,DACH,Equipment,Other Operating Expenses,Budget,-46712.39
2026-12-01,Germany,DACH,Equipment,Depreciation,Budget,-119202.4
2026-12-01,Germany,DACH,Equipment,Other Operating Income,Budget,11488.06
2026-12-01,Germany,DACH,Equipment,Revenue,Forecast,2632671.24
2026-12-01,Germany,DACH,Equipment,Material Costs,Forecast,-1132522.57
2026-12-01,Germany,DACH,Equipment,Production Costs,Forecast,-395066.01
2026-12-01,Germany,DACH,Equipment,Personnel Costs,Forecast,-316052.81
2026-12-01,Germany,DACH,Equipment,External Services,Forecast,-105350.94
2026-12-01,Germany,DACH,Equipment,Travel Expenses,Forecast,-30288.4
2026-12-01,Germany,DACH,Equipment,IT Expenses,Forecast,-27047.05
2026-12-01,Germany,DACH,Equipment,Other Operating Expenses,Forecast,-47537.24
2026-12-01,Germany,DACH,Equipment,Depreciation,Forecast,-118470.21
2026-12-01,Germany,DACH,Equipment,Other Operating Income,Forecast,10889.2
2026-12-01,France,Western Europe,Industrial Solutions,Revenue,Actual,2754131.16
2026-12-01,France,Western Europe,Industrial Solutions,Material Costs,Actual,-1043885.52
2026-12-01,France,Western Europe,Industrial Solutions,Production Costs,Actual,-338557.47
2026-12-01,France,Western Europe,Industrial Solutions,Personnel Costs,Actual,-409090.27
2026-12-01,France,Western Europe,Industrial Solutions,External Services,Actual,-141065.61
2026-12-01,France,Western Europe,Industrial Solutions,Travel Expenses,Actual,-33050.32
2026-12-01,France,Western Europe,Industrial Solutions,IT Expenses,Actual,-27919.1
2026-12-01,France,Western Europe,Industrial Solutions,Other Operating Expenses,Actual,-46905.12
2026-12-01,France,Western Europe,Industrial Solutions,Depreciation,Actual,-96394.59
2026-12-01,France,Western Europe,Industrial Solutions,Other Operating Income,Actual,11213.49
2026-12-01,France,Western Europe,Industrial Solutions,Revenue,Budget,2761909.98
2026-12-01,France,Western Europe,Industrial Solutions,Material Costs,Budget,-1021906.69
2026-12-01,France,Western Europe,Industrial Solutions,Production Costs,Budget,-331429.2
2026-12-01,France,Western Europe,Industrial Solutions,Personnel Costs,Budget,-400476.95
2026-12-01,France,Western Europe,Industrial Solutions,External Services,Budget,-138095.5
2026-12-01,France,Western Europe,Industrial Solutions,Travel Expenses,Budget,-32507.98
2026-12-01,France,Western Europe,Industrial Solutions,IT Expenses,Budget,-28532.36
2026-12-01,France,Western Europe,Industrial Solutions,Other Operating Expenses,Budget,-50488.79
2026-12-01,France,Western Europe,Industrial Solutions,Depreciation,Budget,-96666.85
2026-12-01,France,Western Europe,Industrial Solutions,Other Operating Income,Budget,11153.63
2026-12-01,France,Western Europe,Industrial Solutions,Revenue,Forecast,2744566.18
2026-12-01,France,Western Europe,Industrial Solutions,Material Costs,Forecast,-1021415.6
2026-12-01,France,Western Europe,Industrial Solutions,Production Costs,Forecast,-331269.92
2026-12-01,France,Western Europe,Industrial Solutions,Personnel Costs,Forecast,-400284.49
2026-12-01,France,Western Europe,Industrial Solutions,External Services,Forecast,-138029.13
2026-12-01,France,Western Europe,Industrial Solutions,Travel Expenses,Forecast,-31948.29
2026-12-01,France,Western Europe,Industrial Solutions,IT Expenses,Forecast,-28336.69
2026-12-01,France,Western Europe,Industrial Solutions,Other Operating Expenses,Forecast,-51861.64
2026-12-01,France,Western Europe,Industrial Solutions,Depreciation,Forecast,-96059.82
2026-12-01,France,Western Europe,Industrial Solutions,Other Operating Income,Forecast,11150.81
2026-12-01,France,Western Europe,Services,Revenue,Actual,1667320.91
2026-12-01,France,Western Europe,Services,Material Costs,Actual,-300424.82
2026-12-01,France,Western Europe,Services,Production Costs,Actual,-133522.14
2026-12-01,France,Western Europe,Services,Personnel Costs,Actual,-392221.29
2026-12-01,France,Western Europe,Services,External Services,Actual,-125177.01
2026-12-01,France,Western Europe,Services,Travel Expenses,Actual,-20268.92
2026-12-01,France,Western Europe,Services,IT Expenses,Actual,-16541.83
2026-12-01,France,Western Europe,Services,Other Operating Expenses,Actual,-30415.26
2026-12-01,France,Western Europe,Services,Depreciation,Actual,-33346.42
2026-12-01,France,Western Europe,Services,Other Operating Income,Actual,6751.02
2026-12-01,France,Western Europe,Services,Revenue,Budget,1733676.63
2026-12-01,France,Western Europe,Services,Material Costs,Budget,-312061.79
2026-12-01,France,Western Europe,Services,Production Costs,Budget,-138694.13
2026-12-01,France,Western Europe,Services,Personnel Costs,Budget,-407414.01
2026-12-01,France,Western Europe,Services,External Services,Budget,-130025.75
2026-12-01,France,Western Europe,Services,Travel Expenses,Budget,-20181.05
2026-12-01,France,Western Europe,Services,IT Expenses,Budget,-17516.65
2026-12-01,France,Western Europe,Services,Other Operating Expenses,Budget,-31879.86
2026-12-01,France,Western Europe,Services,Depreciation,Budget,-34673.53
2026-12-01,France,Western Europe,Services,Other Operating Income,Budget,6982.27
2026-12-01,France,Western Europe,Services,Revenue,Forecast,1686358.22
2026-12-01,France,Western Europe,Services,Material Costs,Forecast,-307743.04
2026-12-01,France,Western Europe,Services,Production Costs,Forecast,-136774.68
2026-12-01,France,Western Europe,Services,Personnel Costs,Forecast,-401775.63
2026-12-01,France,Western Europe,Services,External Services,Forecast,-128226.27
2026-12-01,France,Western Europe,Services,Travel Expenses,Forecast,-19497.23
2026-12-01,France,Western Europe,Services,IT Expenses,Forecast,-17021.41
2026-12-01,France,Western Europe,Services,Other Operating Expenses,Forecast,-29466.37
2026-12-01,France,Western Europe,Services,Depreciation,Forecast,-33727.16
2026-12-01,France,Western Europe,Services,Other Operating Income,Forecast,6444.83
2026-12-01,France,Western Europe,Equipment,Revenue,Actual,1948366.74
2026-12-01,France,Western Europe,Equipment,Material Costs,Actual,-833312.33
2026-12-01,France,Western Europe,Equipment,Production Costs,Actual,-290690.35
2026-12-01,France,Western Europe,Equipment,Personnel Costs,Actual,-232552.28
2026-12-01,France,Western Europe,Equipment,External Services,Actual,-77517.43
2026-12-01,France,Western Europe,Equipment,Travel Expenses,Actual,-23967.59
2026-12-01,France,Western Europe,Equipment,IT Expenses,Actual,-19358.52
2026-12-01,France,Western Europe,Equipment,Other Operating Expenses,Actual,-33680.38
2026-12-01,France,Western Europe,Equipment,Depreciation,Actual,-87676.5
2026-12-01,France,Western Europe,Equipment,Other Operating Income,Actual,8148.87
2026-12-01,France,Western Europe,Equipment,Revenue,Budget,2138550.29
2026-12-01,France,Western Europe,Equipment,Material Costs,Budget,-919576.62
2026-12-01,France,Western Europe,Equipment,Production Costs,Budget,-320782.54
2026-12-01,France,Western Europe,Equipment,Personnel Costs,Budget,-256626.03
2026-12-01,France,Western Europe,Equipment,External Services,Budget,-85542.01
2026-12-01,France,Western Europe,Equipment,Travel Expenses,Budget,-25018.15
2026-12-01,France,Western Europe,Equipment,IT Expenses,Budget,-21360.39
2026-12-01,France,Western Europe,Equipment,Other Operating Expenses,Budget,-38923.63
2026-12-01,France,Western Europe,Equipment,Depreciation,Budget,-96234.76
2026-12-01,France,Western Europe,Equipment,Other Operating Income,Budget,8622.5
2026-12-01,France,Western Europe,Equipment,Revenue,Forecast,2025032.57
2026-12-01,France,Western Europe,Equipment,Material Costs,Forecast,-882197.27
2026-12-01,France,Western Europe,Equipment,Production Costs,Forecast,-307743.23
2026-12-01,France,Western Europe,Equipment,Personnel Costs,Forecast,-246194.59
2026-12-01,France,Western Europe,Equipment,External Services,Forecast,-82064.86
2026-12-01,France,Western Europe,Equipment,Travel Expenses,Forecast,-24649.59
2026-12-01,France,Western Europe,Equipment,IT Expenses,Forecast,-19901.49
2026-12-01,France,Western Europe,Equipment,Other Operating Expenses,Forecast,-38435.83
2026-12-01,France,Western Europe,Equipment,Depreciation,Forecast,-91126.47
2026-12-01,France,Western Europe,Equipment,Other Operating Income,Forecast,8163.1
2026-12-01,Italy,Southern Europe,Industrial Solutions,Revenue,Actual,2046375.19
2026-12-01,Italy,Southern Europe,Industrial Solutions,Material Costs,Actual,-764715.8
2026-12-01,Italy,Southern Europe,Industrial Solutions,Production Costs,Actual,-248015.93
2026-12-01,Italy,Southern Europe,Industrial Solutions,Personnel Costs,Actual,-299685.92
2026-12-01,Italy,Southern Europe,Industrial Solutions,External Services,Actual,-103339.97
2026-12-01,Italy,Southern Europe,Industrial Solutions,Travel Expenses,Actual,-26392.48
2026-12-01,Italy,Southern Europe,Industrial Solutions,IT Expenses,Actual,-20351.15
2026-12-01,Italy,Southern Europe,Industrial Solutions,Other Operating Expenses,Actual,-36542.14
2026-12-01,Italy,Southern Europe,Industrial Solutions,Depreciation,Actual,-71623.13
2026-12-01,Italy,Southern Europe,Industrial Solutions,Other Operating Income,Actual,8223.67
2026-12-01,Italy,Southern Europe,Industrial Solutions,Revenue,Budget,1976088.95
2026-12-01,Italy,Southern Europe,Industrial Solutions,Material Costs,Budget,-731152.91
2026-12-01,Italy,Southern Europe,Industrial Solutions,Production Costs,Budget,-237130.67
2026-12-01,Italy,Southern Europe,Industrial Solutions,Personnel Costs,Budget,-286532.9
2026-12-01,Italy,Southern Europe,Industrial Solutions,External Services,Budget,-98804.45
2026-12-01,Italy,Southern Europe,Industrial Solutions,Travel Expenses,Budget,-24475.34
2026-12-01,Italy,Southern Europe,Industrial Solutions,IT Expenses,Budget,-19165.48
2026-12-01,Italy,Southern Europe,Industrial Solutions,Other Operating Expenses,Budget,-33821.75
2026-12-01,Italy,Southern Europe,Industrial Solutions,Depreciation,Budget,-69163.11
2026-12-01,Italy,Southern Europe,Industrial Solutions,Other Operating Income,Budget,7718.73
2026-12-01,Italy,Southern Europe,Industrial Solutions,Revenue,Forecast,2018767.02
2026-12-01,Italy,Southern Europe,Industrial Solutions,Material Costs,Forecast,-732298.42
2026-12-01,Italy,Southern Europe,Industrial Solutions,Production Costs,Forecast,-237502.19
2026-12-01,Italy,Southern Europe,Industrial Solutions,Personnel Costs,Forecast,-286981.81
2026-12-01,Italy,Southern Europe,Industrial Solutions,External Services,Forecast,-98959.25
2026-12-01,Italy,Southern Europe,Industrial Solutions,Travel Expenses,Forecast,-23916.46
2026-12-01,Italy,Southern Europe,Industrial Solutions,IT Expenses,Forecast,-20390.56
2026-12-01,Italy,Southern Europe,Industrial Solutions,Other Operating Expenses,Forecast,-35528.61
2026-12-01,Italy,Southern Europe,Industrial Solutions,Depreciation,Forecast,-70656.85
2026-12-01,Italy,Southern Europe,Industrial Solutions,Other Operating Income,Forecast,7614.2
2026-12-01,Italy,Southern Europe,Services,Revenue,Actual,1274594.3
2026-12-01,Italy,Southern Europe,Services,Material Costs,Actual,-234131.56
2026-12-01,Italy,Southern Europe,Services,Production Costs,Actual,-104058.47
2026-12-01,Italy,Southern Europe,Services,Personnel Costs,Actual,-305671.76
2026-12-01,Italy,Southern Europe,Services,External Services,Actual,-97554.82
2026-12-01,Italy,Southern Europe,Services,Travel Expenses,Actual,-15670.16
2026-12-01,Italy,Southern Europe,Services,IT Expenses,Actual,-12989.16
2026-12-01,Italy,Southern Europe,Services,Other Operating Expenses,Actual,-23641.58
2026-12-01,Italy,Southern Europe,Services,Depreciation,Actual,-25491.89
2026-12-01,Italy,Southern Europe,Services,Other Operating Income,Actual,5547.45
2026-12-01,Italy,Southern Europe,Services,Revenue,Budget,1238272.58
2026-12-01,Italy,Southern Europe,Services,Material Costs,Budget,-222889.06
2026-12-01,Italy,Southern Europe,Services,Production Costs,Budget,-99061.81
2026-12-01,Italy,Southern Europe,Services,Personnel Costs,Budget,-290994.06
2026-12-01,Italy,Southern Europe,Services,External Services,Budget,-92870.44
2026-12-01,Italy,Southern Europe,Services,Travel Expenses,Budget,-14700.53
2026-12-01,Italy,Southern Europe,Services,IT Expenses,Budget,-12409.86
2026-12-01,Italy,Southern Europe,Services,Other Operating Expenses,Budget,-22056.86
2026-12-01,Italy,Southern Europe,Services,Depreciation,Budget,-24765.45
2026-12-01,Italy,Southern Europe,Services,Other Operating Income,Budget,4953.48
2026-12-01,Italy,Southern Europe,Services,Revenue,Forecast,1241187.93
2026-12-01,Italy,Southern Europe,Services,Material Costs,Forecast,-227523.41
2026-12-01,Italy,Southern Europe,Services,Production Costs,Forecast,-101121.52
2026-12-01,Italy,Southern Europe,Services,Personnel Costs,Forecast,-297044.45
2026-12-01,Italy,Southern Europe,Services,External Services,Forecast,-94801.42
2026-12-01,Italy,Southern Europe,Services,Travel Expenses,Forecast,-14293.27
2026-12-01,Italy,Southern Europe,Services,IT Expenses,Forecast,-12198.13
2026-12-01,Italy,Southern Europe,Services,Other Operating Expenses,Forecast,-23110.59
2026-12-01,Italy,Southern Europe,Services,Depreciation,Forecast,-24823.76
2026-12-01,Italy,Southern Europe,Services,Other Operating Income,Forecast,5167.32
2026-12-01,Italy,Southern Europe,Equipment,Revenue,Actual,1614039.54
2026-12-01,Italy,Southern Europe,Equipment,Material Costs,Actual,-720068.16
2026-12-01,Italy,Southern Europe,Equipment,Production Costs,Actual,-251186.57
2026-12-01,Italy,Southern Europe,Equipment,Personnel Costs,Actual,-200949.25
2026-12-01,Italy,Southern Europe,Equipment,External Services,Actual,-66983.08
2026-12-01,Italy,Southern Europe,Equipment,Travel Expenses,Actual,-19411.77
2026-12-01,Italy,Southern Europe,Equipment,IT Expenses,Actual,-16471.48
2026-12-01,Italy,Southern Europe,Equipment,Other Operating Expenses,Actual,-30971.65
2026-12-01,Italy,Southern Europe,Equipment,Depreciation,Actual,-72631.78
2026-12-01,Italy,Southern Europe,Equipment,Other Operating Income,Actual,6610.62
2026-12-01,Italy,Southern Europe,Equipment,Revenue,Budget,1560345.56
2026-12-01,Italy,Southern Europe,Equipment,Material Costs,Budget,-670948.59
2026-12-01,Italy,Southern Europe,Equipment,Production Costs,Budget,-234051.83
2026-12-01,Italy,Southern Europe,Equipment,Personnel Costs,Budget,-187241.47
2026-12-01,Italy,Southern Europe,Equipment,External Services,Budget,-62413.82
2026-12-01,Italy,Southern Europe,Equipment,Travel Expenses,Budget,-18751.86
2026-12-01,Italy,Southern Europe,Equipment,IT Expenses,Budget,-15828.91
2026-12-01,Italy,Southern Europe,Equipment,Other Operating Expenses,Budget,-27829.74
2026-12-01,Italy,Southern Europe,Equipment,Depreciation,Budget,-70215.55
2026-12-01,Italy,Southern Europe,Equipment,Other Operating Income,Budget,6837.55
2026-12-01,Italy,Southern Europe,Equipment,Revenue,Forecast,1594217.18
2026-12-01,Italy,Southern Europe,Equipment,Material Costs,Forecast,-686994.68
2026-12-01,Italy,Southern Europe,Equipment,Production Costs,Forecast,-239649.31
2026-12-01,Italy,Southern Europe,Equipment,Personnel Costs,Forecast,-191719.45
2026-12-01,Italy,Southern Europe,Equipment,External Services,Forecast,-63906.48
2026-12-01,Italy,Southern Europe,Equipment,Travel Expenses,Forecast,-18973.96
2026-12-01,Italy,Southern Europe,Equipment,IT Expenses,Forecast,-15675.72
2026-12-01,Italy,Southern Europe,Equipment,Other Operating Expenses,Forecast,-29483.05
2026-12-01,Italy,Southern Europe,Equipment,Depreciation,Forecast,-71739.77
2026-12-01,Italy,Southern Europe,Equipment,Other Operating Income,Forecast,6598.07
2026-12-01,Switzerland,DACH,Industrial Solutions,Revenue,Actual,1893308.26
2026-12-01,Switzerland,DACH,Industrial Solutions,Material Costs,Actual,-703763.46
2026-12-01,Switzerland,DACH,Industrial Solutions,Production Costs,Actual,-228247.61
2026-12-01,Switzerland,DACH,Industrial Solutions,Personnel Costs,Actual,-275799.2
2026-12-01,Switzerland,DACH,Industrial Solutions,External Services,Actual,-95103.17
2026-12-01,Switzerland,DACH,Industrial Solutions,Travel Expenses,Actual,-23028.29
2026-12-01,Switzerland,DACH,Industrial Solutions,IT Expenses,Actual,-19579.58
2026-12-01,Switzerland,DACH,Industrial Solutions,Other Operating Expenses,Actual,-33422.82
2026-12-01,Switzerland,DACH,Industrial Solutions,Depreciation,Actual,-66265.79
2026-12-01,Switzerland,DACH,Industrial Solutions,Other Operating Income,Actual,7185.98
2026-12-01,Switzerland,DACH,Industrial Solutions,Revenue,Budget,1844788.44
2026-12-01,Switzerland,DACH,Industrial Solutions,Material Costs,Budget,-682571.72
2026-12-01,Switzerland,DACH,Industrial Solutions,Production Costs,Budget,-221374.61
2026-12-01,Switzerland,DACH,Industrial Solutions,Personnel Costs,Budget,-267494.32
2026-12-01,Switzerland,DACH,Industrial Solutions,External Services,Budget,-92239.42
2026-12-01,Switzerland,DACH,Industrial Solutions,Travel Expenses,Budget,-21542.79
2026-12-01,Switzerland,DACH,Industrial Solutions,IT Expenses,Budget,-17954.75
2026-12-01,Switzerland,DACH,Industrial Solutions,Other Operating Expenses,Budget,-34315.82
2026-12-01,Switzerland,DACH,Industrial Solutions,Depreciation,Budget,-64567.6
2026-12-01,Switzerland,DACH,Industrial Solutions,Other Operating Income,Budget,7836.26
2026-12-01,Switzerland,DACH,Industrial Solutions,Revenue,Forecast,1848888.55
2026-12-01,Switzerland,DACH,Industrial Solutions,Material Costs,Forecast,-686717.44
2026-12-01,Switzerland,DACH,Industrial Solutions,Production Costs,Forecast,-222719.17
2026-12-01,Switzerland,DACH,Industrial Solutions,Personnel Costs,Forecast,-269119.0
2026-12-01,Switzerland,DACH,Industrial Solutions,External Services,Forecast,-92799.65
2026-12-01,Switzerland,DACH,Industrial Solutions,Travel Expenses,Forecast,-22999.56
2026-12-01,Switzerland,DACH,Industrial Solutions,IT Expenses,Forecast,-18538.42
2026-12-01,Switzerland,DACH,Industrial Solutions,Other Operating Expenses,Forecast,-33200.86
2026-12-01,Switzerland,DACH,Industrial Solutions,Depreciation,Forecast,-64711.1
2026-12-01,Switzerland,DACH,Industrial Solutions,Other Operating Income,Forecast,7297.03
2026-12-01,Switzerland,DACH,Services,Revenue,Actual,1097079.28
2026-12-01,Switzerland,DACH,Services,Material Costs,Actual,-197275.15
2026-12-01,Switzerland,DACH,Services,Production Costs,Actual,-87677.84
2026-12-01,Switzerland,DACH,Services,Personnel Costs,Actual,-257553.67
2026-12-01,Switzerland,DACH,Services,External Services,Actual,-82197.98
2026-12-01,Switzerland,DACH,Services,Travel Expenses,Actual,-13459.33
2026-12-01,Switzerland,DACH,Services,IT Expenses,Actual,-10991.31
2026-12-01,Switzerland,DACH,Services,Other Operating Expenses,Actual,-19667.1
2026-12-01,Switzerland,DACH,Services,Depreciation,Actual,-21941.59
2026-12-01,Switzerland,DACH,Services,Other Operating Income,Actual,4235.39
2026-12-01,Switzerland,DACH,Services,Revenue,Budget,1155595.12
2026-12-01,Switzerland,DACH,Services,Material Costs,Budget,-208007.12
2026-12-01,Switzerland,DACH,Services,Production Costs,Budget,-92447.61
2026-12-01,Switzerland,DACH,Services,Personnel Costs,Budget,-271564.85
2026-12-01,Switzerland,DACH,Services,External Services,Budget,-86669.63
2026-12-01,Switzerland,DACH,Services,Travel Expenses,Budget,-13897.16
2026-12-01,Switzerland,DACH,Services,IT Expenses,Budget,-11726.57
2026-12-01,Switzerland,DACH,Services,Other Operating Expenses,Budget,-20206.16
2026-12-01,Switzerland,DACH,Services,Depreciation,Budget,-23111.9
2026-12-01,Switzerland,DACH,Services,Other Operating Income,Budget,4638.55
2026-12-01,Switzerland,DACH,Services,Revenue,Forecast,1125786.34
2026-12-01,Switzerland,DACH,Services,Material Costs,Forecast,-203208.23
2026-12-01,Switzerland,DACH,Services,Production Costs,Forecast,-90314.77
2026-12-01,Switzerland,DACH,Services,Personnel Costs,Forecast,-265299.64
2026-12-01,Switzerland,DACH,Services,External Services,Forecast,-84670.1
2026-12-01,Switzerland,DACH,Services,Travel Expenses,Forecast,-13218.42
2026-12-01,Switzerland,DACH,Services,IT Expenses,Forecast,-11125.5
2026-12-01,Switzerland,DACH,Services,Other Operating Expenses,Forecast,-20380.98
2026-12-01,Switzerland,DACH,Services,Depreciation,Forecast,-22515.73
2026-12-01,Switzerland,DACH,Services,Other Operating Income,Forecast,4298.99
2026-12-01,Switzerland,DACH,Equipment,Revenue,Actual,1423184.49
2026-12-01,Switzerland,DACH,Equipment,Material Costs,Actual,-647736.3
2026-12-01,Switzerland,DACH,Equipment,Production Costs,Actual,-225954.52
2026-12-01,Switzerland,DACH,Equipment,Personnel Costs,Actual,-180763.62
2026-12-01,Switzerland,DACH,Equipment,External Services,Actual,-60254.54
2026-12-01,Switzerland,DACH,Equipment,Travel Expenses,Actual,-16637.21
2026-12-01,Switzerland,DACH,Equipment,IT Expenses,Actual,-14383.9
2026-12-01,Switzerland,DACH,Equipment,Other Operating Expenses,Actual,-25151.89
2026-12-01,Switzerland,DACH,Equipment,Depreciation,Actual,-64043.3
2026-12-01,Switzerland,DACH,Equipment,Other Operating Income,Actual,5929.77
2026-12-01,Switzerland,DACH,Equipment,Revenue,Budget,1475395.63
2026-12-01,Switzerland,DACH,Equipment,Material Costs,Budget,-634420.12
2026-12-01,Switzerland,DACH,Equipment,Production Costs,Budget,-221309.35
2026-12-01,Switzerland,DACH,Equipment,Personnel Costs,Budget,-177047.48
2026-12-01,Switzerland,DACH,Equipment,External Services,Budget,-59015.83
2026-12-01,Switzerland,DACH,Equipment,Travel Expenses,Budget,-17032.72
2026-12-01,Switzerland,DACH,Equipment,IT Expenses,Budget,-14895.77
2026-12-01,Switzerland,DACH,Equipment,Other Operating Expenses,Budget,-25977.52
2026-12-01,Switzerland,DACH,Equipment,Depreciation,Budget,-66392.8
2026-12-01,Switzerland,DACH,Equipment,Other Operating Income,Budget,5852.72
2026-12-01,Switzerland,DACH,Equipment,Revenue,Forecast,1458980.38
2026-12-01,Switzerland,DACH,Equipment,Material Costs,Forecast,-619599.65
2026-12-01,Switzerland,DACH,Equipment,Production Costs,Forecast,-216139.41
2026-12-01,Switzerland,DACH,Equipment,Personnel Costs,Forecast,-172911.53
2026-12-01,Switzerland,DACH,Equipment,External Services,Forecast,-57637.18
2026-12-01,Switzerland,DACH,Equipment,Travel Expenses,Forecast,-17939.69
2026-12-01,Switzerland,DACH,Equipment,IT Expenses,Forecast,-14345.58
2026-12-01,Switzerland,DACH,Equipment,Other Operating Expenses,Forecast,-26624.03
2026-12-01,Switzerland,DACH,Equipment,Depreciation,Forecast,-65654.12
2026-12-01,Switzerland,DACH,Equipment,Other Operating Income,Forecast,5755.6
